Temperature (K)	Pressure (MPa)	Density (l, mol/l)	Volume (l, l/mol)	Internal Energy (l, kJ/mol)	Enthalpy (l, kJ/mol)	Entropy (l, J/mol*K)	Cv (l, J/mol*K)	Cp (l, J/mol*K)	Sound Spd. (l, m/s)	Joule-Thomson (l, K/MPa)	Viscosity (l, uPa*s)	Therm. Cond. (l, W/m*K)	Surf. Tension (l, N/m)	Density (v, mol/l)	Volume (v, l/mol)	Internal Energy (v, kJ/mol)	Enthalpy (v, kJ/mol)	Entropy (v, J/mol*K)	Cv (v, J/mol*K)	Cp (v, J/mol*K)	Sound Spd. (v, m/s)	Joule-Thomson (v, K/MPa)	Viscosity (v, uPa*s)	Therm. Cond. (v, W/m*K)
273.1600	0.0006116544	55.49696	0.01801901	-7.342570e-13	1.102140e-05	-2.628934e-12	75.97816	76.02284	1402.272	-0.2414213	1791.358	0.5555985	0.07564627	0.0002694701	3710.987	42.78481	45.05466	164.9387	25.55256	33.94711	408.9995	592.6468	8.945781	0.01676058
273.7832	0.0006399175	55.49911	0.01801831	0.04736751	0.04737904	0.1732082	75.95341	75.98475	1405.392	-0.2408137	1753.123	0.5571847	0.07555908	0.0002812844	3555.121	42.80027	45.07525	164.6386	25.56185	33.95824	409.4515	580.9745	8.963621	0.01680058
274.4065	0.0006693312	55.50088	0.01801773	0.09471183	0.09472389	0.3459380	75.92791	75.94842	1408.466	-0.2402139	1716.177	0.5587493	0.07547166	0.0002935505	3406.569	42.81572	45.09585	164.3403	25.57118	33.96944	409.9028	569.5464	8.981520	0.01684067
275.0297	0.0006999364	55.50228	0.01801728	0.1420340	0.1420466	0.5181954	75.90169	75.91376	1411.495	-0.2396218	1680.462	0.5602927	0.07538401	0.0003062828	3264.956	42.83117	45.11643	164.0438	25.58055	33.98072	410.3535	558.3587	8.999476	0.01688084
275.6529	0.0007317743	55.50331	0.01801694	0.1893351	0.1893483	0.6899863	75.87475	75.88069	1414.481	-0.2390371	1645.923	0.5618158	0.07529613	0.0003194964	3129.925	42.84662	45.13702	163.7489	25.58997	33.99206	410.8035	547.4071	9.017489	0.01692110
276.2761	0.0007648871	55.50397	0.01801673	0.2366161	0.2366299	0.8613163	75.84714	75.84913	1417.422	-0.2384596	1612.507	0.5633188	0.07520802	0.0003332066	3001.141	42.86206	45.15760	163.4558	25.59943	34.00347	411.2529	536.6877	9.035560	0.01696145
276.8994	0.0007993191	55.50429	0.01801663	0.2838778	0.2838922	1.032191	75.81885	75.81901	1420.320	-0.2378891	1580.164	0.5648025	0.07511968	0.0003474289	2878.287	42.87750	45.17817	163.1643	25.60894	34.01495	411.7016	526.1965	9.053686	0.01700188
277.5226	0.0008351148	55.50425	0.01801664	0.3311212	0.3311363	1.202615	75.78991	75.79027	1423.176	-0.2373253	1548.849	0.5662673	0.07503111	0.0003621795	2761.062	42.89293	45.19874	162.8745	25.61848	34.02650	412.1497	515.9294	9.071868	0.01704240
278.1458	0.0008723203	55.50388	0.01801676	0.3783471	0.3783629	1.372594	75.76034	75.76284	1425.989	-0.2367681	1518.517	0.5677136	0.07494231	0.0003774749	2649.183	42.90836	45.21930	162.5864	25.62806	34.03811	412.5971	505.8827	9.090104	0.01708301
278.7690	0.0009109830	55.50318	0.01801699	0.4255563	0.4255728	1.542132	75.73015	75.73667	1428.761	-0.2362173	1489.127	0.5691421	0.07485328	0.0003933319	2542.382	42.92379	45.23986	162.2999	25.63768	34.04978	413.0439	496.0522	9.108394	0.01712370
279.3923	0.0009511518	55.50214	0.01801732	0.4727496	0.4727667	1.711235	75.69936	75.71170	1431.492	-0.2356727	1460.639	0.5705530	0.07476403	0.0004097678	2440.406	42.93921	45.26041	162.0150	25.64733	34.06151	413.4901	486.4340	9.126737	0.01716448
280.0155	0.0009928770	55.50079	0.01801776	0.5199277	0.5199456	1.879906	75.66798	75.68788	1434.181	-0.2351341	1433.015	0.5719468	0.07467455	0.0004268004	2343.016	42.95463	45.28096	161.7318	25.65702	34.07331	413.9356	477.0244	9.145134	0.01720535
280.6387	0.001036209	55.49912	0.01801831	0.5670912	0.5671099	2.048151	75.63602	75.66515	1436.831	-0.2346014	1406.220	0.5733239	0.07458484	0.0004444477	2249.984	42.97005	45.30150	161.4502	25.66674	34.08517	414.3805	467.8194	9.163582	0.01724630
281.2619	0.001081201	55.49714	0.01801895	0.6142409	0.6142604	2.215973	75.60351	75.64347	1439.441	-0.2340743	1380.220	0.5746848	0.07449490	0.0004627283	2161.095	42.98546	45.32204	161.1702	25.67649	34.09708	414.8247	458.8152	9.182082	0.01728734
281.8852	0.001127908	55.49485	0.01801969	0.6613775	0.6613978	2.383377	75.57045	75.62280	1442.012	-0.2335527	1354.984	0.5760298	0.07440473	0.0004816612	2076.148	43.00086	45.34257	160.8918	25.68627	34.10906	415.2684	450.0080	9.200633	0.01732847
282.5084	0.001176385	55.49227	0.01802053	0.7085014	0.7085226	2.550367	75.53685	75.60309	1444.544	-0.2330365	1330.481	0.5773592	0.07431434	0.0005012658	1994.950	43.01626	45.36309	160.6149	25.69609	34.12109	415.7114	441.3941	9.219234	0.01736968
283.1316	0.001226688	55.48939	0.01802146	0.7556133	0.7556354	2.716946	75.50272	75.58430	1447.037	-0.2325255	1306.681	0.5786734	0.07422372	0.0005215620	1917.317	43.03166	45.38361	160.3397	25.70593	34.13318	416.1537	432.9697	9.237885	0.01741098
283.7549	0.001278876	55.48622	0.01802249	0.8027138	0.8027369	2.883119	75.46808	75.56640	1449.493	-0.2320196	1283.559	0.5799728	0.07413287	0.0005425702	1843.079	43.04705	45.40412	160.0659	25.71580	34.14532	416.5955	424.7311	9.256585	0.01745237
284.3781	0.001333010	55.48277	0.01802361	0.8498034	0.8498275	3.048889	75.43294	75.54935	1451.911	-0.2315186	1261.087	0.5812576	0.07404180	0.0005643112	1772.072	43.06244	45.42463	159.7937	25.72570	34.15753	417.0366	416.6746	9.275334	0.01749385
285.0013	0.001389150	55.47904	0.01802482	0.8968827	0.8969077	3.214259	75.39731	75.53311	1454.291	-0.2310223	1239.240	0.5825282	0.07395050	0.0005868062	1704.140	43.07782	45.44513	159.5231	25.73562	34.16979	417.4771	408.7967	9.294130	0.01753542
285.6245	0.001447361	55.47504	0.01802613	0.9439520	0.9439781	3.379234	75.36120	75.51765	1456.635	-0.2305308	1217.996	0.5837849	0.07385898	0.0006100771	1639.137	43.09320	45.46562	159.2539	25.74557	34.18210	417.9170	401.0938	9.312974	0.01757707
286.2478	0.001507706	55.47076	0.01802752	0.9910120	0.9910392	3.543816	75.32461	75.50294	1458.943	-0.2300437	1197.331	0.5850279	0.07376723	0.0006341460	1576.924	43.10857	45.48611	158.9863	25.75555	34.19447	418.3562	393.5623	9.331865	0.01761881
286.8710	0.001570251	55.46622	0.01802899	1.038063	1.038091	3.708009	75.28755	75.48895	1461.215	-0.2295611	1177.224	0.5862575	0.07367526	0.0006590357	1517.368	43.12394	45.50659	158.7202	25.76555	34.20690	418.7948	386.1987	9.350802	0.01766064
287.4942	0.001635066	55.46141	0.01803055	1.085105	1.085135	3.871816	75.25004	75.47565	1463.451	-0.2290828	1157.655	0.5874740	0.07358306	0.0006847695	1460.345	43.13930	45.52706	158.4555	25.77558	34.21938	419.2328	378.9997	9.369785	0.01770256
288.1174	0.001702219	55.45635	0.01803220	1.132140	1.132171	4.035240	75.21209	75.46302	1465.652	-0.2286087	1138.604	0.5886777	0.07349064	0.0007113710	1405.736	43.15466	45.54753	158.1924	25.78563	34.23192	419.6702	371.9617	9.388814	0.01774457
288.7407	0.001771782	55.45103	0.01803393	1.179167	1.179199	4.198284	75.17369	75.45102	1467.819	-0.2281386	1120.052	0.5898687	0.07339799	0.0007388646	1353.428	43.17001	45.56799	157.9307	25.79571	34.24452	420.1070	365.0814	9.407886	0.01778667
289.3639	0.001843827	55.44546	0.01803574	1.226186	1.226219	4.360952	75.13486	75.43964	1469.951	-0.2276725	1101.982	0.5910474	0.07330512	0.0007672750	1303.314	43.18536	45.58845	157.6704	25.80581	34.25717	420.5432	358.3555	9.427004	0.01782886
289.9871	0.001918430	55.43964	0.01803763	1.273199	1.273233	4.523246	75.09561	75.42885	1472.048	-0.2272102	1084.377	0.5922139	0.07321203	0.0007966275	1255.292	43.20070	45.60889	157.4116	25.81594	34.26988	420.9787	351.7808	9.446164	0.01787114
290.6103	0.001995667	55.43358	0.01803961	1.320205	1.320241	4.685169	75.05594	75.41862	1474.113	-0.2267517	1067.219	0.5933684	0.07311871	0.0008269479	1209.266	43.21604	45.62933	157.1542	25.82609	34.28265	421.4136	345.3539	9.465368	0.01791350
291.2336	0.002075616	55.42728	0.01804166	1.367204	1.367242	4.846724	75.01586	75.40894	1476.143	-0.2262969	1050.495	0.5945113	0.07302517	0.0008582627	1165.144	43.23137	45.64976	156.8983	25.83626	34.29547	421.8479	339.0718	9.484615	0.01795596
291.8568	0.002158359	55.42075	0.01804378	1.414198	1.414237	5.007913	74.97537	75.39979	1478.141	-0.2258457	1034.189	0.5956425	0.07293141	0.0008905987	1122.840	43.24669	45.67019	156.6437	25.84647	34.30836	422.2815	332.9312	9.503903	0.01799851
292.4800	0.002243976	55.41397	0.01804599	1.461187	1.461227	5.168739	74.93449	75.39114	1480.106	-0.2253979	1018.287	0.5967625	0.07283742	0.0009239835	1082.270	43.26201	45.69060	156.3906	25.85669	34.32130	422.7146	326.9292	9.523234	0.01804115
293.1033	0.002332553	55.40697	0.01804827	1.508170	1.508212	5.329205	74.89322	75.38297	1482.039	-0.2249535	1002.775	0.5978713	0.07274322	0.0009584451	1043.357	43.27733	45.71101	156.1389	25.86694	34.33431	423.1470	321.0626	9.542605	0.01808388
293.7265	0.002424174	55.39974	0.01805063	1.555148	1.555192	5.489313	74.85156	75.37527	1483.939	-0.2245124	987.6400	0.5989691	0.07264879	0.0009940120	1006.024	43.29264	45.73141	155.8885	25.87722	34.34738	423.5788	315.3285	9.562017	0.01812670
294.3497	0.002518929	55.39229	0.01805306	1.602121	1.602167	5.649067	74.80952	75.36802	1485.808	-0.2240745	972.8699	0.6000562	0.07255414	0.001030714	970.2017	43.30794	45.75181	155.6395	25.88753	34.36051	424.0100	309.7239	9.581469	0.01816961
294.9729	0.002616906	55.38461	0.01805556	1.649090	1.649138	5.808467	74.76711	75.36121	1487.646	-0.2236398	958.4526	0.6011326	0.07245926	0.001068579	935.8219	43.32323	45.77219	155.3919	25.89786	34.37370	424.4405	304.2459	9.600961	0.01821262
295.5962	0.002718199	55.37671	0.01805813	1.696055	1.696104	5.967517	74.72433	75.35481	1489.452	-0.2232081	944.3767	0.6021985	0.07236417	0.001107640	902.8204	43.33852	45.79257	155.1456	25.90822	34.38696	424.8705	298.8918	9.620492	0.01825572
296.2194	0.002822900	55.36860	0.01806078	1.743016	1.743067	6.126219	74.68119	75.34881	1491.228	-0.2227794	930.6311	0.6032541	0.07226886	0.001147926	871.1361	43.35381	45.81294	154.9006	25.91861	34.40029	425.2998	293.6586	9.640061	0.01829891
296.8426	0.002931107	55.36028	0.01806349	1.789974	1.790027	6.284575	74.63769	75.34321	1492.973	-0.2223537	917.2054	0.6042996	0.07217333	0.001189470	840.7107	43.36908	45.83330	154.6570	25.92903	34.41368	425.7284	288.5437	9.659669	0.01834219
297.4658	0.003042918	55.35174	0.01806628	1.836928	1.836983	6.442587	74.59384	75.33797	1494.688	-0.2219307	904.0894	0.6053351	0.07207757	0.001232303	811.4889	43.38435	45.85365	154.4148	25.93948	34.42715	426.1564	283.5444	9.679315	0.01838557
298.0891	0.003158433	55.34300	0.01806913	1.883879	1.883936	6.600259	74.54964	75.33309	1496.374	-0.2215105	891.2735	0.6063606	0.07198160	0.001276458	783.4180	43.39962	45.87399	154.1738	25.94997	34.44068	426.5838	278.6579	9.698998	0.01842904
298.7123	0.003277754	55.33405	0.01807206	1.930827	1.930886	6.757591	74.50510	75.32857	1498.029	-0.2210930	878.7482	0.6073764	0.07188541	0.001321969	756.4476	43.41487	45.89432	153.9341	25.96048	34.45429	427.0106	273.8818	9.718717	0.01847261
299.3355	0.003400987	55.32490	0.01807505	1.977772	1.977834	6.914586	74.46022	75.32437	1499.656	-0.2206782	866.5047	0.6083826	0.07178900	0.001368869	730.5301	43.43012	45.91465	153.6957	25.97103	34.46797	427.4367	269.2135	9.738474	0.01851627
299.9587	0.003528239	55.31554	0.01807810	2.024715	2.024779	7.071246	74.41501	75.32050	1501.253	-0.2202658	854.5343	0.6093793	0.07169237	0.001417194	705.6198	43.44537	45.93496	153.4586	25.98161	34.48173	427.8622	264.6503	9.758266	0.01856002
300.5820	0.003659619	55.30599	0.01808122	2.071655	2.071722	7.227573	74.36948	75.31694	1502.822	-0.2198560	842.8288	0.6103667	0.07159552	0.001466978	681.6734	43.46060	45.95527	153.2228	25.99223	34.49557	428.2870	260.1900	9.778093	0.01860387
301.2052	0.003795239	55.29624	0.01808441	2.118594	2.118662	7.383570	74.32362	75.31368	1504.362	-0.2194486	831.3801	0.6113448	0.07149845	0.001518258	658.6494	43.47583	45.97556	152.9883	26.00289	34.50949	428.7112	255.8301	9.797956	0.01864782
301.8284	0.003935213	55.28630	0.01808766	2.165530	2.165601	7.539237	74.27744	75.31071	1505.874	-0.2190436	820.1808	0.6123137	0.07140117	0.001571071	636.5085	43.49105	45.99585	152.7550	26.01358	34.52349	429.1348	251.5682	9.817853	0.01869186
302.4517	0.004079657	55.27616	0.01809098	2.212465	2.212538	7.694578	74.23094	75.30802	1507.359	-0.2186409	809.2233	0.6132736	0.07130366	0.001625453	615.2131	43.50626	46.01612	152.5230	26.02432	34.53758	429.5577	247.4020	9.837785	0.01873600
303.0749	0.004228691	55.26583	0.01809436	2.259397	2.259474	7.849593	74.18414	75.30560	1508.815	-0.2182405	798.5007	0.6142246	0.07120594	0.001681443	594.7273	43.52147	46.03639	152.2922	26.03510	34.55175	429.9799	243.3293	9.857750	0.01878024
303.6981	0.004382436	55.25532	0.01809780	2.306329	2.306408	8.004285	74.13704	75.30344	1510.244	-0.2178422	788.0061	0.6151668	0.07110801	0.001739079	575.0170	43.53667	46.05665	152.0626	26.04592	34.56602	430.4015	239.3478	9.877748	0.01882458
304.3213	0.004541015	55.24462	0.01810131	2.353259	2.353341	8.158656	74.08963	75.30154	1511.647	-0.2174461	777.7328	0.6161002	0.07100985	0.001798401	556.0496	43.55186	46.07689	151.8343	26.05678	34.58037	430.8224	235.4554	9.897780	0.01886901
304.9446	0.004704556	55.23374	0.01810488	2.400188	2.400273	8.312708	74.04193	75.29988	1513.022	-0.2170521	767.6747	0.6170251	0.07091148	0.001859448	537.7940	43.56704	46.09713	151.6071	26.06770	34.59482	431.2427	231.6499	9.917844	0.01891355
305.5678	0.004873186	55.22267	0.01810850	2.447116	2.447205	8.466441	73.99393	75.29845	1514.371	-0.2166601	757.8255	0.6179413	0.07081290	0.001922262	520.2205	43.58222	46.11735	151.3812	26.07866	34.60937	431.6623	227.9292	9.937940	0.01895818
306.1910	0.005047037	55.21143	0.01811219	2.494044	2.494135	8.619859	73.94565	75.29725	1515.693	-0.2162701	748.1795	0.6188492	0.07071410	0.001986884	503.3007	43.59739	46.13756	151.1565	26.08967	34.62401	432.0812	224.2913	9.958067	0.01900291
306.8142	0.005226244	55.20000	0.01811594	2.540970	2.541065	8.772962	73.89709	75.29628	1516.989	-0.2158820	738.7308	0.6197486	0.07061508	0.002053356	487.0077	43.61254	46.15777	150.9329	26.10073	34.63876	432.4995	220.7343	9.978226	0.01904774
307.4375	0.005410942	55.18840	0.01811975	2.587896	2.587994	8.925753	73.84824	75.29552	1518.260	-0.2154958	729.4742	0.6206398	0.07051585	0.002121720	471.3156	43.62770	46.17796	150.7106	26.11184	34.65361	432.9171	217.2560	9.998416	0.01909268
308.0607	0.005601273	55.17663	0.01812362	2.634822	2.634923	9.078234	73.79912	75.29496	1519.504	-0.2151114	720.4042	0.6215228	0.07041640	0.002192022	456.1998	43.64284	46.19814	150.4894	26.12302	34.66856	433.3340	213.8548	10.01864	0.01913771
308.6839	0.005797377	55.16468	0.01812754	2.681747	2.681852	9.230405	73.74974	75.29461	1520.724	-0.2147287	711.5158	0.6223976	0.07031674	0.002264304	441.6368	43.65797	46.21830	150.2693	26.13424	34.68363	433.7502	210.5286	10.03889	0.01918285
309.3071	0.005999399	55.15256	0.01813153	2.728672	2.728781	9.382268	73.70008	75.29445	1521.918	-0.2143479	702.8041	0.6232645	0.07021686	0.002338613	427.6040	43.67309	46.23846	150.0505	26.14553	34.69881	434.1657	207.2756	10.05917	0.01922809
309.9304	0.006207487	55.14027	0.01813557	2.775597	2.775710	9.533826	73.65016	75.29448	1523.087	-0.2139686	694.2643	0.6241233	0.07011678	0.002414993	414.0799	43.68821	46.25861	149.8327	26.15688	34.71410	434.5805	204.0941	10.07947	0.01927343
310.5536	0.006421792	55.12781	0.01813967	2.822523	2.822639	9.685079	73.59998	75.29469	1524.232	-0.2135911	685.8918	0.6249742	0.07001647	0.002493491	401.0441	43.70332	46.27874	149.6162	26.16829	34.72952	434.9947	200.9823	10.09981	0.01931888
311.1768	0.006642467	55.11518	0.01814382	2.869448	2.869568	9.836030	73.54955	75.29509	1525.352	-0.2132151	677.6822	0.6258174	0.06991596	0.002574156	388.4769	43.71841	46.29886	149.4007	26.17977	34.74505	435.4081	197.9386	10.12018	0.01936443
311.8001	0.006869668	55.10239	0.01814803	2.916373	2.916498	9.986680	73.49887	75.29565	1526.448	-0.2128407	669.6313	0.6266527	0.06981523	0.002657034	376.3595	43.73350	46.31897	149.1864	26.19131	34.76071	435.8209	194.9611	10.14057	0.01941009
312.4233	0.007103554	55.08944	0.01815230	2.963299	2.963428	10.13703	73.44795	75.29639	1527.520	-0.2124677	661.7349	0.6274803	0.06971428	0.002742176	364.6739	43.74858	46.33906	148.9731	26.20292	34.77650	436.2329	192.0484	10.16100	0.01945585
313.0465	0.007344287	55.07632	0.01815662	3.010226	3.010359	10.28708	73.39678	75.29728	1528.569	-0.2120963	653.9889	0.6283003	0.06961313	0.002829629	353.4032	43.76365	46.35914	148.7610	26.21461	34.79241	436.6442	189.1989	10.18144	0.01950172
313.6697	0.007592033	55.06304	0.01816100	3.057153	3.057291	10.43684	73.34537	75.29834	1529.593	-0.2117262	646.3896	0.6291128	0.06951176	0.002919446	342.5307	43.77871	46.37921	148.5500	26.22636	34.80846	437.0548	186.4108	10.20192	0.01954770
314.2930	0.007846958	55.04960	0.01816544	3.104080	3.104223	10.58630	73.29373	75.29956	1530.595	-0.2113575	638.9332	0.6299177	0.06941019	0.003011677	332.0409	43.79376	46.39927	148.3401	26.23820	34.82465	437.4647	183.6829	10.22242	0.01959378
314.9162	0.008109234	55.03601	0.01816992	3.151009	3.151156	10.73546	73.24186	75.30092	1531.573	-0.2109902	631.6160	0.6307151	0.06930840	0.003106374	321.9187	43.80880	46.41931	148.1312	26.25011	34.84097	437.8739	181.0136	10.24295	0.01963997
315.5394	0.008379036	55.02226	0.01817446	3.197938	3.198091	10.88434	73.18976	75.30243	1532.528	-0.2106241	624.4345	0.6315052	0.06920640	0.003203590	312.1498	43.82383	46.43934	147.9235	26.26210	34.85744	438.2823	178.4013	10.26351	0.01968627
316.1626	0.008656540	55.00835	0.01817906	3.244869	3.245026	11.03292	73.13745	75.30409	1533.460	-0.2102593	617.3854	0.6322878	0.06910419	0.003303379	302.7203	43.83885	46.45936	147.7168	26.27417	34.87405	438.6900	175.8448	10.28409	0.01973269
316.7859	0.008941927	54.99429	0.01818371	3.291800	3.291963	11.18122	73.08491	75.30589	1534.370	-0.2098957	610.4654	0.6330632	0.06900176	0.003405795	293.6172	43.85386	46.47936	147.5112	26.28633	34.89081	439.0970	173.3427	10.30469	0.01977921
317.4091	0.009235381	54.98007	0.01818841	3.338732	3.338900	11.32922	73.03216	75.30783	1535.258	-0.2095333	603.6713	0.6338314	0.06889913	0.003510894	284.8278	43.86885	46.49935	147.3066	26.29858	34.90773	439.5032	170.8936	10.32532	0.01982584
318.0323	0.009537088	54.96571	0.01819316	3.385666	3.385840	11.47694	72.97920	75.30990	1536.123	-0.2091721	596.9999	0.6345923	0.06879629	0.003618731	276.3400	43.88384	46.51932	147.1030	26.31091	34.92480	439.9087	168.4962	10.34598	0.01987259
318.6555	0.009847237	54.95119	0.01819797	3.432601	3.432780	11.62438	72.92603	75.31210	1536.967	-0.2088119	590.4484	0.6353461	0.06869324	0.003729364	268.1422	43.89882	46.53928	146.9005	26.32334	34.94202	440.3134	166.1492	10.36666	0.01991945
319.2788	0.01016602	54.93653	0.01820283	3.479538	3.479723	11.77153	72.87266	75.31444	1537.789	-0.2084528	584.0138	0.6360928	0.06858998	0.003842850	260.2235	43.91378	46.55922	146.6991	26.33586	34.95942	440.7174	163.8514	10.38736	0.01996642
319.9020	0.01049364	54.92171	0.01820773	3.526475	3.526666	11.91840	72.81909	75.31690	1538.589	-0.2080947	577.6934	0.6368324	0.06848651	0.003959249	252.5732	43.92874	46.57915	146.4986	26.34847	34.97697	441.1206	161.6016	10.40808	0.02001350
320.5252	0.01083029	54.90675	0.01821270	3.573415	3.573612	12.06499	72.76533	75.31949	1539.368	-0.2077376	571.4843	0.6375650	0.06838283	0.004078619	245.1810	43.94368	46.59907	146.2992	26.36118	34.99470	441.5230	159.3985	10.42883	0.02006071
321.1485	0.01117618	54.89165	0.01821771	3.620356	3.620559	12.21130	72.71138	75.32219	1540.125	-0.2073815	565.3840	0.6382907	0.06827895	0.004201021	238.0374	43.95861	46.61896	146.1008	26.37400	35.01259	441.9246	157.2411	10.44960	0.02010803
321.7717	0.01153151	54.87640	0.01822277	3.667299	3.667509	12.35733	72.65724	75.32502	1540.862	-0.2070263	559.3899	0.6390094	0.06817485	0.004326515	231.1329	43.97354	46.63885	145.9034	26.38691	35.03067	442.3255	155.1282	10.47039	0.02015546
322.3949	0.01189650	54.86100	0.01822788	3.714243	3.714460	12.50308	72.60292	75.32797	1541.578	-0.2066720	553.4995	0.6397213	0.06807055	0.004455166	224.4585	43.98844	46.65871	145.7070	26.39993	35.04892	442.7256	153.0588	10.49121	0.02020301
323.0181	0.01227135	54.84547	0.01823305	3.761189	3.761413	12.64856	72.54842	75.33104	1542.273	-0.2063185	547.7105	0.6404262	0.06796605	0.004587034	218.0058	44.00334	46.67857	145.5115	26.41306	35.06735	443.1249	151.0316	10.51205	0.02025068
323.6414	0.01265628	54.82979	0.01823826	3.808137	3.808368	12.79376	72.49374	75.33422	1542.948	-0.2059658	542.0204	0.6411244	0.06786133	0.004722184	211.7664	44.01823	46.69840	145.3171	26.42630	35.08597	443.5235	149.0458	10.53290	0.02029848
324.2646	0.01305152	54.81397	0.01824352	3.855088	3.855326	12.93869	72.43889	75.33752	1543.602	-0.2056140	536.4270	0.6418158	0.06775641	0.004860682	205.7325	44.03310	46.71822	145.1236	26.43965	35.10478	443.9212	147.1003	10.55378	0.02034639
324.8878	0.01345728	54.79801	0.01824884	3.902040	3.902285	13.08334	72.38388	75.34093	1544.236	-0.2052629	530.9282	0.6425005	0.06765128	0.005002591	199.8964	44.04796	46.73802	144.9311	26.45311	35.12378	444.3181	145.1940	10.57468	0.02039442
325.5110	0.01387381	54.78191	0.01825420	3.948994	3.949247	13.22773	72.32870	75.34445	1544.851	-0.2049125	525.5217	0.6431785	0.06754595	0.005147980	194.2510	44.06281	46.75781	144.7396	26.46669	35.14298	444.7143	143.3261	10.59560	0.02044257
326.1343	0.01430132	54.76568	0.01825961	3.995951	3.996212	13.37185	72.27336	75.34808	1545.445	-0.2045628	520.2054	0.6438499	0.06744041	0.005296914	188.7892	44.07764	46.77757	144.5490	26.48039	35.16237	445.1096	141.4956	10.61654	0.02049085
326.7575	0.01474005	54.74931	0.01826507	4.042909	4.043179	13.51570	72.21787	75.35182	1546.020	-0.2042137	514.9775	0.6445146	0.06733466	0.005449464	183.5043	44.09246	46.79732	144.3594	26.49422	35.18197	445.5041	139.7016	10.63750	0.02053925
327.3807	0.01519024	54.73280	0.01827058	4.089870	4.090148	13.65928	72.16222	75.35566	1546.576	-0.2038653	509.8358	0.6451727	0.06722871	0.005605697	178.3899	44.10727	46.81706	144.1707	26.50816	35.20178	445.8977	137.9431	10.65848	0.02058778
328.0039	0.01565214	54.71616	0.01827614	4.136834	4.137120	13.80259	72.10642	75.35962	1547.112	-0.2035175	504.7786	0.6458242	0.06712256	0.005765685	173.4399	44.12207	46.83677	143.9829	26.52223	35.22179	446.2906	136.2194	10.67947	0.02063643
328.6272	0.01612598	54.69939	0.01828174	4.183800	4.184095	13.94565	72.05048	75.36368	1547.629	-0.2031702	499.8039	0.6464693	0.06701620	0.005929497	168.6484	44.13685	46.85647	143.7961	26.53643	35.24202	446.6826	134.5296	10.70049	0.02068521
329.2504	0.01661203	54.68248	0.01828739	4.230768	4.231072	14.08843	71.99440	75.36785	1548.127	-0.2028235	494.9099	0.6471078	0.06690964	0.006097207	164.0095	44.15162	46.87615	143.6102	26.55076	35.26246	447.0738	132.8728	10.72152	0.02073411
329.8736	0.01711053	54.66544	0.01829309	4.277739	4.278052	14.23096	71.93818	75.37213	1548.606	-0.2024773	490.0950	0.6477399	0.06680287	0.006268887	159.5179	44.16638	46.89581	143.4252	26.56522	35.28313	447.4641	131.2483	10.74258	0.02078315
330.4969	0.01762174	54.64827	0.01829884	4.324713	4.325035	14.37322	71.88182	75.37650	1549.067	-0.2021315	485.3573	0.6483655	0.06669591	0.006444611	155.1684	44.18112	46.91545	143.2411	26.57982	35.30402	447.8536	129.6553	10.76365	0.02083231
331.1201	0.01814592	54.63097	0.01830464	4.371689	4.372021	14.51523	71.82534	75.38099	1549.509	-0.2017862	480.6953	0.6489848	0.06658873	0.006624454	150.9558	44.19584	46.93508	143.0579	26.59456	35.32514	448.2422	128.0929	10.78473	0.02088161
331.7433	0.01868334	54.61354	0.01831048	4.418668	4.419010	14.65698	71.76873	75.38558	1549.933	-0.2014413	476.1072	0.6495977	0.06648136	0.006808491	146.8754	44.21056	46.95468	142.8756	26.60943	35.34648	448.6300	126.5606	10.80584	0.02093104
332.3665	0.01923427	54.59598	0.01831637	4.465650	4.466002	14.79846	71.71199	75.39027	1550.338	-0.2010969	471.5917	0.6502042	0.06637378	0.006996800	142.9225	44.22526	46.97427	142.6942	26.62445	35.36806	449.0169	125.0575	10.82696	0.02098060
332.9898	0.01979898	54.57829	0.01832230	4.512635	4.512998	14.93970	71.65514	75.39506	1550.726	-0.2007527	467.1470	0.6508044	0.06626601	0.007189458	139.0926	44.23994	46.99383	142.5137	26.63961	35.38988	449.4029	123.5830	10.84809	0.02103029
333.6130	0.02037775	54.56047	0.01832829	4.559623	4.559996	15.08067	71.59817	75.39996	1551.095	-0.2004089	462.7718	0.6513983	0.06615803	0.007386543	135.3813	44.25461	47.01338	142.3341	26.65492	35.41194	449.7881	122.1363	10.86925	0.02108012
334.2362	0.02097085	54.54253	0.01833432	4.606613	4.606998	15.22140	71.54108	75.40496	1551.447	-0.2000654	458.4646	0.6519860	0.06604985	0.007588136	131.7847	44.26927	47.03290	142.1553	26.67038	35.43425	450.1724	120.7168	10.89042	0.02113008
334.8594	0.02157858	54.52447	0.01834039	4.653607	4.654003	15.36187	71.48389	75.41007	1551.781	-0.1997222	454.2239	0.6525674	0.06594146	0.007794316	128.2986	44.28391	47.05241	141.9774	26.68599	35.45680	450.5558	119.3239	10.91160	0.02118018
335.4827	0.02220123	54.50627	0.01834651	4.700604	4.701012	15.50209	71.42659	75.41528	1552.098	-0.1993792	450.0485	0.6531427	0.06583288	0.008005167	124.9193	44.29853	47.07189	141.8004	26.70175	35.47961	450.9383	117.9569	10.93280	0.02123042
336.1059	0.02283908	54.48796	0.01835268	4.747605	4.748024	15.64205	71.36919	75.42059	1552.397	-0.1990365	445.9369	0.6537117	0.06572410	0.008220769	121.6431	44.31314	47.09136	141.6242	26.71767	35.50267	451.3199	116.6152	10.95402	0.02128080
336.7291	0.02349244	54.46952	0.01835889	4.794608	4.795039	15.78177	71.31169	75.42601	1552.679	-0.1986939	441.8879	0.6542746	0.06561512	0.008441207	118.4665	44.32773	47.11080	141.4488	26.73375	35.52599	451.7006	115.2983	10.97525	0.02133132
337.3523	0.02416160	54.45095	0.01836515	4.841615	4.842059	15.92124	71.25410	75.43153	1552.944	-0.1983515	437.9002	0.6548314	0.06550594	0.008666565	115.3860	44.34231	47.13022	141.2743	26.74999	35.54958	452.0804	114.0055	10.99649	0.02138197
337.9756	0.02484688	54.43227	0.01837146	4.888625	4.889081	16.06046	71.19641	75.43716	1553.192	-0.1980093	433.9726	0.6553820	0.06539656	0.008896929	112.3983	44.35687	47.14962	141.1007	26.76639	35.57343	452.4593	112.7362	11.01775	0.02143278
338.5988	0.02554858	54.41346	0.01837780	4.935639	4.936108	16.19944	71.13864	75.44289	1553.423	-0.1976672	430.1038	0.6559266	0.06528698	0.009132385	109.5004	44.37142	47.16900	140.9279	26.78295	35.59755	452.8373	111.4899	11.03902	0.02148372
339.2220	0.02626702	54.39454	0.01838420	4.982656	4.983139	16.33817	71.08078	75.44872	1553.637	-0.1973251	426.2928	0.6564651	0.06517720	0.009373020	106.6892	44.38595	47.18836	140.7559	26.79969	35.62194	453.2144	110.2662	11.06030	0.02153481
339.8453	0.02700251	54.37549	0.01839064	5.029677	5.030173	16.47666	71.02284	75.45466	1553.835	-0.1969832	422.5382	0.6569976	0.06506722	0.009618924	103.9617	44.40046	47.20769	140.5847	26.81659	35.64661	453.5905	109.0643	11.08160	0.02158604
340.4685	0.02775539	54.35632	0.01839712	5.076701	5.077212	16.61490	70.96481	75.46071	1554.017	-0.1966413	418.8391	0.6575240	0.06495705	0.009870186	101.3152	44.41496	47.22700	140.4143	26.83366	35.67157	453.9657	107.8839	11.10291	0.02163743
341.0917	0.02852597	54.33703	0.01840365	5.123729	5.124254	16.75290	70.90672	75.46686	1554.182	-0.1962993	415.1944	0.6580445	0.06484668	0.01012690	98.74694	44.42944	47.24629	140.2447	26.85091	35.69680	454.3400	106.7245	11.12424	0.02168896
341.7149	0.02931459	54.31763	0.01841023	5.170761	5.171301	16.89066	70.84855	75.47312	1554.331	-0.1959574	411.6029	0.6585590	0.06473611	0.01038915	96.25430	44.44390	47.26556	140.0760	26.86834	35.72233	454.7133	105.5855	11.14557	0.02174063
342.3382	0.03012158	54.29811	0.01841685	5.217797	5.218351	17.02819	70.79031	75.47949	1554.464	-0.1956155	408.0636	0.6590676	0.06462535	0.01065703	93.83478	44.45835	47.28480	139.9080	26.88594	35.74814	455.0857	104.4665	11.16692	0.02179246
342.9614	0.03094730	54.27847	0.01842351	5.264836	5.265406	17.16547	70.73201	75.48596	1554.580	-0.1952735	404.5756	0.6595702	0.06451439	0.01093064	91.48596	44.47278	47.30402	139.7408	26.90372	35.77426	455.4571	103.3671	11.18828	0.02184445
343.5846	0.03179207	54.25871	0.01843022	5.311880	5.312466	17.30251	70.67364	75.49254	1554.681	-0.1949314	401.1378	0.6600669	0.06440323	0.01121007	89.20552	44.48719	47.32321	139.5744	26.92169	35.80067	455.8275	102.2867	11.20965	0.02189658
344.2078	0.03265625	54.23884	0.01843697	5.358927	5.359530	17.43932	70.61521	75.49924	1554.767	-0.1945892	397.7493	0.6605578	0.06429188	0.01149542	86.99120	44.50158	47.34238	139.4088	26.93984	35.82738	456.1970	101.2250	11.23104	0.02194887
344.8311	0.03354020	54.21885	0.01844377	5.405979	5.406598	17.57589	70.55673	75.50604	1554.836	-0.1942469	394.4092	0.6610428	0.06418033	0.01178678	84.84084	44.51595	47.36153	139.2440	26.95818	35.85440	456.5656	100.1816	11.25243	0.02200131
345.4543	0.03444427	54.19875	0.01845061	5.453035	5.453671	17.71223	70.49819	75.51295	1554.890	-0.1939044	391.1165	0.6615219	0.06406859	0.01208425	82.75235	44.53031	47.38065	139.0799	26.97672	35.88174	456.9331	99.15592	11.27383	0.02205391
346.0775	0.03536882	54.17853	0.01845749	5.500095	5.500748	17.84834	70.43961	75.51998	1554.929	-0.1935618	387.8703	0.6619953	0.06395665	0.01238793	80.72373	44.54465	47.39975	138.9166	26.99544	35.90938	457.2997	98.14769	11.29525	0.02210667
346.7007	0.03631423	54.15820	0.01846442	5.547159	5.547830	17.98421	70.38097	75.52712	1554.952	-0.1932189	384.6698	0.6624628	0.06384452	0.01269792	78.75304	44.55897	47.41882	138.7540	27.01436	35.93735	457.6653	97.15648	11.31668	0.02215958
347.3240	0.03728086	54.13776	0.01847140	5.594228	5.594917	18.11985	70.32229	75.53437	1554.961	-0.1928759	381.5141	0.6629246	0.06373219	0.01301433	76.83840	44.57327	47.43787	138.5922	27.03347	35.96563	458.0298	96.18193	11.33811	0.02221266
347.9472	0.03826910	54.11720	0.01847841	5.641301	5.642009	18.25526	70.26357	75.54173	1554.954	-0.1925326	378.4024	0.6633806	0.06361967	0.01333724	74.97802	44.58755	47.45689	138.4312	27.05279	35.99425	458.3934	95.22364	11.35956	0.02226590
348.5704	0.03927932	54.09653	0.01848547	5.688379	5.689105	18.39044	70.20481	75.54921	1554.932	-0.1921890	375.3338	0.6638308	0.06350696	0.01366678	73.17015	44.60181	47.47589	138.2709	27.07230	36.02319	458.7560	94.28128	11.38101	0.02231930
349.1937	0.04031191	54.07575	0.01849258	5.735461	5.736207	18.52539	70.14601	75.55680	1554.896	-0.1918451	372.3076	0.6642754	0.06339406	0.01400303	71.41312	44.61605	47.49485	138.1113	27.09202	36.05246	459.1176	93.35447	11.40247	0.02237286
349.8169	0.04136726	54.05486	0.01849972	5.782548	5.783314	18.66012	70.08718	75.56451	1554.844	-0.1915009	369.3230	0.6647142	0.06328096	0.01434611	69.70532	44.63028	47.51380	137.9525	27.11195	36.08208	459.4782	92.44288	11.42395	0.02242659
350.4401	0.04244576	54.03386	0.01850691	5.829640	5.830425	18.79462	70.02832	75.57234	1554.778	-0.1911564	366.3792	0.6651474	0.06316767	0.01469612	68.04518	44.64448	47.53271	137.7944	27.13208	36.11203	459.8377	91.54618	11.44543	0.02248049
351.0633	0.04354783	54.01275	0.01851415	5.876736	5.877542	18.92889	69.96943	75.58029	1554.697	-0.1908116	363.4756	0.6655749	0.06305419	0.01505317	66.43119	44.65867	47.55160	137.6370	27.15242	36.14233	460.1962	90.66403	11.46692	0.02253456
351.6866	0.04467385	53.99152	0.01852143	5.923837	5.924665	19.06294	69.91052	75.58835	1554.602	-0.1904663	360.6113	0.6659967	0.06294052	0.01541737	64.86192	44.67283	47.57046	137.4803	27.17298	36.17298	460.5537	89.79613	11.48842	0.02258879
352.3098	0.04582424	53.97019	0.01852875	5.970944	5.971793	19.19677	69.85158	75.59654	1554.493	-0.1901207	357.7856	0.6664130	0.06282666	0.01578882	63.33594	44.68697	47.58929	137.3243	27.19376	36.20398	460.9102	88.94215	11.50992	0.02264320
352.9330	0.04699942	53.94875	0.01853611	6.018055	6.018926	19.33037	69.79263	75.60484	1554.369	-0.1897746	354.9979	0.6668236	0.06271261	0.01616765	61.85192	44.70109	47.60810	137.1691	27.21475	36.23534	461.2656	88.10181	11.53144	0.02269777
353.5562	0.04819981	53.92720	0.01854352	6.065171	6.066065	19.46375	69.73366	75.61327	1554.231	-0.1894281	352.2476	0.6672286	0.06259837	0.01655395	60.40854	44.71520	47.62688	137.0145	27.23596	36.26706	461.6200	87.27480	11.55296	0.02275252
354.1795	0.04942582	53.90554	0.01855097	6.112292	6.113209	19.59691	69.67467	75.62182	1554.080	-0.1890811	349.5338	0.6676281	0.06248393	0.01694785	59.00454	44.72928	47.64562	136.8607	27.25739	36.29914	461.9733	86.46083	11.57449	0.02280745
354.8027	0.05067789	53.88378	0.01855846	6.159419	6.160359	19.72986	69.61567	75.63050	1553.914	-0.1887336	346.8561	0.6680220	0.06236931	0.01734945	57.63871	44.74334	47.66434	136.7075	27.27905	36.33159	462.3255	85.65964	11.59602	0.02286255
355.4259	0.05195645	53.86190	0.01856600	6.206550	6.207515	19.86258	69.55667	75.63930	1553.734	-0.1883856	344.2136	0.6684104	0.06225450	0.01775888	56.30986	44.75737	47.68303	136.5550	27.30093	36.36442	462.6767	84.87094	11.61757	0.02291783
356.0491	0.05326195	53.83992	0.01857358	6.253688	6.254677	19.99509	69.49765	75.64822	1553.540	-0.1880371	341.6060	0.6687932	0.06213950	0.01817624	55.01687	44.77139	47.70170	136.4032	27.32305	36.39763	463.0268	84.09447	11.63911	0.02297329
356.6724	0.05459482	53.81784	0.01858120	6.300830	6.301845	20.12738	69.43863	75.65728	1553.333	-0.1876881	339.0324	0.6691706	0.06202431	0.01860166	53.75864	44.78538	47.72033	136.2521	27.34540	36.43121	463.3759	83.32997	11.66067	0.02302892
357.2956	0.05595551	53.79564	0.01858887	6.347978	6.349018	20.25945	69.37962	75.66646	1553.112	-0.1873385	336.4924	0.6695425	0.06190894	0.01903526	52.53410	44.79936	47.73893	136.1017	27.36798	36.46518	463.7239	82.57719	11.68223	0.02308474
357.9188	0.05734448	53.77335	0.01859657	6.395132	6.396198	20.39131	69.32060	75.67577	1552.878	-0.1869883	333.9854	0.6699089	0.06179337	0.01947714	51.34224	44.81331	47.75750	135.9519	27.39079	36.49955	464.0707	81.83588	11.70380	0.02314074
358.5421	0.05876218	53.75094	0.01860432	6.442291	6.443384	20.52296	69.26158	75.68521	1552.630	-0.1866374	331.5107	0.6702699	0.06167762	0.01992744	50.18205	44.82723	47.77604	135.8028	27.41385	36.53430	464.4165	81.10580	11.72537	0.02319693
359.1653	0.06020909	53.72843	0.01861212	6.489456	6.490577	20.65439	69.20257	75.69478	1552.368	-0.1862860	329.0679	0.6706254	0.06156169	0.02038628	49.05260	44.84114	47.79455	135.6543	27.43715	36.56946	464.7612	80.38671	11.74695	0.02325330
359.7885	0.06168566	53.70582	0.01861996	6.536627	6.537776	20.78561	69.14357	75.70449	1552.094	-0.1859339	326.6563	0.6709755	0.06144556	0.02085377	47.95295	44.85502	47.81303	135.5065	27.46069	36.60502	465.1048	79.67838	11.76854	0.02330986
360.4117	0.06319238	53.68311	0.01862783	6.583804	6.584981	20.91663	69.08457	75.71432	1551.806	-0.1855811	324.2756	0.6713203	0.06132925	0.02133005	46.88221	44.86888	47.83148	135.3593	27.48448	36.64098	465.4473	78.98060	11.79012	0.02336661
361.0350	0.06472971	53.66028	0.01863576	6.630987	6.632193	21.04743	69.02559	75.72430	1551.505	-0.1852276	321.9251	0.6716596	0.06121276	0.02181524	45.83952	44.88271	47.84989	135.2128	27.50852	36.67736	465.7887	78.29314	11.81172	0.02342355
361.6582	0.06629815	53.63736	0.01864372	6.678175	6.679411	21.17802	68.96662	75.73440	1551.191	-0.1848735	319.6043	0.6719936	0.06109608	0.02230946	44.82404	44.89652	47.86827	135.0669	27.53281	36.71415	466.1289	77.61579	11.83332	0.02348068
362.2814	0.06789818	53.61433	0.01865173	6.725370	6.726637	21.30840	68.90767	75.74465	1550.864	-0.1845185	317.3127	0.6723222	0.06097921	0.02281284	43.83496	44.91031	47.88663	134.9217	27.55735	36.75136	466.4680	76.94834	11.85492	0.02353800
362.9046	0.06953030	53.59120	0.01865978	6.772571	6.773869	21.43858	68.84874	75.75503	1550.525	-0.1841629	315.0499	0.6726455	0.06086217	0.02332551	42.87151	44.92407	47.90494	134.7771	27.58215	36.78900	466.8060	76.29058	11.87653	0.02359552
363.5279	0.07119501	53.56797	0.01866787	6.819779	6.821108	21.56856	68.78983	75.76555	1550.172	-0.1838064	312.8154	0.6729635	0.06074493	0.02384761	41.93293	44.93781	47.92323	134.6331	27.60720	36.82706	467.1429	75.64233	11.89814	0.02365323
364.1511	0.07289280	53.54464	0.01867601	6.866992	6.868354	21.69832	68.73094	75.77622	1549.807	-0.1834492	310.6086	0.6732762	0.06062751	0.02437925	41.01849	44.95153	47.94148	134.4898	27.63252	36.86556	467.4786	75.00338	11.91975	0.02371114
364.7743	0.07462420	53.52120	0.01868419	6.914213	6.915607	21.82788	68.67208	75.78702	1549.429	-0.1830912	308.4292	0.6735837	0.06050991	0.02492058	40.12748	44.96522	47.95970	134.3470	27.65810	36.90449	467.8132	74.37355	11.94137	0.02376925
365.3975	0.07638971	53.49766	0.01869241	6.961439	6.962867	21.95724	68.61325	75.79797	1549.038	-0.1827323	306.2767	0.6738858	0.06039213	0.02547172	39.25922	44.97888	47.97788	134.2049	27.68395	36.94387	468.1466	73.75264	11.96299	0.02382756
366.0208	0.07818986	53.47402	0.01870067	7.008673	7.010135	22.08640	68.55444	75.80906	1548.635	-0.1823726	304.1507	0.6741827	0.06027416	0.02603282	38.41305	44.99252	47.99603	134.0634	27.71007	36.98370	468.4788	73.14049	11.98462	0.02388607
366.6440	0.08002516	53.45028	0.01870898	7.055913	7.057410	22.21536	68.49567	75.82029	1548.220	-0.1820120	302.0506	0.6744744	0.06015602	0.02660400	37.58833	45.00613	48.01415	133.9225	27.73645	37.02397	468.8099	72.53692	12.00624	0.02394479
367.2672	0.08189616	53.42644	0.01871732	7.103160	7.104693	22.34411	68.43692	75.83167	1547.792	-0.1816505	299.9762	0.6747608	0.06003769	0.02718541	36.78444	45.01972	48.03223	133.7821	27.76312	37.06471	469.1398	71.94174	12.02787	0.02400371
367.8905	0.08380338	53.40250	0.01872572	7.150414	7.151983	22.47267	68.37822	75.84320	1547.352	-0.1812881	297.9270	0.6750421	0.05991918	0.02777717	36.00079	45.03328	48.05027	133.6424	27.79005	37.10590	469.4685	71.35480	12.04951	0.02406284
368.5137	0.08574737	53.37846	0.01873415	7.197674	7.199281	22.60103	68.31955	75.85487	1546.899	-0.1809248	295.9025	0.6753181	0.05980048	0.02837944	35.23678	45.04682	48.06828	133.5033	27.81727	37.14755	469.7961	70.77592	12.07114	0.02412217
369.1369	0.08772867	53.35432	0.01874263	7.244942	7.246586	22.72919	68.26092	75.86670	1546.435	-0.1805605	293.9024	0.6755890	0.05968161	0.02899235	34.49186	45.06033	48.08626	133.3647	27.84476	37.18968	470.1225	70.20495	12.09278	0.02418171
369.7601	0.08974783	53.33007	0.01875115	7.292217	7.293900	22.85715	68.20233	75.87867	1545.958	-0.1801952	291.9264	0.6758547	0.05956256	0.02961604	33.76549	45.07381	48.10419	133.2268	27.87254	37.23228	470.4476	69.64174	12.11442	0.02424147
370.3834	0.09180541	53.30573	0.01875971	7.339499	7.341221	22.98492	68.14378	75.89080	1545.470	-0.1798290	289.9739	0.6761153	0.05944333	0.03025065	33.05714	45.08727	48.12209	133.0894	27.90061	37.27536	470.7716	69.08611	12.13606	0.02430144
371.0066	0.09390198	53.28130	0.01876831	7.386788	7.388551	23.11249	68.08527	75.90308	1544.969	-0.1794618	288.0447	0.6763708	0.05932391	0.03089633	32.36630	45.10070	48.13996	132.9526	27.92896	37.31892	471.0943	68.53794	12.15771	0.02436162
371.6298	0.09603809	53.25676	0.01877696	7.434085	7.435889	23.23987	68.02682	75.91551	1544.457	-0.1790935	286.1383	0.6766212	0.05920432	0.03155323	31.69248	45.11410	48.15778	132.8164	27.95760	37.36297	471.4159	67.99706	12.17935	0.02442202
372.2530	0.09821433	53.23212	0.01878565	7.481390	7.483235	23.36705	67.96840	75.92810	1543.932	-0.1787242	284.2545	0.6768664	0.05908456	0.03222149	31.03519	45.12747	48.17557	132.6807	27.98654	37.40752	471.7362	67.46334	12.20100	0.02448263
372.8763	0.1004313	53.20739	0.01879438	7.528702	7.530589	23.49404	67.91004	75.94084	1543.396	-0.1783538	282.3928	0.6771066	0.05896461	0.03290125	30.39398	45.14082	48.19332	132.5456	28.01577	37.45256	472.0553	66.93664	12.22264	0.02454347
373.4995	0.1026895	53.18255	0.01880316	7.576021	7.577952	23.62084	67.85173	75.95374	1542.848	-0.1779824	280.5529	0.6773417	0.05884448	0.03359267	29.76840	45.15414	48.21104	132.4110	28.04531	37.49810	472.3732	66.41681	12.24429	0.02460452
374.1227	0.1049896	53.15762	0.01881198	7.623348	7.625324	23.74745	67.79347	75.96680	1542.289	-0.1776098	278.7345	0.6775718	0.05872418	0.03429590	29.15801	45.16742	48.22871	132.2770	28.07514	37.54415	472.6898	65.90372	12.26594	0.02466579
374.7459	0.1073321	53.13260	0.01882084	7.670684	7.672704	23.87387	67.73527	75.98002	1541.718	-0.1772362	276.9373	0.6777969	0.05860370	0.03501108	28.56239	45.18069	48.24635	132.1436	28.10527	37.59071	473.0052	65.39725	12.28759	0.02472729
375.3692	0.1097177	53.10747	0.01882974	7.718027	7.720093	24.00011	67.67712	75.99341	1541.135	-0.1768614	275.1608	0.6780169	0.05848305	0.03573837	27.98113	45.19392	48.26394	132.0107	28.13571	37.63779	473.3194	64.89726	12.30924	0.02478902
375.9924	0.1121470	53.08225	0.01883869	7.765378	7.767491	24.12615	67.61903	76.00695	1540.541	-0.1764854	273.4049	0.6782319	0.05836221	0.03647793	27.41384	45.20712	48.28150	131.8784	28.16646	37.68539	473.6323	64.40363	12.33089	0.02485097
376.6156	0.1146206	53.05693	0.01884768	7.812737	7.814898	24.25201	67.56100	76.02065	1539.936	-0.1761082	271.6691	0.6784419	0.05824121	0.03722990	26.86013	45.22029	48.29902	131.7465	28.19752	37.73351	473.9439	63.91623	12.35254	0.02491315
377.2389	0.1171391	53.03151	0.01885671	7.860105	7.862314	24.37768	67.50303	76.03452	1539.319	-0.1757299	269.9532	0.6786470	0.05812002	0.03799445	26.31964	45.23344	48.31649	131.6153	28.22889	37.78217	474.2543	63.43494	12.37419	0.02497555
377.8621	0.1197030	53.00600	0.01886579	7.907481	7.909739	24.50316	67.44512	76.04856	1538.691	-0.1753503	268.2569	0.6788471	0.05799867	0.03877173	25.79199	45.24655	48.33393	131.4845	28.26058	37.83136	474.5634	62.95965	12.39584	0.02503819
378.4853	0.1223132	52.98039	0.01887491	7.954865	7.957174	24.62846	67.38727	76.06276	1538.052	-0.1749695	266.5798	0.6790422	0.05787714	0.03956189	25.27685	45.25963	48.35133	131.3543	28.29258	37.88109	474.8712	62.49025	12.41750	0.02510107
379.1085	0.1249700	52.95468	0.01888407	8.002258	8.004618	24.75358	67.32949	76.07713	1537.401	-0.1745875	264.9217	0.6792325	0.05775543	0.04036511	24.77387	45.27269	48.36868	131.2246	28.32491	37.93136	475.1778	62.02660	12.43915	0.02516417
379.7318	0.1276744	52.92888	0.01889328	8.049659	8.052072	24.87851	67.27178	76.09167	1536.740	-0.1742042	263.2824	0.6794178	0.05763355	0.04118153	24.28273	45.28571	48.38599	131.0954	28.35755	37.98219	475.4831	61.56862	12.46079	0.02522752
380.3550	0.1304267	52.90299	0.01890252	8.097070	8.099535	25.00327	67.21413	76.10638	1536.067	-0.1738195	261.6614	0.6795982	0.05751150	0.04201133	23.80310	45.29870	48.40326	130.9667	28.39052	38.03356	475.7870	61.11619	12.48244	0.02529110
380.9782	0.1332278	52.87699	0.01891182	8.144489	8.147008	25.12784	67.15655	76.12126	1535.384	-0.1734336	260.0586	0.6797737	0.05738927	0.04285466	23.33468	45.31166	48.42049	130.8386	28.42382	38.08550	476.0897	60.66920	12.50409	0.02535492
381.6014	0.1360782	52.85090	0.01892115	8.191917	8.194491	25.25223	67.09904	76.13632	1534.689	-0.1730464	258.4736	0.6799443	0.05726687	0.04371170	22.87717	45.32459	48.43768	130.7109	28.45745	38.13800	476.3911	60.22755	12.52574	0.02541898
382.2247	0.1389786	52.82472	0.01893053	8.239353	8.241984	25.37644	67.04160	76.15155	1533.983	-0.1726578	256.9063	0.6801101	0.05714430	0.04458260	22.43028	45.33749	48.45482	130.5838	28.49140	38.19107	476.6911	59.79114	12.54738	0.02548329
382.8479	0.1419297	52.79844	0.01893995	8.286799	8.289488	25.50047	66.98423	76.16695	1533.267	-0.1722678	255.3563	0.6802710	0.05702156	0.04546753	21.99372	45.35036	48.47192	130.4571	28.52570	38.24471	476.9898	59.35987	12.56903	0.02554784
383.4711	0.1449322	52.77207	0.01894942	8.334255	8.337001	25.62433	66.92694	76.18253	1532.540	-0.1718764	253.8234	0.6804271	0.05689865	0.04636667	21.56722	45.36319	48.48897	130.3310	28.56032	38.29893	477.2873	58.93365	12.59067	0.02561263
384.0943	0.1479867	52.74560	0.01895893	8.381719	8.384525	25.74801	66.86973	76.19829	1531.802	-0.1714837	252.3073	0.6805784	0.05677557	0.04728017	21.15052	45.37599	48.50599	130.2053	28.59529	38.35373	477.5833	58.51237	12.61231	0.02567767
384.7176	0.1510939	52.71904	0.01896848	8.429193	8.432059	25.87151	66.81259	76.21422	1531.053	-0.1710895	250.8079	0.6807249	0.05665232	0.04820822	20.74335	45.38876	48.52295	130.0801	28.63059	38.40911	477.8781	58.09595	12.63395	0.02574297
385.3408	0.1542545	52.69238	0.01897808	8.476677	8.479604	25.99484	66.75552	76.23034	1530.294	-0.1706939	249.3247	0.6808666	0.05652889	0.04915098	20.34547	45.40149	48.53987	129.9555	28.66624	38.46509	478.1715	57.68429	12.65559	0.02580851
385.9640	0.1574691	52.66563	0.01898772	8.524170	8.527160	26.11800	66.69854	76.24663	1529.524	-0.1702968	247.8577	0.6810036	0.05640530	0.05010864	19.95664	45.41420	48.55675	129.8313	28.70223	38.52167	478.4636	57.27731	12.67722	0.02587431
386.5873	0.1607386	52.63879	0.01899740	8.571673	8.574726	26.24098	66.64163	76.26311	1528.743	-0.1698982	246.4066	0.6811357	0.05628154	0.05108135	19.57662	45.42687	48.57358	129.7075	28.73857	38.57884	478.7543	56.87491	12.69886	0.02594036
387.2105	0.1640636	52.61185	0.01900713	8.619185	8.622304	26.36378	66.58481	76.27977	1527.952	-0.1694981	244.9711	0.6812631	0.05615761	0.05206931	19.20517	45.43950	48.59037	129.5843	28.77525	38.63662	479.0437	56.47702	12.72049	0.02600666
387.8337	0.1674447	52.58481	0.01901690	8.666708	8.669892	26.48642	66.52807	76.29662	1527.151	-0.1690965	243.5510	0.6813858	0.05603351	0.05307268	18.84209	45.45210	48.60711	129.4615	28.81229	38.69501	479.3317	56.08355	12.74212	0.02607322
388.4569	0.1708827	52.55768	0.01902671	8.714241	8.717492	26.60889	66.47141	76.31365	1526.339	-0.1686934	242.1461	0.6815038	0.05590925	0.05409164	18.48714	45.46467	48.62380	129.3392	28.84967	38.75402	479.6183	55.69442	12.76374	0.02614005
389.0802	0.1743784	52.53046	0.01903657	8.761783	8.765103	26.73118	66.41484	76.33087	1525.516	-0.1682887	240.7563	0.6816171	0.05578482	0.05512639	18.14013	45.47720	48.64045	129.2174	28.88741	38.81364	479.9036	55.30954	12.78537	0.02620713
389.7034	0.1779325	52.50315	0.01904648	8.809336	8.812725	26.85331	66.35835	76.34827	1524.684	-0.1678824	239.3811	0.6817256	0.05566022	0.05617709	17.80085	45.48970	48.65705	129.0960	28.92551	38.87389	480.1874	54.92885	12.80699	0.02627448
390.3266	0.1815456	52.47574	0.01905642	8.856900	8.860359	26.97526	66.30194	76.36587	1523.841	-0.1674745	238.0206	0.6818295	0.05553545	0.05724393	17.46910	45.50216	48.67360	128.9751	28.96397	38.93476	480.4699	54.55225	12.82861	0.02634209
390.9498	0.1852185	52.44824	0.01906642	8.904474	8.908005	27.09705	66.24563	76.38366	1522.988	-0.1670650	236.6744	0.6819287	0.05541052	0.05832709	17.14469	45.51459	48.69010	128.8546	29.00278	38.99627	480.7511	54.17969	12.85022	0.02640997
391.5731	0.1889521	52.42064	0.01907645	8.952058	8.955663	27.21868	66.18940	76.40163	1522.124	-0.1666539	235.3424	0.6820233	0.05528542	0.05942677	16.82743	45.52698	48.70656	128.7346	29.04195	39.05841	481.0308	53.81108	12.87184	0.02647811
392.1963	0.1927469	52.39296	0.01908653	8.999653	9.003332	27.34013	66.13326	76.41981	1521.251	-0.1662411	234.0243	0.6821132	0.05516016	0.06054313	16.51715	45.53934	48.72297	128.6150	29.08149	39.12119	481.3091	53.44635	12.89345	0.02654652
392.8195	0.1966038	52.36518	0.01909666	9.047259	9.051014	27.46142	66.07721	76.43817	1520.367	-0.1658266	232.7199	0.6821986	0.05503474	0.06167639	16.21366	45.55166	48.73932	128.4959	29.12139	39.18462	481.5860	53.08544	12.91505	0.02661521
393.4427	0.2005235	52.33730	0.01910683	9.094876	9.098707	27.58255	66.02125	76.45673	1519.473	-0.1654105	231.4292	0.6822793	0.05490915	0.06282671	15.91680	45.56394	48.75563	128.3772	29.16166	39.24870	481.8615	52.72827	12.93666	0.02668417
394.0660	0.2045068	52.30934	0.01911705	9.142504	9.146413	27.70351	65.96538	76.47549	1518.569	-0.1649926	230.1518	0.6823553	0.05478339	0.06399430	15.62639	45.57619	48.77189	128.2590	29.20230	39.31343	482.1356	52.37478	12.95826	0.02675340
394.6892	0.2085545	52.28128	0.01912731	9.190143	9.194132	27.82432	65.90961	76.49445	1517.655	-0.1645730	228.8876	0.6824269	0.05465748	0.06517935	15.34228	45.58840	48.78810	128.1411	29.24330	39.37882	482.4083	52.02490	12.97985	0.02682291
395.3124	0.2126673	52.25312	0.01913761	9.237793	9.241863	27.94495	65.85392	76.51360	1516.731	-0.1641516	227.6364	0.6824938	0.05453140	0.06638205	15.06431	45.60057	48.80426	128.0238	29.28467	39.44487	482.6795	51.67856	13.00144	0.02689270
395.9357	0.2168460	52.22488	0.01914796	9.285454	9.289607	28.06543	65.79834	76.53296	1515.798	-0.1637284	226.3980	0.6825562	0.05440515	0.06760259	14.79233	45.61271	48.82036	127.9068	29.32642	39.51158	482.9493	51.33571	13.02303	0.02696276
396.5589	0.2210914	52.19654	0.01915836	9.333127	9.337363	28.18575	65.74284	76.55252	1514.854	-0.1633035	225.1723	0.6826140	0.05427875	0.06884117	14.52619	45.62480	48.83642	127.7903	29.36854	39.57897	483.2177	50.99628	13.04462	0.02703311
397.1821	0.2254043	52.16811	0.01916880	9.380812	9.385133	28.30591	65.68745	76.57228	1513.900	-0.1628767	223.9591	0.6826673	0.05415219	0.07009798	14.26575	45.63686	48.85242	127.6742	29.41103	39.64703	483.4846	50.66021	13.06620	0.02710374
397.8053	0.2297856	52.13959	0.01917928	9.428508	9.432915	28.42590	65.63215	76.59224	1512.937	-0.1624481	222.7581	0.6827161	0.05402546	0.07137324	14.01085	45.64888	48.86838	127.5585	29.45390	39.71577	483.7501	50.32744	13.08778	0.02717466
398.4286	0.2342359	52.11098	0.01918981	9.476216	9.480711	28.54575	65.57694	76.61241	1511.964	-0.1620177	221.5693	0.6827604	0.05389857	0.07266713	13.76138	45.66087	48.88428	127.4432	29.49714	39.78519	484.0141	49.99791	13.10935	0.02724586
399.0518	0.2387561	52.08227	0.01920039	9.523936	9.528521	28.66543	65.52184	76.63279	1510.981	-0.1615853	220.3925	0.6828001	0.05377153	0.07397986	13.51719	45.67281	48.90012	127.3283	29.54077	39.85529	484.2767	49.67158	13.13092	0.02731735
399.6750	0.2433470	52.05347	0.01921101	9.571668	9.576343	28.78496	65.46683	76.65337	1509.989	-0.1611511	219.2275	0.6828354	0.05364432	0.07531163	13.27816	45.68472	48.91592	127.2139	29.58477	39.92609	484.5378	49.34838	13.15248	0.02738913
400.2982	0.2480095	52.02458	0.01922168	9.619413	9.624180	28.90433	65.41192	76.67417	1508.986	-0.1607149	218.0741	0.6828663	0.05351696	0.07666265	13.04416	45.69658	48.93166	127.0998	29.62915	39.99758	484.7975	49.02825	13.17404	0.02746121
400.9215	0.2527444	51.99560	0.01923240	9.667169	9.672030	29.02354	65.35711	76.69517	1507.975	-0.1602768	216.9323	0.6828926	0.05338943	0.07803312	12.81507	45.70841	48.94734	126.9862	29.67391	40.06976	485.0556	48.71116	13.19560	0.02753357
401.5447	0.2575524	51.96652	0.01924316	9.714938	9.719894	29.14260	65.30241	76.71639	1506.953	-0.1598368	215.8018	0.6829145	0.05326175	0.07942325	12.59077	45.72019	48.96298	126.8729	29.71905	40.14265	485.3123	48.39703	13.21715	0.02760624
402.1679	0.2624345	51.93735	0.01925396	9.762719	9.767772	29.26151	65.24780	76.73782	1505.922	-0.1593948	214.6824	0.6829320	0.05313391	0.08083325	12.37115	45.73194	48.97855	126.7600	29.76458	40.21624	485.5676	48.08583	13.23870	0.02767920
402.7911	0.2673915	51.90810	0.01926482	9.810513	9.815665	29.38027	65.19330	76.75946	1504.882	-0.1589507	213.5741	0.6829451	0.05300592	0.08226333	12.15608	45.74364	48.99408	126.6476	29.81048	40.29054	485.8213	47.77751	13.26024	0.02775245
403.4144	0.2724242	51.87874	0.01927572	9.858320	9.863571	29.49887	65.13890	76.78132	1503.832	-0.1585046	212.4767	0.6829538	0.05287776	0.08371370	11.94548	45.75531	49.00954	126.5355	29.85678	40.36555	486.0735	47.47201	13.28178	0.02782601
404.0376	0.2775334	51.84930	0.01928666	9.906140	9.911492	29.61733	65.08460	76.80340	1502.772	-0.1580565	211.3900	0.6829580	0.05274946	0.08518457	11.73922	45.76693	49.02496	126.4238	29.90345	40.44127	486.3243	47.16929	13.30332	0.02789988
404.6608	0.2827201	51.81977	0.01929766	9.953972	9.959428	29.73563	65.03040	76.82569	1501.703	-0.1576064	210.3140	0.6829579	0.05262099	0.08667615	11.53720	45.77851	49.04031	126.3125	29.95051	40.51772	486.5735	46.86930	13.32485	0.02797404
405.2841	0.2879851	51.79014	0.01930870	10.00182	10.00738	29.85378	64.97631	76.84821	1500.625	-0.1571541	209.2484	0.6829534	0.05249237	0.08818868	11.33932	45.79006	49.05561	126.2016	29.99795	40.59488	486.8213	46.57201	13.34637	0.02804852
405.9073	0.2933293	51.76042	0.01931978	10.04968	10.05534	29.97179	64.92233	76.87095	1499.537	-0.1566997	208.1931	0.6829445	0.05236360	0.08972235	11.14550	45.80155	49.07086	126.0911	30.04578	40.67277	487.0675	46.27735	13.36789	0.02812330
406.5305	0.2987536	51.73061	0.01933092	10.09755	10.10332	30.08964	64.86845	76.89390	1498.440	-0.1562432	207.1480	0.6829313	0.05223467	0.09127739	10.95562	45.81301	49.08604	125.9809	30.09400	40.75139	487.3122	45.98530	13.38941	0.02819839
407.1537	0.3042587	51.70071	0.01934210	10.14544	10.15132	30.20735	64.81467	76.91709	1497.334	-0.1557845	206.1130	0.6829138	0.05210558	0.09285402	10.76959	45.82443	49.10117	125.8711	30.14260	40.83074	487.5554	45.69580	13.41092	0.02827379
407.7770	0.3098457	51.67071	0.01935332	10.19333	10.19933	30.32492	64.76101	76.94049	1496.218	-0.1553237	205.0879	0.6828919	0.05197635	0.09445246	10.58734	45.83580	49.11624	125.7617	30.19159	40.91083	487.7971	45.40882	13.43242	0.02834950
408.4002	0.3155154	51.64062	0.01936460	10.24125	10.24736	30.44233	64.70745	76.96413	1495.094	-0.1548607	204.0726	0.6828658	0.05184696	0.09607294	10.40876	45.84713	49.13125	125.6526	30.24096	40.99165	488.0373	45.12432	13.45392	0.02842553
409.0234	0.3212688	51.61045	0.01937592	10.28917	10.29540	30.55961	64.65399	76.98799	1493.959	-0.1543954	203.0669	0.6828353	0.05171742	0.09771568	10.23377	45.85841	49.14620	125.5439	30.29072	41.07322	488.2759	44.84226	13.47542	0.02850188
409.6466	0.3271066	51.58018	0.01938729	10.33712	10.34346	30.67673	64.60065	77.01208	1492.816	-0.1539279	202.0708	0.6828005	0.05158772	0.09938090	10.06230	45.86966	49.16110	125.4356	30.34087	41.15552	488.5130	44.56260	13.49691	0.02857854
410.2699	0.3330299	51.54981	0.01939871	10.38507	10.39153	30.79372	64.54741	77.03641	1491.664	-0.1534581	201.0842	0.6827615	0.05145788	0.1010688	9.894246	45.88085	49.17593	125.3276	30.39140	41.23858	488.7485	44.28530	13.51839	0.02865553
410.8931	0.3390394	51.51936	0.01941018	10.43304	10.43962	30.91056	64.49428	77.06096	1490.502	-0.1529861	200.1068	0.6827182	0.05132788	0.1027797	9.729545	45.89201	49.19071	125.2200	30.44232	41.32238	488.9825	44.01033	13.53987	0.02873284
411.5163	0.3451363	51.48881	0.01942169	10.48102	10.48773	31.02726	64.44126	77.08575	1489.332	-0.1525117	199.1386	0.6826706	0.05119773	0.1045138	9.568116	45.90312	49.20542	125.1127	30.49363	41.40694	489.2150	43.73764	13.56135	0.02881047
412.1395	0.3513213	51.45818	0.01943326	10.52902	10.53585	31.14382	64.38835	77.11077	1488.152	-0.1520350	198.1795	0.6826188	0.05106744	0.1062712	9.409883	45.91419	49.22008	125.0058	30.54532	41.49225	489.4459	43.46722	13.58282	0.02888843
412.7628	0.3575955	51.42745	0.01944487	10.57703	10.58399	31.26024	64.33555	77.13603	1486.963	-0.1515559	197.2293	0.6825628	0.05093699	0.1080524	9.254773	45.92521	49.23467	124.8992	30.59739	41.57832	489.6752	43.19901	13.60428	0.02896672
413.3860	0.3639597	51.39662	0.01945653	10.62506	10.63214	31.37652	64.28287	77.16153	1485.766	-0.1510745	196.2879	0.6825025	0.05080640	0.1098573	9.102715	45.93618	49.24920	124.7930	30.64986	41.66515	489.9030	42.93299	13.62574	0.02904533
414.0092	0.3704149	51.36571	0.01946824	10.67310	10.68032	31.49266	64.23029	77.18726	1484.559	-0.1505906	195.3552	0.6824381	0.05067566	0.1116864	8.953639	45.94711	49.26367	124.6871	30.70270	41.75274	490.1292	42.66913	13.64719	0.02912428
414.6325	0.3769621	51.33470	0.01948000	10.72116	10.72850	31.60866	64.17782	77.21324	1483.343	-0.1501044	194.4312	0.6823694	0.05054476	0.1135399	8.807478	45.95800	49.27808	124.5815	30.75593	41.84110	490.3539	42.40739	13.66864	0.02920356
415.2557	0.3836021	51.30361	0.01949181	10.76923	10.77671	31.72452	64.12547	77.23946	1482.119	-0.1496156	193.5157	0.6822966	0.05041373	0.1154179	8.664166	45.96884	49.29243	124.4763	30.80954	41.93023	490.5769	42.14775	13.69009	0.02928318
415.8789	0.3903360	51.27242	0.01950366	10.81732	10.82493	31.84025	64.07322	77.26592	1480.885	-0.1491244	192.6085	0.6822196	0.05028254	0.1173208	8.523638	45.97963	49.30671	124.3715	30.86354	42.02013	490.7984	41.89017	13.71152	0.02936313
416.5021	0.3971648	51.24113	0.01951557	10.86542	10.87318	31.95584	64.02109	77.29263	1479.643	-0.1486307	191.7097	0.6821384	0.05015121	0.1192487	8.385832	45.99037	49.32093	124.2669	30.91792	42.11080	491.0184	41.63462	13.73296	0.02944343
417.1254	0.4040893	51.20976	0.01952753	10.91354	10.92143	32.07129	63.96907	77.31959	1478.391	-0.1481345	190.8190	0.6820530	0.05001973	0.1212020	8.250687	46.00107	49.33509	124.1627	30.97267	42.20225	491.2367	41.38108	13.75438	0.02952406
417.7486	0.4111106	51.17829	0.01953953	10.96168	10.96971	32.18661	63.91717	77.34679	1477.131	-0.1476357	189.9364	0.6819636	0.04988811	0.1231809	8.118143	46.01173	49.34918	124.0588	31.02781	42.29447	491.4534	41.12951	13.77581	0.02960504
418.3718	0.4182297	51.14673	0.01955159	11.00983	11.01800	32.30180	63.86537	77.37425	1475.862	-0.1471344	189.0618	0.6818699	0.04975634	0.1251855	7.988143	46.02233	49.36321	123.9552	31.08333	42.38748	491.6686	40.87990	13.79722	0.02968636
418.9950	0.4254474	51.11508	0.01956370	11.05799	11.06632	32.41686	63.81369	77.40195	1474.584	-0.1466304	188.1950	0.6817722	0.04962443	0.1272163	7.860630	46.03289	49.37717	123.8520	31.13923	42.48127	491.8821	40.63221	13.81864	0.02976803
419.6183	0.4327649	51.08334	0.01957585	11.10618	11.11465	32.53178	63.76213	77.42991	1473.298	-0.1461238	187.3361	0.6816704	0.04949237	0.1292733	7.735548	46.04340	49.39107	123.7490	31.19550	42.57584	492.0941	40.38642	13.84004	0.02985005
420.2415	0.4401832	51.05150	0.01958806	11.15437	11.16300	32.64657	63.71068	77.45812	1472.003	-0.1456146	186.4848	0.6815644	0.04936017	0.1313570	7.612844	46.05386	49.40490	123.6464	31.25215	42.67120	492.3044	40.14249	13.86144	0.02993241
420.8647	0.4477031	51.01957	0.01960032	11.20259	11.21136	32.76123	63.65934	77.48659	1470.699	-0.1451027	185.6411	0.6814544	0.04922783	0.1334674	7.492466	46.06427	49.41867	123.5441	31.30917	42.76735	492.5132	39.90042	13.88284	0.03001513
421.4879	0.4553259	50.98755	0.01961263	11.25082	11.25975	32.87576	63.60812	77.51532	1469.386	-0.1445881	184.8049	0.6813403	0.04909535	0.1356050	7.374362	46.07463	49.43237	123.4421	31.36657	42.86429	492.7203	39.66017	13.90423	0.03009821
422.1112	0.4630523	50.95544	0.01962499	11.29907	11.30816	32.99015	63.55701	77.54430	1468.065	-0.1440708	183.9761	0.6812221	0.04896272	0.1377698	7.258483	46.08495	49.44601	123.3404	31.42434	42.96202	492.9258	39.42171	13.92562	0.03018164
422.7344	0.4708835	50.92323	0.01963740	11.34733	11.35658	33.10442	63.50602	77.57355	1466.735	-0.1435507	183.1547	0.6810999	0.04882995	0.1399623	7.144780	46.09521	49.45957	123.2390	31.48249	43.06055	493.1297	39.18504	13.94700	0.03026542
423.3576	0.4788206	50.89093	0.01964987	11.39561	11.40502	33.21857	63.45514	77.60306	1465.396	-0.1430278	182.3404	0.6809736	0.04869705	0.1421827	7.033205	46.10543	49.47307	123.1379	31.54100	43.15988	493.3320	38.95012	13.96837	0.03034957
423.9809	0.4868644	50.85853	0.01966238	11.44391	11.45349	33.33258	63.40438	77.63283	1464.049	-0.1425021	181.5333	0.6808433	0.04856400	0.1444312	6.923713	46.11560	49.48651	123.0371	31.59988	43.26000	493.5326	38.71693	13.98974	0.03043408
424.6041	0.4950161	50.82605	0.01967495	11.49223	11.50197	33.44647	63.35373	77.66287	1462.693	-0.1419736	180.7332	0.6807089	0.04843081	0.1467081	6.816258	46.12571	49.49987	122.9367	31.65912	43.36093	493.7317	38.48545	14.01111	0.03051896
425.2273	0.5032767	50.79347	0.01968757	11.54056	11.55047	33.56023	63.30320	77.69318	1461.329	-0.1414423	179.9401	0.6805705	0.04829748	0.1490136	6.710797	46.13578	49.51316	122.8365	31.71874	43.46266	493.9291	38.25566	14.03247	0.03060420
425.8505	0.5116473	50.76080	0.01970024	11.58891	11.59899	33.67387	63.25279	77.72376	1459.956	-0.1409080	179.1539	0.6804282	0.04816402	0.1513481	6.607286	46.14579	49.52639	122.7366	31.77871	43.56519	494.1248	38.02754	14.05382	0.03068980
426.4738	0.5201288	50.72803	0.01971297	11.63728	11.64753	33.78738	63.20249	77.75461	1458.575	-0.1403708	178.3744	0.6802818	0.04803041	0.1537117	6.505684	46.15575	49.53955	122.6370	31.83905	43.66853	494.3189	37.80107	14.07517	0.03077578
427.0970	0.5287225	50.69517	0.01972575	11.68567	11.69610	33.90077	63.15231	77.78573	1457.185	-0.1398307	177.6017	0.6801314	0.04789667	0.1561049	6.405949	46.16567	49.55264	122.5376	31.89975	43.77268	494.5114	37.57624	14.09651	0.03086213
427.7202	0.5374292	50.66222	0.01973858	11.73407	11.74468	34.01404	63.10225	77.81712	1455.787	-0.1392877	176.8356	0.6799771	0.04776280	0.1585278	6.308042	46.17553	49.56565	122.4386	31.96081	43.87764	494.7022	37.35301	14.11785	0.03094885
428.3434	0.5462501	50.62917	0.01975146	11.78249	11.79328	34.12718	63.05230	77.84879	1454.380	-0.1387416	176.0761	0.6798188	0.04762878	0.1609807	6.211924	46.18534	49.57860	122.3399	32.02222	43.98341	494.8914	37.13138	14.13919	0.03103595
428.9667	0.5551863	50.59603	0.01976440	11.83093	11.84190	34.24020	63.00247	77.88075	1452.965	-0.1381925	175.3230	0.6796565	0.04749463	0.1634639	6.117557	46.19509	49.59148	122.2414	32.08399	44.08999	495.0789	36.91132	14.16052	0.03112343
429.5899	0.5642389	50.56279	0.01977739	11.87939	11.89055	34.35310	62.95276	77.91298	1451.541	-0.1376403	174.5763	0.6794903	0.04736035	0.1659777	6.024904	46.20480	49.60428	122.1432	32.14611	44.19739	495.2647	36.69283	14.18184	0.03121129
430.2131	0.5734088	50.52946	0.01979043	11.92787	11.93922	34.46588	62.90316	77.94549	1450.109	-0.1370851	173.8360	0.6793344	0.04722593	0.1685224	5.933929	46.21445	49.61702	122.0453	32.20858	44.30561	495.4489	36.47587	14.20316	0.03129953
430.8363	0.5826973	50.49604	0.01980353	11.97636	11.98790	34.57854	62.85368	77.97829	1448.668	-0.1365267	173.1018	0.6792644	0.04709137	0.1710982	5.844596	46.22405	49.62968	121.9476	32.27140	44.41465	495.6314	36.26044	14.22448	0.03138815
431.4596	0.5921054	50.46252	0.01981669	12.02488	12.03661	34.69108	62.80432	78.01137	1447.220	-0.1359652	172.3739	0.6791362	0.04695668	0.1737055	5.756871	46.23359	49.64227	121.8502	32.33457	44.52450	495.8123	36.04651	14.24579	0.03147716
432.0828	0.6016342	50.42891	0.01982989	12.07341	12.08534	34.80351	62.75508	78.04474	1445.762	-0.1354005	171.6520	0.6789933	0.04682186	0.1763445	5.670720	46.24308	49.65478	121.7531	32.39809	44.63518	495.9915	35.83408	14.26709	0.03156656
432.7060	0.6112848	50.39521	0.01984316	12.12196	12.13409	34.91581	62.70596	78.07840	1444.297	-0.1348326	170.9362	0.6788409	0.04668691	0.1790154	5.586110	46.25252	49.66723	121.6563	32.46195	44.74669	496.1690	35.62313	14.28839	0.03165634
433.3293	0.6210584	50.36140	0.01985648	12.17053	12.18287	35.02800	62.65695	78.11235	1442.823	-0.1342615	170.2263	0.6786812	0.04655182	0.1817187	5.503010	46.26190	49.67960	121.5597	32.52614	44.85902	496.3448	35.41364	14.30969	0.03174652
433.9525	0.6309559	50.32751	0.01986985	12.21913	12.23166	35.14007	62.60806	78.14659	1441.341	-0.1336871	169.5223	0.6785151	0.04641661	0.1844546	5.421388	46.27123	49.69189	121.4634	32.59068	44.97217	496.5190	35.20559	14.33098	0.03183710
434.5757	0.6409787	50.29352	0.01988328	12.26774	12.28048	35.25203	62.55929	78.18113	1439.851	-0.1331094	168.8241	0.6783434	0.04628126	0.1872234	5.341214	46.28051	49.70411	121.3674	32.65556	45.08616	496.6914	34.99898	14.35227	0.03192806
435.1989	0.6511277	50.25943	0.01989676	12.31637	12.32932	35.36387	62.51064	78.21597	1438.352	-0.1325284	168.1317	0.6781665	0.04614578	0.1900253	5.262457	46.28973	49.71626	121.2716	32.72077	45.20098	496.8622	34.79379	14.37355	0.03201943
435.8222	0.6614042	50.22525	0.01991030	12.36502	12.37818	35.47560	62.46211	78.25110	1436.845	-0.1319441	167.4449	0.6779845	0.04601017	0.1928607	5.185088	46.29889	49.72833	121.1760	32.78631	45.31663	497.0313	34.59000	14.39483	0.03211120
436.4454	0.6718092	50.19097	0.01992390	12.41369	12.42707	35.58722	62.41370	78.28654	1435.330	-0.1313563	166.7638	0.6777979	0.04587444	0.1957300	5.109080	46.30800	49.74033	121.0807	32.85218	45.43312	497.1987	34.38761	14.41611	0.03220337
437.0686	0.6823439	50.15660	0.01993756	12.46238	12.47598	35.69872	62.36540	78.32228	1433.807	-0.1307651	166.0882	0.6776066	0.04573857	0.1986333	5.034403	46.31705	49.75225	120.9857	32.91838	45.55044	497.3643	34.18659	14.43738	0.03229595
437.6918	0.6930095	50.12213	0.01995127	12.51109	12.52491	35.81011	62.31722	78.35833	1432.275	-0.1301705	165.4180	0.6774108	0.04560258	0.2015710	4.961031	46.32605	49.76409	120.8909	32.98490	45.66860	497.5283	33.98694	14.45865	0.03238893
438.3151	0.7038071	50.08756	0.01996504	12.55982	12.57387	35.92139	62.26917	78.39468	1430.735	-0.1295724	164.7533	0.6772107	0.04546646	0.2045434	4.888938	46.33499	49.77586	120.7964	33.05175	45.78760	497.6906	33.78864	14.47991	0.03248233
438.9383	0.7147378	50.05290	0.01997886	12.60857	12.62285	36.03256	62.22123	78.43135	1429.187	-0.1289707	164.0940	0.6770064	0.04533021	0.2075508	4.818097	46.34387	49.78755	120.7021	33.11892	45.90744	497.8512	33.59169	14.50117	0.03257613
439.5615	0.7258029	50.01815	0.01999274	12.65734	12.67185	36.14362	62.17341	78.46832	1427.631	-0.1283656	163.4399	0.6767978	0.04519384	0.2105936	4.748483	46.35270	49.79916	120.6080	33.18640	46.02813	498.0100	33.39606	14.52243	0.03267035
440.1847	0.7370035	49.98329	0.02000669	12.70614	12.72088	36.25457	62.12571	78.50561	1426.067	-0.1277568	162.7911	0.6765850	0.04505734	0.2136720	4.680071	46.36146	49.81069	120.5142	33.25420	46.14966	498.1671	33.20175	14.54368	0.03276498
440.8080	0.7483407	49.94834	0.02002068	12.75495	12.76993	36.36541	62.07813	78.54322	1424.495	-0.1271444	162.1474	0.6763682	0.04492071	0.2167863	4.612837	46.37017	49.82215	120.4206	33.32232	46.27204	498.3225	33.00875	14.56493	0.03286003
441.4312	0.7598158	49.91329	0.02003474	12.80379	12.81901	36.47614	62.03066	78.58115	1422.915	-0.1265283	161.5088	0.6761473	0.04478397	0.2199369	4.546758	46.37883	49.83353	120.3273	33.39075	46.39527	498.4762	32.81704	14.58617	0.03295550
442.0544	0.7714299	49.87815	0.02004886	12.85264	12.86811	36.58677	61.98332	78.61939	1421.326	-0.1259086	160.8753	0.6759224	0.04464709	0.2231241	4.481810	46.38742	49.84482	120.2342	33.45948	46.51935	498.6282	32.62662	14.60741	0.03305139
442.6777	0.7831842	49.84291	0.02006304	12.90152	12.91724	36.69729	61.93610	78.65796	1419.730	-0.1252851	160.2468	0.6756936	0.04451010	0.2263482	4.417971	46.39596	49.85604	120.1413	33.52853	46.64429	498.7784	32.43747	14.62865	0.03314771
443.3009	0.7950799	49.80757	0.02007727	12.95042	12.96639	36.80770	61.88899	78.69686	1418.125	-0.1246579	159.6232	0.6754608	0.04437298	0.2296096	4.355219	46.40443	49.86718	120.0487	33.59787	46.77008	498.9269	32.24958	14.64989	0.03324446
443.9241	0.8071183	49.77213	0.02009157	12.99935	13.01556	36.91801	61.84201	78.73608	1416.512	-0.1240268	159.0045	0.6752241	0.04423574	0.2329085	4.293531	46.41285	49.87824	119.9562	33.66752	46.89673	499.0736	32.06295	14.67112	0.03334163
444.5473	0.8193005	49.73659	0.02010592	13.04829	13.06476	37.02821	61.79515	78.77563	1414.892	-0.1233920	158.3907	0.6749834	0.04409838	0.2362453	4.232888	46.42121	49.88922	119.8641	33.73747	47.02424	499.2186	31.87755	14.69235	0.03343924
445.1706	0.8316277	49.70096	0.02012034	13.09726	13.11399	37.13831	61.74840	78.81552	1413.263	-0.1227533	157.7815	0.6747390	0.04396089	0.2396204	4.173268	46.42951	49.90011	119.7721	33.80771	47.15262	499.3619	31.69339	14.71358	0.03353728
445.7938	0.8441012	49.66523	0.02013481	13.14625	13.16324	37.24831	61.70177	78.85574	1411.626	-0.1221106	157.1771	0.6744907	0.04382329	0.2430340	4.114651	46.43775	49.91093	119.6803	33.87825	47.28185	499.5034	31.51046	14.73480	0.03363575
446.4170	0.8567221	49.62940	0.02014935	13.19526	13.21252	37.35821	61.65527	78.89630	1409.982	-0.1214640	156.5774	0.6742385	0.04368557	0.2464865	4.057017	46.44592	49.92166	119.5888	33.94908	47.41196	499.6431	31.32873	14.75602	0.03373466
447.0402	0.8694917	49.59347	0.02016395	13.24430	13.26183	37.46800	61.60888	78.93719	1408.329	-0.1208135	155.9823	0.6739826	0.04354773	0.2499782	4.000348	46.45404	49.93231	119.4975	34.02020	47.54293	499.7811	31.14822	14.77724	0.03383402
447.6635	0.8824112	49.55744	0.02017860	13.29335	13.31116	37.57769	61.56261	78.97843	1406.668	-0.1201589	155.3917	0.6737229	0.04340977	0.2535095	3.944625	46.46210	49.94288	119.4064	34.09161	47.67478	499.9173	30.96889	14.79846	0.03393382
448.2867	0.8954819	49.52131	0.02019333	13.34244	13.36052	37.68728	61.51647	79.02002	1405.000	-0.1195003	154.8056	0.6734594	0.04327169	0.2570808	3.889828	46.47009	49.95336	119.3155	34.16330	47.80750	500.0518	30.79075	14.81967	0.03403406
448.9099	0.9087050	49.48509	0.02020811	13.39154	13.40990	37.79677	61.47044	79.06195	1403.323	-0.1188375	154.2240	0.6731922	0.04313349	0.2606923	3.835940	46.47803	49.96376	119.2248	34.23527	47.94110	500.1845	30.61379	14.84088	0.03413475
449.5331	0.9220818	49.44876	0.02022295	13.44067	13.45931	37.90617	61.42453	79.10424	1401.639	-0.1181707	153.6468	0.6729213	0.04299518	0.2643444	3.782944	46.48590	49.97408	119.1344	34.30752	48.07558	500.3154	30.43800	14.86210	0.03423589
450.1564	0.9356134	49.41233	0.02023786	13.48982	13.50875	38.01546	61.37875	79.14687	1399.946	-0.1174996	153.0740	0.6726466	0.04285676	0.2680375	3.730822	46.49371	49.98431	119.0441	34.38005	48.21095	500.4445	30.26337	14.88331	0.03433748
450.7796	0.9493012	49.37581	0.02025283	13.53899	13.55822	38.12466	61.33308	79.18986	1398.246	-0.1168244	152.5054	0.6723682	0.04271821	0.2717719	3.679557	46.50145	49.99446	118.9540	34.45286	48.34720	500.5719	30.08989	14.90451	0.03443953
451.4028	0.9631464	49.33918	0.02026787	13.58819	13.60772	38.23376	61.28753	79.23321	1396.538	-0.1161449	151.9411	0.6720862	0.04257956	0.2755479	3.629133	46.50914	50.00452	118.8642	34.52594	48.48434	500.6974	29.91755	14.92572	0.03454204
452.0261	0.9771503	49.30245	0.02028297	13.63742	13.65724	38.34276	61.24210	79.27692	1394.822	-0.1154610	151.3810	0.6718005	0.04244079	0.2793660	3.579533	46.51676	50.01450	118.7745	34.59928	48.62237	500.8212	29.74635	14.94692	0.03464501
452.6493	0.9913141	49.26562	0.02029813	13.68667	13.70679	38.45167	61.19680	79.32100	1393.098	-0.1147729	150.8251	0.6715111	0.04230190	0.2832265	3.530743	46.52431	50.02439	118.6851	34.67290	48.76129	500.9432	29.57627	14.96813	0.03474844
453.2725	1.005639	49.22869	0.02031336	13.73594	13.75637	38.56048	61.15161	79.36544	1391.366	-0.1140804	150.2733	0.6712180	0.04216290	0.2871298	3.482746	46.53181	50.03419	118.5958	34.74678	48.90112	501.0633	29.40732	14.98933	0.03485233
453.8957	1.020127	49.19166	0.02032865	13.78524	13.80597	38.66920	61.10654	79.41025	1389.626	-0.1133834	149.7255	0.6709214	0.04202379	0.2910761	3.435527	46.53923	50.04391	118.5068	34.82092	49.04184	501.1817	29.23948	15.01053	0.03495670
454.5190	1.034778	49.15452	0.02034401	13.83456	13.85561	38.77783	61.06159	79.45543	1387.878	-0.1126820	149.1818	0.6706211	0.04188457	0.2950660	3.389072	46.54660	50.05354	118.4179	34.89532	49.18348	501.2983	29.07274	15.03174	0.03506153
455.1422	1.049595	49.11729	0.02035943	13.88391	13.90528	38.88636	61.01677	79.50099	1386.123	-0.1119761	148.6421	0.6703171	0.04174524	0.2990997	3.343367	46.55390	50.06308	118.3292	34.96999	49.32602	501.4130	28.90709	15.05294	0.03516684
455.7654	1.064577	49.07995	0.02037492	13.93328	13.95497	38.99480	60.97206	79.54692	1384.360	-0.1112656	148.1063	0.6700096	0.04160580	0.3031777	3.298396	46.56113	50.07253	118.2407	35.04491	49.46947	501.5259	28.74254	15.07414	0.03527262
456.3886	1.079728	49.04251	0.02039047	13.98268	14.00469	39.10314	60.92747	79.59324	1382.589	-0.1105505	147.5744	0.6696985	0.04146625	0.3073002	3.254146	46.56830	50.08189	118.1524	35.12008	49.61384	501.6370	28.57907	15.09534	0.03537888
457.0119	1.095047	49.00496	0.02040610	14.03210	14.05445	39.21140	60.88300	79.63994	1380.810	-0.1098308	147.0463	0.6693838	0.04132659	0.3114678	3.210605	46.57540	50.09117	118.0643	35.19550	49.75913	501.7463	28.41667	15.11654	0.03548562
457.6351	1.110537	48.96731	0.02042179	14.08155	14.10423	39.31957	60.83866	79.68703	1379.023	-0.1091064	146.5220	0.6690655	0.04118682	0.3156808	3.167757	46.58244	50.10035	117.9764	35.27118	49.90534	501.8538	28.25534	15.13774	0.03559284
458.2583	1.126199	48.92956	0.02043754	14.13103	14.15404	39.42765	60.79443	79.73451	1377.229	-0.1083773	146.0015	0.6687437	0.04104695	0.3199395	3.125591	46.58941	50.10945	117.8886	35.34710	50.05249	501.9594	28.09507	15.15894	0.03570056
458.8815	1.142033	48.89171	0.02045337	14.18053	14.20389	39.53563	60.75032	79.78238	1375.426	-0.1076434	145.4848	0.6684183	0.04090697	0.3242443	3.084094	46.59631	50.11845	117.8011	35.42327	50.20056	502.0632	27.93585	15.18015	0.03580876
459.5048	1.158042	48.85375	0.02046926	14.23006	14.25376	39.64353	60.70634	79.83065	1373.616	-0.1069047	144.9717	0.6680894	0.04076688	0.3285957	3.043253	46.60315	50.12736	117.7137	35.49968	50.34957	502.1651	27.77768	15.20135	0.03591745
460.1280	1.174226	48.81568	0.02048522	14.27961	14.30367	39.75135	60.66247	79.87932	1371.798	-0.1061611	144.4622	0.6677569	0.04062669	0.3329941	3.003057	46.60992	50.13618	117.6265	35.57633	50.49953	502.2652	27.62055	15.22256	0.03602664
460.7512	1.190587	48.77752	0.02050125	14.32920	14.35361	39.85907	60.61872	79.92839	1369.973	-0.1054125	143.9564	0.6674209	0.04048639	0.3374397	2.963492	46.61662	50.14491	117.5394	35.65322	50.65043	502.3634	27.46445	15.24376	0.03613632
461.3745	1.207127	48.73924	0.02051735	14.37881	14.40357	39.96671	60.57510	79.97787	1368.139	-0.1046590	143.4541	0.6670814	0.04034599	0.3419331	2.924549	46.62325	50.15355	117.4525	35.73035	50.80228	502.4597	27.30938	15.26497	0.03624651
461.9977	1.223846	48.70086	0.02053352	14.42844	14.45357	40.07427	60.53159	80.02775	1366.298	-0.1039005	142.9553	0.6667383	0.04020548	0.3464747	2.886214	46.62981	50.16209	117.3658	35.80771	50.95509	502.5542	27.15533	15.28618	0.03635720
462.6209	1.240746	48.66238	0.02054976	14.47811	14.50360	40.18174	60.48821	80.07805	1364.450	-0.1031370	142.4600	0.6663918	0.04006487	0.3510647	2.848478	46.63631	50.17055	117.2793	35.88531	51.10886	502.6469	27.00229	15.30739	0.03646839
463.2441	1.257828	48.62379	0.02056607	14.52780	14.55367	40.28912	60.44494	80.12877	1362.593	-0.1023683	141.9681	0.6660418	0.03992416	0.3557038	2.811328	46.64273	50.17890	117.1929	35.96313	51.26359	502.7376	26.85026	15.32860	0.03658009
463.8674	1.275094	48.58509	0.02058245	14.57752	14.60376	40.39642	60.40180	80.17991	1360.729	-0.1015944	141.4797	0.6656883	0.03978335	0.3603922	2.774755	46.64909	50.18716	117.1067	36.04119	51.41930	502.8265	26.69922	15.34982	0.03669231
464.4906	1.292545	48.54628	0.02059890	14.62727	14.65389	40.50364	60.35877	80.23147	1358.857	-0.1008153	140.9946	0.6653313	0.03964244	0.3651303	2.738748	46.65538	50.19533	117.0207	36.11948	51.57598	502.9134	26.54918	15.37104	0.03680504
465.1138	1.310183	48.50737	0.02061542	14.67704	14.70405	40.61078	60.31587	80.28346	1356.977	-0.1000310	140.5129	0.6649708	0.03950142	0.3699187	2.703297	46.66159	50.20341	116.9348	36.19799	51.73364	502.9985	26.40013	15.39226	0.03691829
465.7370	1.328008	48.46835	0.02063202	14.72685	14.75424	40.71783	60.27309	80.33588	1355.090	-0.09924129	140.0345	0.6646068	0.03936031	0.3747577	2.668391	46.66774	50.21138	116.8491	36.27672	51.89230	503.0817	26.25206	15.41348	0.03703206
466.3603	1.346023	48.42922	0.02064869	14.77668	14.80447	40.82481	60.23043	80.38874	1353.194	-0.09844624	139.5593	0.6642395	0.03921910	0.3796478	2.634020	46.67381	50.21926	116.7635	36.35568	52.05195	503.1630	26.10496	15.43471	0.03714636
466.9835	1.364228	48.38999	0.02066543	14.82654	14.85473	40.93170	60.18788	80.44203	1351.292	-0.09764576	139.0873	0.6638686	0.03907780	0.3845893	2.600176	46.67981	50.22705	116.6781	36.43486	52.21259	503.2424	25.95883	15.45594	0.03726118
467.6067	1.382625	48.35064	0.02068225	14.87643	14.90503	41.03852	60.14546	80.49577	1349.381	-0.09683979	138.6186	0.6634943	0.03893639	0.3895827	2.566849	46.68575	50.23473	116.5928	36.51426	52.37425	503.3199	25.81367	15.47718	0.03737653
468.2299	1.401215	48.31119	0.02069914	14.92635	14.95535	41.14525	60.10316	80.54995	1347.463	-0.09602829	138.1530	0.6631166	0.03879489	0.3946285	2.534029	46.69160	50.24232	116.5077	36.59388	52.53692	503.3954	25.66946	15.49841	0.03749242
468.8532	1.420000	48.27163	0.02071610	14.97630	15.00572	41.25191	60.06098	80.60458	1345.537	-0.09521118	137.6905	0.6627355	0.03865329	0.3997271	2.501707	46.69739	50.24982	116.4228	36.67371	52.70061	503.4690	25.52620	15.51966	0.03760885
469.4764	1.438982	48.23195	0.02073314	15.02628	15.05611	41.35849	60.01892	80.65967	1343.603	-0.09438843	137.2311	0.6623509	0.03851160	0.4048789	2.469874	46.70310	50.25721	116.3380	36.75376	52.86532	503.5407	25.38388	15.54090	0.03772581
470.0996	1.458160	48.19217	0.02075026	15.07629	15.10655	41.46499	59.97698	80.71521	1341.662	-0.09355997	136.7747	0.6619629	0.03836982	0.4100844	2.438523	46.70874	50.26450	116.2533	36.83402	53.03107	503.6105	25.24250	15.56216	0.03784332
470.7229	1.477538	48.15228	0.02076745	15.12633	15.15701	41.57142	59.93516	80.77121	1339.713	-0.09272573	136.3214	0.6615715	0.03822794	0.4153440	2.407643	46.71431	50.27170	116.1688	36.91449	53.19787	503.6783	25.10206	15.58341	0.03796137
471.3461	1.497116	48.11227	0.02078472	15.17640	15.20752	41.67777	59.89347	80.82769	1337.757	-0.09188568	135.8711	0.6611767	0.03808596	0.4206581	2.377227	46.71980	50.27879	116.0844	36.99517	53.36570	503.7441	24.96254	15.60468	0.03807998
471.9693	1.516896	48.07216	0.02080206	15.22650	15.25805	41.78405	59.85189	80.88463	1335.793	-0.09103974	135.4237	0.6607785	0.03794390	0.4260274	2.347267	46.72522	50.28578	116.0002	37.07607	53.53460	503.8080	24.82394	15.62595	0.03819914
472.5925	1.536880	48.03193	0.02081948	15.27663	15.30863	41.89025	59.81043	80.94205	1333.821	-0.09018785	134.9792	0.6603769	0.03780174	0.4314521	2.317755	46.73057	50.29268	115.9161	37.15717	53.70456	503.8700	24.68625	15.64722	0.03831886
473.2158	1.557068	47.99159	0.02083698	15.32679	15.35924	41.99638	59.76910	80.99994	1331.841	-0.08932996	134.5377	0.6599719	0.03765950	0.4369327	2.288682	46.73583	50.29947	115.8321	37.23848	53.87559	503.9300	24.54947	15.66850	0.03843914
473.8390	1.577462	47.95114	0.02085456	15.37699	15.40988	42.10244	59.72789	81.05832	1329.854	-0.08846600	134.0990	0.6595635	0.03751716	0.4424698	2.260041	46.74103	50.30616	115.7483	37.31999	54.04770	503.9880	24.41360	15.68979	0.03855998
474.4622	1.598064	47.91057	0.02087222	15.42721	15.46057	42.20843	59.68679	81.11719	1327.859	-0.08759591	133.6631	0.6591518	0.03737474	0.4480639	2.231825	46.74614	50.31274	115.6646	37.40171	54.22090	504.0440	24.27862	15.71108	0.03868139
475.0854	1.618874	47.86989	0.02088996	15.47747	15.51129	42.31434	59.64582	81.17655	1325.857	-0.08671962	133.2300	0.6587367	0.03723223	0.4537152	2.204026	46.75118	50.31922	115.5810	37.48363	54.39519	504.0980	24.14454	15.73238	0.03880337
475.7087	1.639895	47.82910	0.02090778	15.52776	15.56204	42.42019	59.60497	81.23640	1323.847	-0.08583708	132.7997	0.6583183	0.03708963	0.4594245	2.176636	46.75615	50.32560	115.4976	37.56576	54.57059	504.1501	24.01133	15.75369	0.03892593
476.3319	1.661128	47.78819	0.02092567	15.57808	15.61284	42.52596	59.56424	81.29676	1321.829	-0.08494822	132.3722	0.6578964	0.03694694	0.4651921	2.149650	46.76103	50.33188	115.4143	37.64809	54.74711	504.2001	23.87901	15.77501	0.03904907
476.9551	1.682575	47.74717	0.02094365	15.62843	15.66367	42.63167	59.52364	81.35762	1319.804	-0.08405298	131.9473	0.6574713	0.03680417	0.4710185	2.123059	46.76584	50.33805	115.3311	37.73062	54.92474	504.2482	23.74757	15.79633	0.03917279
477.5783	1.704236	47.70603	0.02096171	15.67882	15.71454	42.73730	59.48315	81.41900	1317.771	-0.08315128	131.5251	0.6570428	0.03666131	0.4769043	2.096857	46.77057	50.34411	115.2481	37.81335	55.10352	504.2942	23.61699	15.81766	0.03929710
478.2016	1.726114	47.66477	0.02097985	15.72924	15.76545	42.84287	59.44279	81.48089	1315.730	-0.08224306	131.1056	0.6566109	0.03651837	0.4828499	2.071037	46.77523	50.35007	115.1651	37.89627	55.28343	504.3382	23.48727	15.83901	0.03942199
478.8248	1.748209	47.62340	0.02099808	15.77969	15.81640	42.94837	59.40255	81.54330	1313.682	-0.08132825	130.6887	0.6561757	0.03637534	0.4888558	2.045593	46.77980	50.35592	115.0823	37.97940	55.46450	504.3801	23.35841	15.86035	0.03954749
479.4480	1.770524	47.58192	0.02101639	15.83018	15.86739	43.05381	59.36242	81.60623	1311.626	-0.08040678	130.2744	0.6557372	0.03623223	0.4949225	2.020518	46.78429	50.36167	114.9996	38.06273	55.64672	504.4201	23.23040	15.88171	0.03967358
480.0713	1.793060	47.54031	0.02103478	15.88070	15.91841	43.15918	59.32243	81.66970	1309.563	-0.07947859	129.8627	0.6552953	0.03608904	0.5010506	1.995806	46.78871	50.36731	114.9171	38.14625	55.83013	504.4580	23.10324	15.90308	0.03980027
480.6945	1.815817	47.49859	0.02105326	15.93125	15.96948	43.26448	59.28255	81.73370	1307.491	-0.07854360	129.4535	0.6548502	0.03594577	0.5072406	1.971451	46.79304	50.37284	114.8346	38.22997	56.01471	504.4938	22.97691	15.92446	0.03992758
481.3177	1.838799	47.45675	0.02107182	15.98184	16.02058	43.36972	59.24279	81.79824	1305.413	-0.07760174	129.0468	0.6544017	0.03580242	0.5134929	1.947447	46.79730	50.37826	114.7523	38.31388	56.20049	504.5276	22.85143	15.94585	0.04005549
481.9409	1.862006	47.41479	0.02109046	16.03246	16.07173	43.47490	59.20316	81.86333	1303.326	-0.07665294	128.6426	0.6539499	0.03565898	0.5198081	1.923787	46.80147	50.38357	114.6700	38.39800	56.38748	504.5594	22.72677	15.96725	0.04018402
482.5642	1.885439	47.37272	0.02110920	16.08311	16.12291	43.58002	59.16365	81.92897	1301.232	-0.07569712	128.2409	0.6534948	0.03551547	0.5261868	1.900466	46.80556	50.38877	114.5879	38.48230	56.57568	504.5890	22.60293	15.98866	0.04031317
483.1874	1.909101	47.33052	0.02112802	16.13381	16.17414	43.68507	59.12426	81.99517	1299.131	-0.07473421	127.8416	0.6530364	0.03537188	0.5326294	1.877478	46.80957	50.39387	114.5059	38.56680	56.76511	504.6166	22.47991	16.01008	0.04044294
483.8106	1.932993	47.28820	0.02114692	16.18453	16.22541	43.79006	59.08500	82.06193	1297.022	-0.07376413	127.4447	0.6525747	0.03522822	0.5391365	1.854818	46.81350	50.39885	114.4240	38.65150	56.95577	504.6421	22.35771	16.03152	0.04057334
484.4338	1.957115	47.24576	0.02116592	16.23529	16.27672	43.89499	59.04586	82.12926	1294.905	-0.07278681	127.0502	0.6521097	0.03508448	0.5457086	1.832480	46.81734	50.40372	114.3422	38.73639	57.14770	504.6655	22.23631	16.05296	0.04070437
485.0571	1.981471	47.20320	0.02118500	16.28609	16.32807	43.99986	59.00684	82.19716	1292.780	-0.07180218	126.6580	0.6516414	0.03494066	0.5523464	1.810458	46.82111	50.40848	114.2605	38.82148	57.34088	504.6868	22.11571	16.07442	0.04083605
485.6803	2.006061	47.16052	0.02120418	16.33693	16.37946	44.10467	58.96794	82.26564	1290.648	-0.07081014	126.2682	0.6511698	0.03479677	0.5590503	1.788748	46.82478	50.41312	114.1789	38.90676	57.53534	504.7060	21.99591	16.09589	0.04096836
486.3035	2.030887	47.11772	0.02122344	16.38780	16.43090	44.20942	58.92917	82.33471	1288.508	-0.06981062	125.8806	0.6506950	0.03465280	0.5658209	1.767344	46.82838	50.41765	114.0974	38.99223	57.73109	504.7230	21.87690	16.11738	0.04110132
486.9267	2.055951	47.07479	0.02124279	16.43870	16.48238	44.31412	58.89052	82.40437	1286.361	-0.06880355	125.4954	0.6502168	0.03450876	0.5726587	1.746241	46.83189	50.42207	114.0160	39.07790	57.92815	504.7380	21.75868	16.13888	0.04123493
487.5500	2.081253	47.03174	0.02126224	16.48964	16.53390	44.41875	58.85199	82.47463	1284.206	-0.06778883	125.1124	0.6497354	0.03436465	0.5795644	1.725434	46.83531	50.42638	113.9347	39.16377	58.12652	504.7508	21.64123	16.16039	0.04136920
488.1732	2.106796	46.98856	0.02128177	16.54062	16.58546	44.52333	58.81359	82.54549	1282.044	-0.06676639	124.7316	0.6492507	0.03422046	0.5865385	1.704918	46.83865	50.43056	113.8534	39.24982	58.32622	504.7614	21.52456	16.18192	0.04150413
488.7964	2.132581	46.94527	0.02130140	16.59164	16.63707	44.62786	58.77531	82.61695	1279.873	-0.06573614	124.3531	0.6487628	0.03407621	0.5935816	1.684688	46.84190	50.43464	113.7723	39.33607	58.52726	504.7699	21.40866	16.20346	0.04163973
489.4197	2.158610	46.90184	0.02132112	16.64270	16.68872	44.73233	58.73715	82.68904	1277.695	-0.06469800	123.9767	0.6482716	0.03393189	0.6006943	1.664740	46.84507	50.43859	113.6913	39.42252	58.72967	504.7763	21.29352	16.22502	0.04177600
490.0429	2.184884	46.85829	0.02134094	16.69379	16.74042	44.83674	58.69912	82.76175	1275.510	-0.06365187	123.6025	0.6477771	0.03378750	0.6078771	1.645069	46.84815	50.44243	113.6104	39.50916	58.93344	504.7805	21.17914	16.24659	0.04191294
490.6661	2.211404	46.81462	0.02136085	16.74492	16.79216	44.94111	58.66121	82.83509	1273.317	-0.06259768	123.2304	0.6472794	0.03364304	0.6151306	1.625671	46.85114	50.44616	113.5295	39.59600	59.13861	504.7825	21.06552	16.26818	0.04205057
491.2893	2.238173	46.77081	0.02138086	16.79609	16.84394	45.04542	58.62343	82.90906	1271.116	-0.06153533	122.8604	0.6467785	0.03349851	0.6224556	1.606540	46.85405	50.44976	113.4487	39.68303	59.34517	504.7823	20.95264	16.28979	0.04218889
491.9126	2.265192	46.72688	0.02140096	16.84730	16.89577	45.14967	58.58577	82.98367	1268.908	-0.06046473	122.4926	0.6462742	0.03335392	0.6298524	1.587673	46.85686	50.45325	113.3680	39.77025	59.55316	504.7799	20.84050	16.31141	0.04232789
492.5358	2.292463	46.68282	0.02142116	16.89854	16.94765	45.25388	58.54824	83.05894	1266.691	-0.05938579	122.1268	0.6457668	0.03320926	0.6373219	1.569066	46.85959	50.45661	113.2874	39.85768	59.76257	504.7754	20.72910	16.33305	0.04246760
493.1590	2.319986	46.63863	0.02144145	16.94983	16.99957	45.35804	58.51083	83.13486	1264.468	-0.05829842	121.7630	0.6452561	0.03306453	0.6448645	1.550713	46.86222	50.45986	113.2069	39.94530	59.97344	504.7686	20.61843	16.35471	0.04260801
493.7822	2.347764	46.59432	0.02146185	17.00116	17.05154	45.46214	58.47355	83.21144	1262.236	-0.05720253	121.4013	0.6447421	0.03291975	0.6524810	1.532612	46.86477	50.46298	113.1265	40.03311	60.18578	504.7596	20.50849	16.37639	0.04274913
494.4055	2.375799	46.54987	0.02148234	17.05252	17.10356	45.56620	58.43639	83.28870	1259.997	-0.05609801	121.0415	0.6442250	0.03277490	0.6601719	1.514757	46.86723	50.46599	113.0461	40.12113	60.39959	504.7483	20.39928	16.39808	0.04289096
495.0287	2.404091	46.50529	0.02150293	17.10393	17.15562	45.67021	58.39936	83.36663	1257.750	-0.05498478	120.6838	0.6437045	0.03262999	0.6679379	1.497145	46.86959	50.46887	112.9658	40.20934	60.61491	504.7349	20.29077	16.41980	0.04303352
495.6519	2.432643	46.46058	0.02152362	17.15537	17.20773	45.77417	58.36246	83.44525	1255.496	-0.05386273	120.3280	0.6431809	0.03248502	0.6757796	1.479772	46.87187	50.47163	112.8856	40.29776	60.83175	504.7191	20.18298	16.44153	0.04317680
496.2751	2.461456	46.41574	0.02154442	17.20686	17.25989	45.87808	58.32568	83.52456	1253.234	-0.05273176	119.9741	0.6426540	0.03233999	0.6836977	1.462635	46.87405	50.47426	112.8054	40.38637	61.05012	504.7012	20.07590	16.46329	0.04332081
496.8984	2.490531	46.37076	0.02156531	17.25839	17.31210	45.98195	58.28903	83.60457	1250.964	-0.05159177	119.6221	0.6421239	0.03219490	0.6916928	1.445728	46.87614	50.47677	112.7253	40.47518	61.27005	504.6809	19.96951	16.48506	0.04346557
497.5216	2.519871	46.32566	0.02158631	17.30996	17.36435	46.08577	58.25251	83.68529	1248.687	-0.05044267	119.2721	0.6415906	0.03204975	0.6997656	1.429050	46.87814	50.47916	112.6453	40.56419	61.49155	504.6584	19.86382	16.50686	0.04361107
498.1448	2.549477	46.28041	0.02160741	17.36157	17.41666	46.18955	58.21611	83.76673	1246.401	-0.04928434	118.9239	0.6410541	0.03190454	0.7079168	1.412595	46.88004	50.48142	112.5654	40.65341	61.71464	504.6335	19.75882	16.52868	0.04375732
498.7681	2.579351	46.23504	0.02162862	17.41322	17.46901	46.29329	58.17984	83.84889	1244.109	-0.04811668	118.5776	0.6405143	0.03175928	0.7161471	1.396361	46.88185	50.48355	112.4855	40.74283	61.93934	504.6064	19.65451	16.55052	0.04390433
499.3913	2.609493	46.18952	0.02164993	17.46492	17.52141	46.39698	58.14370	83.93179	1241.808	-0.04693959	118.2331	0.6399714	0.03161396	0.7244570	1.380344	46.88356	50.48556	112.4056	40.83246	62.16567	504.5770	19.55088	16.57239	0.04405211
500.0145	2.639907	46.14388	0.02167135	17.51665	17.57386	46.50063	58.10769	84.01542	1239.500	-0.04575295	117.8904	0.6394252	0.03146859	0.7328474	1.364541	46.88518	50.48744	112.3259	40.92229	62.39365	504.5453	19.44792	16.59428	0.04420065
500.6377	2.670593	46.09809	0.02169287	17.56843	17.62637	46.60424	58.07180	84.09980	1237.184	-0.04455665	117.5495	0.6388758	0.03132317	0.7413188	1.348947	46.88670	50.48919	112.2462	41.01232	62.62330	504.5112	19.34563	16.61619	0.04434998
501.2610	2.701553	46.05217	0.02171451	17.62026	17.67892	46.70781	58.03605	84.18495	1234.860	-0.04335058	117.2104	0.6383232	0.03117769	0.7498721	1.333561	46.88813	50.49082	112.1665	41.10256	62.85465	504.4748	19.24401	16.63813	0.04450009
501.8842	2.732789	46.00610	0.02173625	17.67213	17.73153	46.81133	58.00042	84.27085	1232.528	-0.04213464	116.8731	0.6377674	0.03103216	0.7585079	1.318378	46.88946	50.49231	112.0869	41.19302	63.08770	504.4360	19.14304	16.66009	0.04465100
502.5074	2.764303	45.95990	0.02175810	17.72404	17.78418	46.91482	57.96492	84.35754	1230.189	-0.04090869	116.5375	0.6372083	0.03088658	0.7672270	1.303395	46.89069	50.49367	112.0074	41.28368	63.32249	504.3949	19.04274	16.68208	0.04480270
503.1306	2.796095	45.91356	0.02178006	17.77599	17.83689	47.01827	57.92955	84.44501	1227.842	-0.03967263	116.2035	0.6366461	0.03074095	0.7760300	1.288610	46.89182	50.49490	111.9279	41.37455	63.55904	504.3514	18.94308	16.70409	0.04495521
503.7539	2.828169	45.86708	0.02180213	17.82800	17.88966	47.12169	57.89432	84.53327	1225.487	-0.03842634	115.8713	0.6360807	0.03059528	0.7849177	1.274019	46.89286	50.49600	111.8484	41.46564	63.79737	504.3055	18.84407	16.72613	0.04510854
504.3771	2.860525	45.82046	0.02182431	17.88004	17.94247	47.22506	57.85921	84.62234	1223.125	-0.03716969	115.5408	0.6355121	0.03044955	0.7938909	1.259619	46.89379	50.49696	111.7690	41.55694	64.03750	504.2573	18.74569	16.74820	0.04526269
505.0003	2.893165	45.77369	0.02184661	17.93213	17.99534	47.32841	57.82424	84.71222	1220.754	-0.03590257	115.2119	0.6349402	0.03030378	0.8029503	1.245407	46.89463	50.49780	111.6897	41.64845	64.27945	504.2066	18.64796	16.77030	0.04541767
505.6235	2.926091	45.72678	0.02186902	17.98427	18.04826	47.43171	57.78939	84.80292	1218.376	-0.03462484	114.8847	0.6343652	0.03015797	0.8120966	1.231381	46.89536	50.49849	111.6104	41.74018	64.52325	504.1535	18.55085	16.79242	0.04557348
506.2468	2.959304	45.67973	0.02189155	18.03645	18.10124	47.53498	57.75468	84.89446	1215.990	-0.03333639	114.5591	0.6337870	0.03001211	0.8213307	1.217536	46.89599	50.49905	111.5311	41.83213	64.76893	504.0980	18.45437	16.81458	0.04573015
506.8700	2.992807	45.63254	0.02191419	18.08868	18.15427	47.63822	57.72010	84.98683	1213.596	-0.03203708	114.2351	0.6332056	0.02986620	0.8306532	1.203872	46.89653	50.49948	111.4519	41.92430	65.01650	504.0401	18.35851	16.83676	0.04588766
507.4932	3.026601	45.58519	0.02193695	18.14096	18.20735	47.74143	57.68566	85.08007	1211.194	-0.03072679	113.9127	0.6326210	0.02972026	0.8400651	1.190384	46.89695	50.49977	111.3727	42.01670	65.26600	503.9797	18.26326	16.85898	0.04604604
508.1165	3.060687	45.53770	0.02195982	18.19328	18.26049	47.84460	57.65134	85.17416	1208.785	-0.02940537	113.5919	0.6320332	0.02957427	0.8495670	1.177070	46.89728	50.49992	111.2935	42.10931	65.51744	503.9168	18.16863	16.88122	0.04620530
508.7397	3.095067	45.49007	0.02198282	18.24565	18.31369	47.94775	57.61716	85.26913	1206.368	-0.02807270	113.2726	0.6314422	0.02942824	0.8591598	1.163928	46.89750	50.49993	111.2144	42.20215	65.77086	503.8515	18.07460	16.90350	0.04636543
509.3629	3.129744	45.44228	0.02200594	18.29807	18.36694	48.05086	57.58312	85.36498	1203.942	-0.02672864	112.9548	0.6308480	0.02928217	0.8688443	1.150954	46.89762	50.49981	111.1353	42.29521	66.02629	503.7837	17.98117	16.92581	0.04652645
509.9861	3.164718	45.39435	0.02202917	18.35053	18.42025	48.15395	57.54921	85.46173	1201.509	-0.02537305	112.6386	0.6302506	0.02913606	0.8786213	1.138147	46.89763	50.49954	111.0562	42.38851	66.28374	503.7134	17.88834	16.94816	0.04668836
510.6094	3.199992	45.34627	0.02205253	18.40305	18.47362	48.25700	57.51543	85.55939	1199.068	-0.02400579	112.3238	0.6296501	0.02898992	0.8884916	1.125503	46.89753	50.49913	110.9772	42.48203	66.54325	503.6406	17.79610	16.97053	0.04685119
511.2326	3.235568	45.29803	0.02207601	18.45561	18.52704	48.36003	57.48179	85.65796	1196.619	-0.02262671	112.0106	0.6290463	0.02884374	0.8984561	1.113020	46.89733	50.49859	110.8982	42.57579	66.80484	503.5653	17.70445	16.99295	0.04701493
511.8558	3.271446	45.24965	0.02209962	18.50823	18.58052	48.46303	57.44829	85.75746	1194.163	-0.02123568	111.6988	0.6284393	0.02869753	0.9085157	1.100696	46.89702	50.49789	110.8192	42.66977	67.06855	503.4874	17.61338	17.01539	0.04717959
512.4790	3.307628	45.20111	0.02212335	18.56089	18.63407	48.56601	57.41492	85.85791	1191.698	-0.01983253	111.3884	0.6278292	0.02855128	0.9186711	1.088529	46.89661	50.49706	110.7402	42.76400	67.33440	503.4070	17.52289	17.03788	0.04734520
513.1023	3.344118	45.15242	0.02214721	18.61360	18.68767	48.66896	57.38169	85.95931	1189.225	-0.01841713	111.0795	0.6272159	0.02840500	0.9289232	1.076515	46.89608	50.49608	110.6613	42.85846	67.60243	503.3241	17.43297	17.06040	0.04751174
513.7255	3.380915	45.10357	0.02217119	18.66637	18.74133	48.77189	57.34860	86.06168	1186.744	-0.01698932	110.7720	0.6265994	0.02825868	0.9392730	1.064653	46.89545	50.49495	110.5824	42.95316	67.87266	503.2385	17.34362	17.08296	0.04767925
514.3487	3.418023	45.05457	0.02219531	18.71918	18.79505	48.87479	57.31565	86.16502	1184.256	-0.01554894	110.4659	0.6259797	0.02811234	0.9497213	1.052940	46.89471	50.49368	110.5035	43.04811	68.14512	503.1504	17.25483	17.10555	0.04784772
514.9719	3.455442	45.00541	0.02221955	18.77205	18.84883	48.97768	57.28283	86.26936	1181.759	-0.01409584	110.1612	0.6253568	0.02796596	0.9602690	1.041375	46.89385	50.49226	110.4246	43.14329	68.41985	503.0597	17.16660	17.12819	0.04801716
515.5952	3.493174	44.95610	0.02224392	18.82497	18.90267	49.08054	57.25016	86.37470	1179.254	-0.01262985	109.8579	0.6247307	0.02781956	0.9709170	1.029954	46.89289	50.49069	110.3457	43.23873	68.69688	502.9664	17.07893	17.15086	0.04818759
516.2184	3.531222	44.90663	0.02226843	18.87794	18.95657	49.18338	57.21763	86.48106	1176.742	-0.01115081	109.5559	0.6241014	0.02767313	0.9816663	1.018676	46.89181	50.48898	110.2668	43.33441	68.97625	502.8704	16.99180	17.17358	0.04835903
516.8416	3.569587	44.85699	0.02229307	18.93096	19.01054	49.28620	57.18523	86.58845	1174.221	-0.009658557	109.2552	0.6234690	0.02752667	0.9925177	1.007539	46.89062	50.48711	110.1880	43.43034	69.25798	502.7719	16.90523	17.19634	0.04853147
517.4649	3.608271	44.80720	0.02231784	18.98404	19.06456	49.38900	57.15298	86.69689	1171.692	-0.008152921	108.9559	0.6228333	0.02738019	1.003472	0.9965397	46.88931	50.48510	110.1091	43.52652	69.54210	502.6706	16.81919	17.21913	0.04870493
518.0881	3.647275	44.75725	0.02234275	19.03717	19.11866	49.49179	57.12087	86.80638	1169.155	-0.006633730	108.6578	0.6221945	0.02723369	1.014531	0.9856772	46.88789	50.48293	110.0303	43.62296	69.82867	502.5668	16.73369	17.24198	0.04887942
518.7113	3.686602	44.70713	0.02236780	19.09035	19.17281	49.59456	57.08891	86.91695	1166.610	-0.005100810	108.3611	0.6215524	0.02708716	1.025695	0.9749491	46.88636	50.48060	109.9514	43.71966	70.11770	502.4602	16.64872	17.26486	0.04905496
519.3345	3.726253	44.65685	0.02239298	19.14359	19.22703	49.69731	57.05709	87.02860	1164.057	-0.003553983	108.0656	0.6209072	0.02694061	1.036964	0.9643535	46.88470	50.47813	109.8726	43.81662	70.40925	502.3509	16.56427	17.28779	0.04923155
519.9578	3.766230	44.60640	0.02241831	19.19688	19.28131	49.80005	57.02541	87.14136	1161.496	-0.001993068	107.7714	0.6202588	0.02679404	1.048341	0.9538882	46.88294	50.47550	109.7937	43.91384	70.70334	502.2390	16.48035	17.31077	0.04940922
520.5810	3.806534	44.55579	0.02244377	19.25023	19.33566	49.90277	56.99388	87.25524	1158.926	-0.0004178827	107.4784	0.6196071	0.02664745	1.059825	0.9435516	46.88105	50.47271	109.7149	44.01132	71.00001	502.1243	16.39695	17.33379	0.04958796
521.2042	3.847169	44.50502	0.02246938	19.30363	19.39007	50.00549	56.96249	87.37025	1156.349	0.001171761	107.1867	0.6189523	0.02650084	1.071419	0.9333415	46.87905	50.46977	109.6360	44.10907	71.29930	502.0069	16.31407	17.35686	0.04976780
521.8274	3.888134	44.45407	0.02249513	19.35709	19.44456	50.10819	56.93125	87.48641	1153.763	0.002776052	106.8961	0.6182943	0.02635421	1.083123	0.9232563	46.87692	50.46667	109.5572	44.20709	71.60125	501.8867	16.23169	17.37998	0.04994875
522.4507	3.929434	44.40296	0.02252102	19.41061	19.49910	50.21087	56.90016	87.60373	1151.169	0.004395185	106.6068	0.6176331	0.02620757	1.094938	0.9132940	46.87468	50.46341	109.4783	44.30538	71.90590	501.7638	16.14982	17.40315	0.05013082
523.0739	3.971068	44.35167	0.02254706	19.46418	19.55372	50.31355	56.86922	87.72223	1148.566	0.006029355	106.3186	0.6169687	0.02606091	1.106865	0.9034529	46.87232	50.45999	109.3994	44.40395	72.21329	501.6381	16.06845	17.42637	0.05031402
523.6971	4.013039	44.30022	0.02257325	19.51781	19.60840	50.41622	56.83843	87.84194	1145.956	0.007678763	106.0317	0.6163010	0.02591425	1.118905	0.8937312	46.86983	50.45641	109.3205	44.50279	72.52347	501.5096	15.98757	17.44963	0.05049837
524.3203	4.055349	44.24859	0.02259959	19.57150	19.66315	50.51889	56.80779	87.96285	1143.337	0.009343613	105.7458	0.6156302	0.02576756	1.131059	0.8841271	46.86722	50.45266	109.2416	44.60191	72.83647	501.3783	15.90719	17.47295	0.05068389
524.9436	4.097999	44.19679	0.02262608	19.62525	19.71797	50.62154	56.77729	88.08500	1140.710	0.01102411	105.4612	0.6149562	0.02562087	1.143329	0.8746389	46.86449	50.44876	109.1627	44.70132	73.15235	501.2442	15.82730	17.49633	0.05087058
525.5668	4.140992	44.14481	0.02265272	19.67906	19.77286	50.72419	56.74695	88.20840	1138.074	0.01272047	105.1776	0.6142789	0.02547417	1.155715	0.8652651	46.86163	50.44469	109.0837	44.80101	73.47113	501.1072	15.74789	17.51975	0.05105847
526.1900	4.184329	44.09265	0.02267951	19.73292	19.82782	50.82683	56.71677	88.33307	1135.431	0.01443290	104.8951	0.6135985	0.02532746	1.168219	0.8560038	46.85865	50.44045	109.0047	44.90099	73.79288	500.9674	15.66896	17.54324	0.05124756
526.8133	4.228013	44.04032	0.02270646	19.78685	19.88286	50.92947	56.68674	88.45903	1132.778	0.01616163	104.6138	0.6129148	0.02518074	1.180842	0.8468535	46.85554	50.43605	108.9257	45.00126	74.11763	500.8247	15.59050	17.56678	0.05143788
527.4365	4.272044	43.98781	0.02273357	19.84084	19.93796	51.03211	56.65686	88.58629	1130.118	0.01790687	104.3335	0.6122279	0.02503402	1.193584	0.8378127	46.85231	50.43148	108.8467	45.10183	74.44543	500.6791	15.51252	17.59037	0.05162944
528.0597	4.316426	43.93512	0.02276083	19.89489	19.99313	51.13475	56.62714	88.71488	1127.449	0.01966886	104.0543	0.6115378	0.02488729	1.206448	0.8288796	46.84894	50.42674	108.7676	45.20269	74.77633	500.5306	15.43501	17.61402	0.05182226
528.6829	4.361159	43.88225	0.02278826	19.94900	20.04838	51.23738	56.59757	88.84481	1124.771	0.02144781	103.7762	0.6108445	0.02474056	1.219434	0.8200528	46.84545	50.42183	108.6885	45.30385	75.11039	500.3792	15.35795	17.63774	0.05201634
529.3062	4.406246	43.82920	0.02281584	20.00317	20.10370	51.34002	56.56817	88.97610	1122.085	0.02324398	103.4991	0.6101479	0.02459383	1.232543	0.8113307	46.84183	50.41675	108.6094	45.40532	75.44764	500.2249	15.28136	17.66151	0.05221172
529.9294	4.451689	43.77596	0.02284359	20.05741	20.15910	51.44266	56.53892	89.10878	1119.390	0.02505759	103.2230	0.6094481	0.02444709	1.245777	0.8027118	46.83807	50.41150	108.5303	45.50709	75.78814	500.0676	15.20522	17.68534	0.05240841
530.5526	4.497489	43.72254	0.02287150	20.11171	20.21457	51.54529	56.50983	89.24287	1116.687	0.02688889	102.9480	0.6087451	0.02430036	1.259137	0.7941948	46.83419	50.40607	108.4511	45.60917	76.13195	499.9073	15.12954	17.70924	0.05260642
531.1758	4.543649	43.66893	0.02289958	20.16607	20.27012	51.64794	56.48091	89.37838	1113.976	0.02873814	102.6739	0.6080388	0.02415363	1.272624	0.7857780	46.83017	50.40047	108.3718	45.71156	76.47911	499.7441	15.05430	17.73320	0.05280578
531.7991	4.590170	43.61513	0.02292782	20.22050	20.32574	51.75059	56.45214	89.51535	1111.255	0.03060557	102.4009	0.6073293	0.02400690	1.286240	0.7774601	46.82602	50.39469	108.2925	45.81426	76.82969	499.5778	14.97950	17.75723	0.05300649
532.4223	4.637055	43.56114	0.02295624	20.27499	20.38144	51.85324	56.42354	89.65378	1108.526	0.03249145	102.1288	0.6066166	0.02386018	1.299985	0.7692398	46.82173	50.38874	108.2132	45.91729	77.18373	499.4086	14.90514	17.78132	0.05320859
533.0455	4.684304	43.50697	0.02298482	20.32955	20.43721	51.95590	56.39511	89.79371	1105.789	0.03439605	101.8577	0.6059006	0.02371346	1.313861	0.7611155	46.81731	50.38260	108.1338	46.02063	77.54130	499.2362	14.83122	17.80547	0.05341209
533.6687	4.731921	43.45260	0.02301358	20.38417	20.49307	52.05857	56.36684	89.93516	1103.042	0.03631962	101.5875	0.6051814	0.02356675	1.327870	0.7530860	46.81275	50.37629	108.0544	46.12430	77.90244	499.0608	14.75773	17.82970	0.05361702
534.2920	4.779906	43.39803	0.02304252	20.43886	20.54900	52.16125	56.33874	90.07815	1100.287	0.03826244	101.3182	0.6044589	0.02342005	1.342012	0.7451498	46.80805	50.36979	107.9749	46.22830	78.26723	498.8824	14.68466	17.85400	0.05382338
534.9152	4.828263	43.34327	0.02307163	20.49362	20.60501	52.26394	56.31081	90.22271	1097.524	0.04022480	101.0499	0.6037331	0.02327336	1.356289	0.7373058	46.80321	50.36312	107.8954	46.33262	78.63572	498.7008	14.61202	17.87837	0.05403121
535.5384	4.876993	43.28831	0.02310092	20.54844	20.66111	52.36664	56.28305	90.36885	1094.751	0.04220696	100.7825	0.6030041	0.02312668	1.370703	0.7295526	46.79823	50.35626	107.8158	46.43728	79.00798	498.5162	14.53980	17.90281	0.05424052
536.1617	4.926097	43.23316	0.02313039	20.60334	20.71728	52.46935	56.25545	90.51661	1091.970	0.04420923	100.5160	0.6022718	0.02298002	1.385255	0.7218889	46.79311	50.34921	107.7361	46.54228	79.38406	498.3284	14.46799	17.92732	0.05445133
536.7849	4.975579	43.17780	0.02316005	20.65830	20.77354	52.57208	56.22804	90.66602	1089.179	0.04623189	100.2504	0.6015363	0.02283336	1.399946	0.7143135	46.78785	50.34197	107.6564	46.64762	79.76403	498.1374	14.39660	17.95191	0.05466368
537.4081	5.025439	43.12224	0.02318989	20.71334	20.82988	52.67482	56.20079	90.81709	1086.380	0.04827524	99.98564	0.6007974	0.02268673	1.414777	0.7068251	46.78245	50.33455	107.5766	46.75330	80.14796	497.9433	14.32561	17.97657	0.05487757
538.0313	5.075681	43.06648	0.02321991	20.76844	20.88630	52.77759	56.17373	90.96986	1083.572	0.05033959	99.72174	0.6000553	0.02254011	1.429751	0.6994226	46.77690	50.32694	107.4968	46.85933	80.53591	497.7460	14.25503	18.00131	0.05509304
538.6546	5.126305	43.01052	0.02325013	20.82362	20.94281	52.88036	56.14684	91.12435	1080.755	0.05242525	99.45869	0.5993099	0.02239351	1.444868	0.6921047	46.77120	50.31914	107.4169	46.96571	80.92796	497.5455	14.18485	18.02613	0.05531011
539.2778	5.177314	42.95434	0.02328053	20.87887	20.99940	52.98316	56.12012	91.28060	1077.929	0.05453255	99.19648	0.5985611	0.02224694	1.460131	0.6848702	46.76536	50.31115	107.3369	47.07244	81.32417	497.3417	14.11506	18.05104	0.05552880
539.9010	5.228709	42.89796	0.02331113	20.93419	21.05607	53.08598	56.09359	91.43863	1075.094	0.05666179	98.93508	0.5978091	0.02210038	1.475540	0.6777180	46.75937	50.30296	107.2568	47.17953	81.72462	497.1347	14.04567	18.07602	0.05574915
540.5242	5.280494	42.84137	0.02334192	20.98958	21.11284	53.18882	56.06724	91.59846	1072.250	0.05881332	98.67450	0.5970538	0.02195385	1.491097	0.6706470	46.75323	50.29457	107.1767	47.28698	82.12939	496.9244	13.97667	18.10109	0.05597116
541.1475	5.332669	42.78457	0.02337291	21.04505	21.16969	53.29168	56.04108	91.76014	1069.396	0.06098746	98.41471	0.5962951	0.02180734	1.506805	0.6636560	46.74694	50.28599	107.0964	47.39480	82.53853	496.7109	13.90805	18.12624	0.05619488
541.7707	5.385237	42.72755	0.02340410	21.10059	21.22662	53.39457	56.01510	91.92370	1066.534	0.06318457	98.15570	0.5955332	0.02166086	1.522663	0.6567440	46.74049	50.27721	107.0161	47.50298	82.95214	496.4940	13.83982	18.15148	0.05642033
542.3939	5.438200	42.67032	0.02343549	21.15621	21.28365	53.49748	55.98930	92.08916	1063.662	0.06540500	97.89746	0.5947679	0.02151441	1.538675	0.6499098	46.73390	50.26824	106.9357	47.61154	83.37030	496.2738	13.77196	18.17680	0.05664753
543.0171	5.491560	42.61287	0.02346709	21.21190	21.34077	53.60042	55.96370	92.25655	1060.781	0.06764909	97.63999	0.5939992	0.02136798	1.554842	0.6431523	46.72714	50.25905	106.8552	47.72047	83.79308	496.0502	13.70448	18.20222	0.05687652
543.6404	5.545319	42.55520	0.02349889	21.26767	21.39798	53.70339	55.93829	92.42592	1057.891	0.06991723	97.38326	0.5932272	0.02122159	1.571164	0.6364706	46.72024	50.24967	106.7747	47.82978	84.22056	495.8233	13.63737	18.22773	0.05710732
544.2636	5.599480	42.49731	0.02353090	21.32352	21.45528	53.80638	55.91307	92.59729	1054.991	0.07220977	97.12726	0.5924519	0.02107523	1.587645	0.6298636	46.71317	50.24008	106.6940	47.93947	84.65284	495.5929	13.57063	18.25333	0.05733997
544.8868	5.654043	42.43920	0.02356312	21.37944	21.51267	53.90941	55.88804	92.77070	1052.082	0.07452711	96.87199	0.5916732	0.02092891	1.604286	0.6233302	46.70595	50.23029	106.6132	48.04955	85.08999	495.3592	13.50425	18.27902	0.05757449
545.5101	5.709011	42.38086	0.02359556	21.43545	21.57015	54.01248	55.86321	92.94619	1049.164	0.07686962	96.61743	0.5908912	0.02078262	1.621089	0.6168694	46.69857	50.22028	106.5324	48.16002	85.53211	495.1220	13.43823	18.30481	0.05781092
546.1333	5.764386	42.32230	0.02362821	21.49153	21.62773	54.11557	55.83857	93.12379	1046.236	0.07923771	96.36356	0.5901057	0.02063637	1.638054	0.6104804	46.69102	50.21007	106.4514	48.27089	85.97929	494.8813	13.37257	18.33070	0.05804928
546.7565	5.820171	42.26350	0.02366108	21.54770	21.68541	54.21870	55.81414	93.30354	1043.299	0.08163178	96.11038	0.5893169	0.02049016	1.655185	0.6041620	46.68332	50.19964	106.3703	48.38215	86.43162	494.6371	13.30726	18.35669	0.05828962
547.3797	5.876367	42.20448	0.02369417	21.60394	21.74318	54.32187	55.78991	93.48549	1040.352	0.08405225	95.85788	0.5885247	0.02034399	1.672483	0.5979133	46.67545	50.18901	106.2891	48.49381	86.88920	494.3895	13.24231	18.38278	0.05853196
548.0030	5.932977	42.14522	0.02372748	21.66027	21.80105	54.42508	55.76589	93.66966	1037.395	0.08649953	95.60603	0.5877291	0.02019786	1.689950	0.5917334	46.66741	50.17815	106.2078	48.60588	87.35212	494.1383	13.17770	18.40898	0.05877635
548.6262	5.990002	42.08573	0.02376102	21.71669	21.85901	54.52833	55.74207	93.85610	1034.429	0.08897405	95.35484	0.5869301	0.02005178	1.707588	0.5856214	46.65921	50.16708	106.1264	48.71836	87.82049	493.8835	13.11343	18.43528	0.05902281
549.2494	6.047445	42.02600	0.02379479	21.77318	21.91708	54.63162	55.71846	94.04486	1031.453	0.09147626	95.10428	0.5861277	0.01990574	1.725398	0.5795763	46.65084	50.15579	106.0449	48.83125	88.29440	493.6252	13.04950	18.46168	0.05927138
549.8726	6.105307	41.96603	0.02382880	21.82976	21.97525	54.73495	55.69506	94.23596	1028.468	0.09400661	94.85435	0.5853218	0.01975975	1.743384	0.5735972	46.64229	50.14428	105.9632	48.94456	88.77397	493.3632	12.98591	18.48820	0.05952210
550.4959	6.163592	41.90582	0.02386304	21.88643	22.03351	54.83833	55.67188	94.42947	1025.472	0.09656555	94.60504	0.5845125	0.01961381	1.761546	0.5676832	46.63358	50.13255	105.8815	49.05829	89.25930	493.0976	12.92265	18.51483	0.05977502
551.1191	6.222300	41.84536	0.02389751	21.94318	22.09188	54.94175	55.64891	94.62542	1022.467	0.09915355	94.35633	0.5836997	0.01946792	1.779887	0.5618335	46.62469	50.12059	105.7996	49.17245	89.75050	492.8284	12.85973	18.54157	0.06003016
551.7423	6.281435	41.78466	0.02393223	22.00002	22.15035	55.04523	55.62616	94.82386	1019.452	0.1017711	94.10820	0.5828835	0.01932209	1.798409	0.5560472	46.61563	50.10841	105.7175	49.28704	90.24768	492.5554	12.79712	18.56842	0.06028757
552.3655	6.340999	41.72370	0.02396719	22.05695	22.20893	55.14875	55.60363	95.02483	1016.427	0.1044187	93.86066	0.5820639	0.01917631	1.817113	0.5503234	46.60640	50.09600	105.6354	49.40206	90.75096	492.2788	12.73485	18.59540	0.06054729
552.9888	6.400992	41.66250	0.02400240	22.11397	22.26761	55.25232	55.58132	95.22839	1013.392	0.1070968	93.61368	0.5812407	0.01903059	1.836003	0.5446614	46.59698	50.08335	105.5531	49.51752	91.26047	491.9984	12.67289	18.62249	0.06080936
553.6120	6.461419	41.60105	0.02403786	22.17108	22.32640	55.35595	55.55924	95.43459	1010.346	0.1098060	93.36725	0.5804140	0.01888492	1.855080	0.5390602	46.58738	50.07048	105.4706	49.63342	91.77632	491.7143	12.61124	18.64971	0.06107383
554.2352	6.522280	41.53933	0.02407357	22.22828	22.38529	55.45963	55.53739	95.64347	1007.291	0.1125467	93.12137	0.5795839	0.01873932	1.874347	0.5335190	46.57761	50.05737	105.3880	49.74977	92.29863	491.4264	12.54992	18.67705	0.06134075
554.8585	6.583579	41.47736	0.02410954	22.28557	22.44430	55.56337	55.51577	95.85509	1004.225	0.1153195	92.87602	0.5787502	0.01859378	1.893806	0.5280372	46.56765	50.04402	105.3053	49.86658	92.82755	491.1346	12.48890	18.70451	0.06161015
555.4817	6.645316	41.41513	0.02414577	22.34296	22.50341	55.66717	55.49439	96.06950	1001.149	0.1181250	92.63119	0.5779130	0.01844830	1.913459	0.5226138	46.55750	50.03044	105.2224	49.98384	93.36319	490.8391	12.42818	18.73211	0.06188209
556.1049	6.707496	41.35263	0.02418226	22.40044	22.56264	55.77102	55.47324	96.28676	998.0633	0.1209637	92.38686	0.5770722	0.01830289	1.933308	0.5172481	46.54717	50.01661	105.1393	50.10156	93.90571	490.5396	12.36777	18.75983	0.06215662
556.7281	6.770119	41.28987	0.02421902	22.45801	22.62198	55.87494	55.45234	96.50692	994.9667	0.1238362	92.14303	0.5762279	0.01815755	1.953356	0.5119393	46.53665	50.00254	105.0561	50.21974	94.45522	490.2363	12.30766	18.78769	0.06243378
557.3514	6.833187	41.22684	0.02425605	22.51568	22.68143	55.97893	55.43168	96.73005	991.8598	0.1267430	91.89968	0.5753801	0.01801228	1.973606	0.5066867	46.52594	49.98822	104.9728	50.33840	95.01189	489.9290	12.24785	18.81569	0.06271363
557.9746	6.896704	41.16353	0.02429335	22.57345	22.74100	56.08298	55.41126	96.95620	988.7423	0.1296848	91.65681	0.5745286	0.01786708	1.994059	0.5014896	46.51503	49.97366	104.8893	50.45753	95.57586	489.6177	12.18833	18.84382	0.06299622
558.5978	6.960672	41.09995	0.02433093	22.63132	22.80068	56.18709	55.39109	97.18543	985.6143	0.1326622	91.41439	0.5736736	0.01772196	2.014719	0.4963471	46.50394	49.95885	104.8056	50.57713	96.14727	489.3025	12.12910	18.87210	0.06328161
559.2210	7.025092	41.03609	0.02436879	22.68929	22.86048	56.29128	55.37118	97.41781	982.4756	0.1356758	91.17242	0.5728149	0.01757691	2.035588	0.4912586	46.49264	49.94378	104.7217	50.69723	96.72629	488.9833	12.07016	18.90052	0.06356985
559.8443	7.089967	40.97196	0.02440694	22.74735	22.92040	56.39554	55.35153	97.65341	979.3263	0.1387262	90.93089	0.5719526	0.01743194	2.056668	0.4862233	46.48115	49.92846	104.6376	50.81781	97.31307	488.6600	12.01151	18.92908	0.06386100
560.4675	7.155299	40.90754	0.02444537	22.80552	22.98044	56.49987	55.33213	97.89228	976.1662	0.1418142	90.68977	0.5710867	0.01728705	2.077963	0.4812406	46.46946	49.91288	104.5534	50.93889	97.90778	488.3326	11.95313	18.95780	0.06415511
561.0907	7.221091	40.84283	0.02448410	22.86379	23.04059	56.60428	55.31300	98.13451	972.9953	0.1449403	90.44907	0.5702171	0.01714224	2.099474	0.4763098	46.45756	49.89704	104.4690	51.06047	98.51058	488.0011	11.89503	18.98667	0.06445226
561.7139	7.287345	40.77783	0.02452313	22.92217	23.10088	56.70877	55.29414	98.38015	969.8134	0.1481052	90.20877	0.5693438	0.01699752	2.121205	0.4714301	46.44547	49.88094	104.3844	51.18255	99.12166	487.6655	11.83721	19.01569	0.06475250
562.3372	7.354062	40.71254	0.02456246	22.98065	23.16128	56.81333	55.27554	98.62928	966.6206	0.1513098	89.96886	0.5684669	0.01685288	2.143159	0.4666010	46.43316	49.86457	104.2996	51.30514	99.74119	487.3257	11.77966	19.04487	0.06505590
562.9604	7.421246	40.64695	0.02460209	23.03924	23.22182	56.91798	55.25723	98.88199	963.4168	0.1545546	89.72932	0.5675863	0.01670833	2.165338	0.4618217	46.42065	49.84794	104.2146	51.42824	100.3694	486.9817	11.72237	19.07421	0.06536252
563.5836	7.488899	40.58107	0.02464203	23.09793	23.28248	57.02272	55.23919	99.13833	960.2018	0.1578404	89.49015	0.5667019	0.01656388	2.187745	0.4570916	46.40792	49.83103	104.1294	51.55187	101.0063	486.6334	11.66535	19.10371	0.06567243
564.2069	7.557023	40.51488	0.02468229	23.15674	23.34326	57.12754	55.22143	99.39841	956.9757	0.1611681	89.25132	0.5658138	0.01641951	2.210384	0.4524100	46.39498	49.81386	104.0440	51.67602	101.6524	486.2809	11.60860	19.13339	0.06598571
564.8301	7.625621	40.44838	0.02472287	23.21565	23.40418	57.23245	55.20397	99.66228	953.7383	0.1645382	89.01283	0.5649219	0.01627524	2.233258	0.4477763	46.38183	49.79640	103.9584	51.80071	102.3076	485.9240	11.55210	19.16323	0.06630242
565.4533	7.694694	40.38158	0.02476377	23.27468	23.46523	57.33745	55.18679	99.93005	950.4895	0.1679517	88.77467	0.5640263	0.01613107	2.256369	0.4431899	46.36846	49.77867	103.8726	51.92593	102.9722	485.5628	11.49586	19.19324	0.06662264
566.0765	7.764245	40.31446	0.02480500	23.33382	23.52641	57.44254	55.16991	100.2018	947.2294	0.1714094	88.53683	0.5631268	0.01598701	2.279721	0.4386502	46.35487	49.76065	103.7865	52.05169	103.6465	485.1973	11.43987	19.22344	0.06694644
566.6998	7.834277	40.24702	0.02484656	23.39308	23.58773	57.54773	55.15333	100.4776	943.9577	0.1749121	88.29928	0.5622236	0.01584304	2.303317	0.4341566	46.34105	49.74236	103.7003	52.17800	104.3307	484.8273	11.38413	19.25381	0.06727392
567.3230	7.904792	40.17927	0.02488846	23.45245	23.64918	57.65302	55.13706	100.7576	940.6744	0.1784606	88.06202	0.5613165	0.01569918	2.327160	0.4297084	46.32701	49.72377	103.6138	52.30487	105.0249	484.4528	11.32863	19.28437	0.06760514
567.9462	7.975793	40.11119	0.02493070	23.51193	23.71078	57.75841	55.12110	101.0418	937.3795	0.1820559	87.82504	0.5604056	0.01555542	2.351254	0.4253050	46.31275	49.70489	103.5270	52.43230	105.7295	484.0739	11.27338	19.31512	0.06794019
568.5694	8.047281	40.04278	0.02497329	23.57154	23.77251	57.86391	55.10545	101.3304	934.0729	0.1856987	87.58833	0.5594907	0.01541177	2.375602	0.4209459	46.29825	49.68572	103.4401	52.56029	106.4446	483.6904	11.21837	19.34605	0.06827916
569.1927	8.119259	39.97405	0.02501623	23.63127	23.83438	57.96951	55.09012	101.6234	930.7544	0.1893901	87.35186	0.5585720	0.01526824	2.400208	0.4166305	46.28352	49.66625	103.3529	52.68886	107.1706	483.3024	11.16360	19.37718	0.06862214
569.8159	8.191731	39.90497	0.02505953	23.69112	23.89640	58.07522	55.07512	101.9210	927.4240	0.1931310	87.11563	0.5576494	0.01512482	2.425075	0.4123583	46.26855	49.64648	103.2654	52.81801	107.9076	482.9098	11.10906	19.40852	0.06896921
570.4391	8.264697	39.83556	0.02510320	23.75109	23.95856	58.18104	55.06045	102.2232	924.0816	0.1969224	86.87963	0.5567228	0.01498152	2.450208	0.4081286	46.25335	49.62641	103.1777	52.94774	108.6559	482.5125	11.05476	19.44005	0.06932048
571.0623	8.338161	39.76580	0.02514724	23.81119	24.02087	58.28697	55.04611	102.5303	920.7271	0.2007652	86.64384	0.5557923	0.01483834	2.475609	0.4039410	46.23790	49.60603	103.0897	53.07806	109.4158	482.1105	11.00068	19.47179	0.06967605
571.6856	8.412125	39.69569	0.02519165	23.87141	24.08332	58.39302	55.03212	102.8422	917.3604	0.2046605	86.40825	0.5548578	0.01469528	2.501283	0.3997948	46.22221	49.58534	103.0015	53.20899	110.1877	481.7037	10.94682	19.50374	0.07003600
572.3088	8.486592	39.62523	0.02523645	23.93176	24.14593	58.49919	55.01847	103.1591	913.9815	0.2086092	86.17285	0.5539192	0.01455234	2.527234	0.3956895	46.20628	49.56433	102.9130	53.34052	110.9716	481.2923	10.89319	19.53591	0.07040046
572.9320	8.561564	39.55441	0.02528163	23.99224	24.20869	58.60549	55.00518	103.4811	910.5902	0.2126126	85.93762	0.5529766	0.01440953	2.553465	0.3916247	46.19009	49.54301	102.8242	53.47266	111.7681	480.8759	10.83978	19.56830	0.07076951
573.5553	8.637043	39.48324	0.02532720	24.05285	24.27161	58.71191	54.99225	103.8084	907.1864	0.2166717	85.70255	0.5520300	0.01426685	2.579982	0.3875997	46.17365	49.52137	102.7352	53.60542	112.5773	480.4548	10.78658	19.60091	0.07114329
574.1785	8.713033	39.41169	0.02537318	24.11360	24.33468	58.81846	54.97969	104.1411	903.7700	0.2207875	85.46763	0.5510793	0.01412431	2.606787	0.3836140	46.15696	49.49940	102.6458	53.73881	113.3997	480.0287	10.73359	19.63375	0.07152189
574.8017	8.789536	39.33978	0.02541957	24.17448	24.39791	58.92514	54.96750	104.4793	900.3410	0.2249614	85.23284	0.5501245	0.01398190	2.633885	0.3796673	46.14001	49.47710	102.5562	53.87284	114.2355	479.5976	10.68082	19.66682	0.07190544
575.4249	8.866554	39.26749	0.02546636	24.23550	24.46130	59.03196	54.95568	104.8232	896.8992	0.2291945	84.99817	0.5491655	0.01383962	2.661281	0.3757588	46.12279	49.45448	102.4663	54.00750	115.0851	479.1616	10.62825	19.70013	0.07229406
576.0482	8.944090	39.19481	0.02551358	24.29666	24.52485	59.13891	54.94426	105.1729	893.4446	0.2334879	84.76360	0.5482023	0.01369749	2.688980	0.3718882	46.10531	49.43151	102.3760	54.14282	115.9487	478.7205	10.57588	19.73369	0.07268788
576.6714	9.022147	39.12176	0.02556123	24.35795	24.58857	59.24601	54.93323	105.5285	889.9770	0.2378430	84.52913	0.5472350	0.01355550	2.716985	0.3680550	46.08756	49.40820	102.2855	54.27879	116.8269	478.2743	10.52371	19.76749	0.07308702
577.2946	9.100726	39.04831	0.02560930	24.41940	24.65246	59.35325	54.92260	105.8902	886.4963	0.2422611	84.29473	0.5462634	0.01341366	2.745302	0.3642586	46.06953	49.38455	102.1946	54.41544	117.7200	477.8230	10.47174	19.80155	0.07349162
577.9178	9.179832	38.97446	0.02565783	24.48098	24.71651	59.46064	54.91238	106.2582	883.0024	0.2467435	84.06040	0.5452876	0.01327197	2.773935	0.3604987	46.05123	49.36055	102.1034	54.55275	118.6284	477.3665	10.41997	19.83587	0.07390182
578.5411	9.259466	38.90022	0.02570680	24.54271	24.78074	59.56818	54.90258	106.6326	879.4952	0.2512915	83.82611	0.5443075	0.01313043	2.802890	0.3567746	46.03265	49.33620	102.0119	54.69075	119.5524	476.9047	10.36838	19.87045	0.07431776
579.1643	9.339632	38.82556	0.02575623	24.60459	24.84515	59.67587	54.89320	107.0137	875.9746	0.2559066	83.59186	0.5433231	0.01298905	2.832171	0.3530860	46.01379	49.31148	101.9201	54.82944	120.4925	476.4376	10.31698	19.90530	0.07473960
579.7875	9.420331	38.75050	0.02580612	24.66662	24.90973	59.78373	54.88425	107.4015	872.4405	0.2605903	83.35763	0.5423344	0.01284783	2.861784	0.3494324	45.99464	49.28641	101.8279	54.96883	121.4492	475.9652	10.26577	19.94042	0.07516747
580.4107	9.501566	38.67501	0.02585649	24.72881	24.97449	59.89175	54.87575	107.7962	868.8927	0.2653439	83.12341	0.5413412	0.01270676	2.891734	0.3458133	45.97520	49.26097	101.7354	55.10892	122.4228	475.4873	10.21474	19.97583	0.07560155
581.0340	9.583341	38.59910	0.02590734	24.79115	25.03943	59.99993	54.86770	108.1982	865.3312	0.2701692	82.88917	0.5403437	0.01256587	2.922026	0.3422283	45.95547	49.23516	101.6425	55.24974	123.4139	475.0040	10.16388	20.01152	0.07604200
581.6572	9.665659	38.52276	0.02595868	24.85365	25.10455	60.10829	54.86011	108.6074	861.7558	0.2750675	82.65491	0.5393417	0.01242514	2.952666	0.3386770	45.93543	49.20897	101.5492	55.39128	124.4230	474.5152	10.11320	20.04751	0.07648898
582.2804	9.748520	38.44599	0.02601052	24.91630	25.16987	60.21682	54.85299	109.0242	858.1663	0.2800406	82.42061	0.5383352	0.01228458	2.983660	0.3351588	45.91509	49.18240	101.4556	55.53356	125.4505	474.0208	10.06269	20.08380	0.07694268
582.9037	9.831930	38.36877	0.02606286	24.97912	25.23537	60.32552	54.84635	109.4488	854.5627	0.2850901	82.18626	0.5373242	0.01214419	3.015014	0.3316734	45.89445	49.15544	101.3616	55.67659	126.4970	473.5208	10.01235	20.12040	0.07740327
583.5269	9.915890	38.29110	0.02611573	25.04211	25.30107	60.43441	54.84019	109.8814	850.9449	0.2902178	81.95183	0.5363087	0.01200399	3.046733	0.3282204	45.87349	49.12809	101.2672	55.82038	127.5630	473.0150	9.962172	20.15731	0.07787095
584.1501	10.00040	38.21298	0.02616912	25.10526	25.36696	60.54349	54.83454	110.3222	847.3126	0.2954254	81.71731	0.5352885	0.01186396	3.078824	0.3247993	45.85222	49.10034	101.1724	55.96493	128.6490	472.5035	9.912156	20.19455	0.07834590
584.7733	10.08547	38.13439	0.02622305	25.16858	25.43305	60.65276	54.82940	110.7715	843.6657	0.3007148	81.48269	0.5342638	0.01172413	3.111294	0.3214097	45.83063	49.07220	101.0772	56.11027	129.7558	471.9861	9.862299	20.23211	0.07882833
585.3966	10.17110	38.05533	0.02627753	25.23208	25.49935	60.76223	54.82478	111.2294	840.0042	0.3060878	81.24795	0.5332344	0.01158447	3.144148	0.3180512	45.80871	49.04364	100.9816	56.25639	130.8838	471.4629	9.812597	20.27000	0.07931845
586.0198	10.25729	37.97579	0.02633256	25.29575	25.56585	60.87189	54.82070	111.6963	836.3278	0.3115465	81.01307	0.5322003	0.01144502	3.177394	0.3147233	45.78646	49.01467	100.8856	56.40332	132.0338	470.9337	9.763047	20.30824	0.07981648
586.6430	10.34404	37.89577	0.02638817	25.35960	25.63256	60.98176	54.81716	112.1725	832.6364	0.3170928	80.77803	0.5311614	0.01130575	3.211038	0.3114257	45.76388	48.98528	100.7891	56.55105	133.2063	470.3985	9.713644	20.34683	0.08032264
587.2662	10.43137	37.81526	0.02644435	25.42362	25.69948	61.09184	54.81419	112.6581	828.9299	0.3227288	80.54282	0.5301178	0.01116669	3.245088	0.3081581	45.74095	48.95546	100.6923	56.69961	134.4021	469.8571	9.664386	20.38578	0.08083716
587.8895	10.51926	37.73425	0.02650112	25.48784	25.76661	61.20214	54.81178	113.1536	825.2081	0.3284566	80.30743	0.5290693	0.01102783	3.279550	0.3049198	45.71768	48.92521	100.5949	56.84901	135.6219	469.3096	9.615270	20.42510	0.08136029
588.5127	10.60772	37.65273	0.02655850	25.55224	25.83396	61.31266	54.80996	113.6592	821.4707	0.3342785	80.07182	0.5280160	0.01088917	3.314433	0.3017107	45.69406	48.89453	100.4971	56.99926	136.8664	468.7559	9.566291	20.46479	0.08189228
589.1359	10.69677	37.57069	0.02661649	25.61683	25.90154	61.42340	54.80873	114.1752	817.7178	0.3401968	79.83599	0.5269578	0.01075073	3.349744	0.2985303	45.67009	48.86340	100.3989	57.15037	138.1364	468.1958	9.517446	20.50487	0.08243339
589.7591	10.78639	37.48813	0.02667511	25.68161	25.96934	61.53437	54.80813	114.7019	813.9490	0.3462138	79.59991	0.5258946	0.01061250	3.385490	0.2953782	45.64575	48.83182	100.3002	57.30236	139.4328	467.6294	9.468733	20.54534	0.08298388
590.3824	10.87659	37.40504	0.02673436	25.74659	26.03737	61.64558	54.80815	115.2397	810.1642	0.3523319	79.36357	0.5248264	0.01047449	3.421680	0.2922541	45.62105	48.79978	100.2009	57.45523	140.7563	467.0564	9.420146	20.58622	0.08354405
591.0056	10.96738	37.32140	0.02679428	25.81177	26.10563	61.75703	54.80881	115.7890	806.3632	0.3585538	79.12695	0.5237532	0.01033670	3.458323	0.2891575	45.59597	48.76727	100.1012	57.60901	142.1078	466.4769	9.371683	20.62751	0.08411418
591.6288	11.05876	37.23722	0.02685485	25.87715	26.17413	61.86873	54.81013	116.3502	802.5458	0.3648820	78.89002	0.5226748	0.01019914	3.495427	0.2860881	45.57052	48.73430	100.0010	57.76371	143.4883	465.8907	9.323340	20.66922	0.08469457
592.2521	11.15073	37.15247	0.02691611	25.94274	26.24287	61.98068	54.81214	116.9235	798.7118	0.3713193	78.65277	0.5215914	0.01006181	3.533000	0.2830456	45.54467	48.70084	99.90029	57.91934	144.8988	465.2978	9.275114	20.71137	0.08528554
592.8753	11.24330	37.06715	0.02697806	26.00854	26.31186	62.09290	54.81483	117.5095	794.8610	0.3778684	78.41518	0.5205028	0.009924710	3.571052	0.2800295	45.51844	48.66690	99.79903	58.07593	146.3401	464.6981	9.226999	20.75396	0.08588742
593.4985	11.33646	36.98125	0.02704073	26.07455	26.38110	62.20537	54.81824	118.1086	790.9931	0.3845323	78.17722	0.5194089	0.009787854	3.609593	0.2770395	45.49181	48.63246	99.69723	58.23347	147.8135	464.0915	9.178994	20.79701	0.08650054
594.1217	11.43023	36.89477	0.02710412	26.14078	26.45059	62.31813	54.82238	118.7212	787.1080	0.3913140	77.93887	0.5183098	0.009651242	3.648632	0.2740753	45.46477	48.59752	99.59487	58.39200	149.3200	463.4779	9.131093	20.84053	0.08712527
594.7450	11.52460	36.80768	0.02716825	26.20724	26.52034	62.43116	54.82727	119.3478	783.2055	0.3982166	77.70012	0.5172053	0.009514878	3.688179	0.2711365	45.43732	48.56206	99.49195	58.55153	150.8606	462.8571	9.083294	20.88452	0.08776196
595.3682	11.61958	36.71997	0.02723313	26.27392	26.59035	62.54447	54.83294	119.9889	779.2851	0.4052434	77.46094	0.5160954	0.009378768	3.728245	0.2682227	45.40945	48.52609	99.38846	58.71208	152.4368	462.2292	9.035591	20.92900	0.08841101
595.9914	11.71517	36.63165	0.02729880	26.34083	26.66064	62.65809	54.83940	120.6450	775.3468	0.4123979	77.22130	0.5149801	0.009242916	3.768840	0.2653336	45.38116	48.48959	99.28437	58.87366	154.0496	461.5940	8.987982	20.97399	0.08907282
596.6146	11.81137	36.54269	0.02736525	26.40797	26.73119	62.77200	54.84667	121.3167	771.3902	0.4196834	76.98118	0.5138593	0.009107326	3.809975	0.2624689	45.35243	48.45255	99.17968	59.03630	155.7005	460.9513	8.940462	21.01950	0.08974779
597.2379	11.90819	36.45308	0.02743252	26.47535	26.80203	62.88622	54.85479	122.0045	767.4150	0.4271038	76.74057	0.5127330	0.008972004	3.851661	0.2596282	45.32326	48.41496	99.07437	59.20001	157.3907	460.3012	8.893027	21.06554	0.09043637
597.8611	12.00563	36.36282	0.02750062	26.54298	26.87314	63.00076	54.86377	122.7091	763.4209	0.4346627	76.49942	0.5116011	0.008836955	3.893911	0.2568112	45.29364	48.37682	98.96844	59.36482	159.1219	459.6434	8.845673	21.11212	0.09113900
598.4843	12.10370	36.27188	0.02756957	26.61086	26.94455	63.11562	54.87363	123.4312	759.4077	0.4423642	76.25772	0.5104635	0.008702183	3.936736	0.2540175	45.26356	48.33811	98.86185	59.53074	160.8954	458.9778	8.798396	21.15926	0.09185616
599.1075	12.20239	36.18026	0.02763938	26.67899	27.01625	63.23081	54.88442	124.1712	755.3749	0.4502124	76.01545	0.5093203	0.008567694	3.980149	0.2512469	45.23301	48.29883	98.75461	59.69780	162.7130	458.3044	8.751191	21.20698	0.09258833
599.7308	12.30172	36.08794	0.02771009	26.74738	27.08826	63.34635	54.89615	124.9301	751.3223	0.4582117	75.77257	0.5081712	0.008433493	4.024163	0.2484989	45.20199	48.25896	98.64668	59.86603	164.5763	457.6230	8.704054	21.25528	0.09333604
600.3540	12.40168	35.99490	0.02778171	26.81603	27.16057	63.46223	54.90885	125.7086	747.2494	0.4663664	75.52905	0.5070164	0.008299587	4.068791	0.2457732	45.17049	48.21849	98.53807	60.03544	166.4871	456.9335	8.656980	21.30419	0.09409982
600.9772	12.50228	35.90114	0.02785427	26.88495	27.23319	63.57848	54.92256	126.5073	743.1558	0.4746814	75.28487	0.5058557	0.008165979	4.114048	0.2430696	45.13848	48.17741	98.42875	60.20606	168.4472	456.2357	8.609966	21.35373	0.09488022
601.6005	12.60352	35.80664	0.02792778	26.95415	27.30613	63.69510	54.93730	127.3273	739.0413	0.4831616	75.03999	0.5046891	0.008032676	4.159947	0.2403877	45.10598	48.13571	98.31870	60.37791	170.4587	455.5295	8.563006	21.40390	0.09567784
602.2237	12.70541	35.71137	0.02800228	27.02362	27.37940	63.81209	54.95311	128.1694	734.9052	0.4918121	74.79440	0.5035165	0.007899684	4.206504	0.2377271	45.07296	48.09338	98.20790	60.55104	172.5237	454.8149	8.516095	21.45474	0.09649328
602.8469	12.80795	35.61533	0.02807779	27.09339	27.45301	63.92948	54.97004	129.0345	730.7472	0.5006383	74.54804	0.5023378	0.007767008	4.253734	0.2350876	45.03941	48.05040	98.09635	60.72545	174.6442	454.0915	8.469230	21.50625	0.09732718
603.4701	12.91114	35.51850	0.02815434	27.16345	27.52695	64.04726	54.98810	129.9237	726.5668	0.5096458	74.30090	0.5011531	0.007634655	4.301653	0.2324688	45.00533	48.00677	97.98401	60.90118	176.8228	453.3593	8.422405	21.55846	0.09818022
604.0934	13.01499	35.42086	0.02823195	27.23381	27.60125	64.16546	55.00735	130.8380	722.3635	0.5188406	74.05294	0.4999622	0.007502631	4.350278	0.2298704	44.97071	47.96247	97.87088	61.07827	179.0617	452.6181	8.375614	21.61139	0.09905309
604.7166	13.11949	35.32240	0.02831065	27.30447	27.67590	64.28408	55.02783	131.7786	718.1366	0.5282289	73.80411	0.4987652	0.007370941	4.399626	0.2272921	44.93552	47.91748	97.75692	61.25674	181.3637	451.8678	8.328854	21.66506	0.09994654
605.3398	13.22467	35.22308	0.02839048	27.37545	27.75091	64.40313	55.04958	132.7467	713.8856	0.5378171	73.55439	0.4975618	0.007239594	4.449714	0.2247335	44.89976	47.87179	97.64212	61.43663	183.7314	451.1082	8.282118	21.71949	0.1008613
605.9630	13.33051	35.12290	0.02847146	27.44676	27.82630	64.52264	55.07264	133.7435	709.6100	0.5476123	73.30374	0.4963522	0.007108595	4.500563	0.2221944	44.86343	47.82539	97.52646	61.61798	186.1679	450.3391	8.235402	21.77470	0.1017982
606.5863	13.43702	35.02183	0.02855362	27.51839	27.90206	64.64260	55.09707	134.7706	705.3090	0.5576215	73.05211	0.4951362	0.006977951	4.552190	0.2196745	44.82649	47.77826	97.40991	61.80081	188.6761	449.5603	8.188699	21.83073	0.1027582
607.2095	13.54421	34.91985	0.02863701	27.59036	27.97822	64.76304	55.12292	135.8293	700.9819	0.5678523	72.79947	0.4939139	0.006847669	4.604616	0.2171734	44.78895	47.73039	97.29245	61.98517	191.2594	448.7716	8.142005	21.88759	0.1037420
607.8327	13.65208	34.81693	0.02872166	27.66267	28.05478	64.88397	55.15025	136.9212	696.6280	0.5783129	72.54577	0.4926850	0.006717756	4.657863	0.2146907	44.75078	47.68175	97.17406	62.17111	193.9212	447.9728	8.095313	21.94530	0.1047506
608.4559	13.76064	34.71306	0.02880760	27.73535	28.13176	65.00540	55.17911	138.0481	692.2466	0.5890115	72.29097	0.4914497	0.006588221	4.711952	0.2122263	44.71197	47.63234	97.05470	62.35865	196.6654	447.1638	8.048617	22.00391	0.1057850
609.0792	13.86988	34.60821	0.02889488	27.80838	28.20915	65.12736	55.20957	139.2117	687.8367	0.5999572	72.03501	0.4902079	0.006459069	4.766905	0.2097797	44.67252	47.58214	96.93437	62.54786	199.4958	446.3443	8.001912	22.06343	0.1068462
609.7024	13.97982	34.50235	0.02898353	27.88179	28.28698	65.24985	55.24169	140.4140	683.3975	0.6111592	71.77786	0.4889595	0.006330309	4.822747	0.2073507	44.63239	47.53112	96.81302	62.73877	202.4167	445.5141	7.955191	22.12390	0.1079354
610.3256	14.09045	34.39546	0.02907361	27.95558	28.36524	65.37289	55.27555	141.6572	678.9281	0.6226276	71.51945	0.4877044	0.006201949	4.879503	0.2049389	44.59158	47.47926	96.69063	62.93144	205.4325	444.6729	7.908448	22.18535	0.1090536
610.9489	14.20178	34.28750	0.02916515	28.02977	28.44397	65.49651	55.31122	142.9434	674.4275	0.6343728	71.25974	0.4864428	0.006073997	4.937198	0.2025440	44.55007	47.42655	96.56716	63.12591	208.5482	443.8205	7.861675	22.24781	0.1102020
611.5721	14.31382	34.17845	0.02925821	28.10437	28.52317	65.62071	55.34878	144.2752	669.8945	0.6464061	70.99866	0.4851745	0.005946462	4.995859	0.2001658	44.50783	47.37297	96.44260	63.32225	211.7687	442.9567	7.814867	22.31132	0.1113821
612.1953	14.42657	34.06827	0.02935283	28.17938	28.60284	65.74553	55.38832	145.6550	665.3281	0.6587390	70.73616	0.4838996	0.005819352	5.055516	0.1978038	44.46486	47.31849	96.31690	63.52051	215.0998	442.0811	7.768015	22.37590	0.1125950
612.8185	14.54004	33.95693	0.02944907	28.25483	28.68302	65.87098	55.42994	147.0859	660.7270	0.6713842	70.47217	0.4826180	0.005692676	5.116197	0.1954577	44.42113	47.26310	96.19003	63.72076	218.5471	441.1935	7.721114	22.44161	0.1138422
613.4418	14.65422	33.84439	0.02954699	28.33072	28.76370	65.99708	55.47374	148.5708	656.0901	0.6843549	70.20662	0.4813298	0.005566443	5.177933	0.1931272	44.37663	47.20676	96.06196	63.92306	222.1173	440.2936	7.674154	22.50848	0.1151252
614.0650	14.76913	33.73062	0.02964665	28.40706	28.84492	66.12386	55.51981	150.1131	651.4159	0.6976651	69.93945	0.4800349	0.005440663	5.240758	0.1908121	44.33132	47.14945	95.93265	64.12748	225.8169	439.3811	7.627128	22.57655	0.1164456
614.6882	14.88476	33.61558	0.02974811	28.48388	28.92667	66.25135	55.56829	151.7163	646.7030	0.7113298	69.67059	0.4787334	0.005315345	5.304705	0.1885119	44.28519	47.09115	95.80206	64.33410	229.6535	438.4556	7.580029	22.64586	0.1178050
615.3114	15.00113	33.49923	0.02985144	28.56119	29.00899	66.37956	55.61929	153.3845	641.9500	0.7253647	69.39994	0.4774254	0.005190500	5.369811	0.1862263	44.23822	47.03183	95.67015	64.54300	233.6349	437.5169	7.532846	22.71647	0.1192054
615.9347	15.11824	33.38151	0.02995670	28.63900	29.09189	66.50853	55.67295	155.1217	637.1552	0.7397867	69.12744	0.4761108	0.005066138	5.436113	0.1839550	44.19038	46.97146	95.53687	64.75425	237.7697	436.5644	7.485573	22.78842	0.1206485
616.5579	15.23609	33.26239	0.03006399	28.71733	29.17539	66.63828	55.72942	156.9328	632.3171	0.7546138	68.85298	0.4747899	0.004942269	5.503651	0.1816976	44.14165	46.91001	95.40219	64.96797	242.0671	435.5979	7.438198	22.86176	0.1221364
617.1811	15.35468	33.14181	0.03017337	28.79620	29.25951	66.76886	55.78886	158.8226	627.4337	0.7698649	68.57648	0.4734626	0.004818905	5.572466	0.1794538	44.09199	46.84744	95.26606	65.18423	246.5373	434.6170	7.390713	22.93655	0.1236712
617.8043	15.47403	33.01972	0.03028494	28.87564	29.34427	66.90028	55.85144	160.7968	622.5033	0.7855604	68.29784	0.4721292	0.004696058	5.642604	0.1772231	44.04138	46.78374	95.12842	65.40314	251.1911	433.6212	7.343108	23.01285	0.1252553
618.4276	15.59414	32.89606	0.03039878	28.95565	29.42969	67.03259	55.91734	162.8612	617.5239	0.8017218	68.01695	0.4707897	0.004573738	5.714110	0.1750054	43.98979	46.71885	94.98922	65.62481	256.0404	432.6100	7.295372	23.09072	0.1268910
619.0508	15.71501	32.77077	0.03051500	29.03627	29.51581	67.16582	55.98677	165.0226	612.4935	0.8183720	67.73370	0.4694444	0.004451959	5.787035	0.1728001	43.93719	46.65275	94.84842	65.84937	261.0980	431.5830	7.247493	23.17021	0.1285810
619.6740	15.83665	32.64379	0.03063370	29.11751	29.60265	67.30001	56.05996	167.2880	607.4099	0.8355356	67.44798	0.4680936	0.004330733	5.861429	0.1706069	43.88354	46.58539	94.70594	66.07694	266.3781	430.5396	7.199461	23.25141	0.1303280
620.2973	15.95906	32.51505	0.03075499	29.19941	29.69023	67.43522	56.13714	169.6654	602.2709	0.8532385	67.15964	0.4667374	0.004210074	5.937349	0.1684253	43.82882	46.51673	94.56173	66.30766	271.8962	429.4794	7.151263	23.33439	0.1321351
620.9205	16.08225	32.38448	0.03087899	29.28198	29.77858	67.57147	56.21859	172.1635	597.0742	0.8715084	66.86856	0.4653764	0.004089995	6.014853	0.1662551	43.77297	46.44673	94.41572	66.54167	277.6690	428.4017	7.102886	23.41922	0.1340054
621.5437	16.20623	32.25199	0.03100584	29.36526	29.86775	67.70882	56.30458	174.7917	591.8173	0.8903750	66.57460	0.4640107	0.003970510	6.094003	0.1640957	43.71597	46.37534	94.26785	66.77914	283.7152	427.3059	7.054316	23.50598	0.1359425
622.1669	16.33099	32.11750	0.03113567	29.44928	29.95775	67.84733	56.39545	177.5606	586.4978	0.9098695	66.27759	0.4626410	0.003851634	6.174867	0.1619468	43.65777	46.30252	94.11804	67.02025	290.0552	426.1913	7.005539	23.59477	0.1379500
622.7902	16.45655	31.98093	0.03126864	29.53406	30.04864	67.98704	56.49153	180.4819	581.1131	0.9300254	65.97738	0.4612678	0.003733384	6.257514	0.1598079	43.59832	46.22821	93.96621	67.26517	296.7117	425.0573	6.956540	23.68568	0.1400319
623.4134	16.58292	31.84217	0.03140490	29.61966	30.14044	68.12802	56.59322	183.5681	575.6604	0.9508782	65.67378	0.4598917	0.003615774	6.342019	0.1576785	43.53758	46.15235	93.81227	67.51412	303.7096	423.9030	6.907302	23.77882	0.1421926
624.0366	16.71009	31.70112	0.03154463	29.70609	30.23321	68.27033	56.70094	186.8336	570.1372	0.9724658	65.36662	0.4585135	0.003498823	6.428465	0.1555581	43.47550	46.07489	93.65615	67.76732	311.0766	422.7277	6.857807	23.87428	0.1444368
624.6598	16.83807	31.55767	0.03168802	29.79341	30.32698	68.41404	56.81516	190.2941	564.5406	0.9948282	65.05568	0.4571341	0.003382547	6.516937	0.1534463	43.41202	45.99576	93.49773	68.02502	318.8437	421.5305	6.808038	23.97219	0.1467696
625.2831	16.96687	31.41170	0.03183527	29.88166	30.42181	68.55922	56.93638	193.9668	558.8678	1.018008	64.74076	0.4557545	0.003266965	6.607528	0.1513425	43.34708	45.91489	93.33693	68.28748	327.0452	420.3103	6.757974	24.07268	0.1491966
625.9063	17.09650	31.26309	0.03198660	29.97088	30.51774	68.70595	57.06519	197.8711	553.1161	1.042050	64.42163	0.4543760	0.003152096	6.700337	0.1492462	43.28062	45.83220	93.17362	68.55499	335.7200	419.0663	6.707593	24.17588	0.1517237
626.5295	17.22696	31.11170	0.03214225	30.06112	30.61483	68.85432	57.20220	202.0285	547.2828	1.067003	64.09804	0.4529998	0.003037961	6.795473	0.1471568	43.21257	45.74763	93.00770	68.82788	344.9113	417.7972	6.656873	24.28193	0.1543578
627.1527	17.35826	30.95737	0.03230249	30.15244	30.71315	69.00442	57.34812	206.4631	541.3651	1.092916	63.76972	0.4516277	0.002924582	6.893053	0.1450736	43.14286	45.66109	92.83902	69.10651	354.6681	416.5019	6.605788	24.39101	0.1571060
627.7760	17.49041	30.79995	0.03246758	30.24489	30.81276	69.15635	57.50371	211.2014	535.3605	1.119842	63.43642	0.4502616	0.002811980	6.993201	0.1429960	43.07141	45.57247	92.66746	69.39126	365.0459	415.1790	6.554311	24.50327	0.1599765
628.3992	17.62341	30.63928	0.03263784	30.33853	30.91372	69.31020	57.66983	216.2736	529.2666	1.147838	63.09782	0.4489035	0.002700178	7.096054	0.1409234	42.99813	45.48168	92.49285	69.68259	376.1076	413.8271	6.502413	24.61892	0.1629781
629.0224	17.75726	30.47517	0.03281360	30.43343	31.01611	69.46609	57.84742	221.7131	523.0813	1.176963	62.75362	0.4475561	0.002589204	7.201763	0.1388549	42.92294	45.38862	92.31505	69.98097	387.9253	412.4447	6.450060	24.73816	0.1661206
629.6457	17.89198	30.30742	0.03299522	30.52967	31.12002	69.62415	58.03751	227.5575	516.8028	1.207276	62.40347	0.4462222	0.002479081	7.310489	0.1367897	42.84572	45.29316	92.13386	70.28695	400.5816	411.0298	6.397218	24.86120	0.1694150
630.2689	18.02758	30.13583	0.03318309	30.62731	31.22552	69.78450	58.24126	233.8494	510.4298	1.238842	62.04704	0.4449051	0.002369840	7.422412	0.1347271	42.76636	45.19517	91.94909	70.60115	414.1715	409.5807	6.343847	24.98832	0.1728736
630.8921	18.16406	29.96017	0.03337765	30.72644	31.33271	69.94729	58.45994	240.6366	503.9614	1.271726	61.68394	0.4436088	0.002261509	7.537728	0.1326660	42.68475	45.09450	91.76051	70.92425	428.8054	408.0952	6.289904	25.11977	0.1765101
631.5153	18.30142	29.78020	0.03357935	30.82715	31.44170	70.11266	58.69493	247.9733	497.3976	1.305996	61.31378	0.4423375	0.002154120	7.656653	0.1306054	42.60074	44.99101	91.56790	71.25704	444.6117	406.5709	6.235341	25.25587	0.1803401
632.1386	18.43969	29.59568	0.03378871	30.92952	31.55257	70.28078	58.94776	255.9214	490.7390	1.341723	60.93615	0.4410964	0.002047708	7.779429	0.1285441	42.51419	44.88451	91.37099	71.60040	461.7414	405.0050	6.180104	25.39696	0.1843812
632.7618	18.57886	29.40633	0.03400629	31.03367	31.66547	70.45182	59.22009	264.5517	483.9875	1.378977	60.55061	0.4398914	0.001942307	7.906324	0.1264810	42.42493	44.77480	91.16947	71.95535	480.3721	403.3948	6.124133	25.54342	0.1886536
633.3850	18.71894	29.21185	0.03423268	31.13970	31.78050	70.62597	59.51370	273.9459	477.1459	1.417831	60.15670	0.4387290	0.001837958	8.037638	0.1244147	42.33277	44.66168	90.96302	72.32305	500.7156	401.7366	6.067360	25.69568	0.1931801
634.0082	18.85995	29.01194	0.03446856	31.24772	31.89780	70.80343	59.83054	284.1991	470.2185	1.458359	59.75394	0.4376171	0.001734703	8.173709	0.1223435	42.23749	44.54488	90.75125	72.70485	523.0253	400.0267	6.009709	25.85422	0.1979876
634.6315	19.00189	28.80628	0.03471466	31.35787	32.01752	70.98443	60.17265	295.4238	463.2111	1.500639	59.34184	0.4365645	0.001632586	8.314920	0.1202657	42.13886	44.42413	90.53376	73.10232	547.6076	398.2606	5.951091	26.01960	0.2031069
635.2547	19.14478	28.59449	0.03497177	31.47029	32.13981	71.16920	60.54223	307.7547	456.1308	1.544750	58.91986	0.4355818	0.001531657	8.461708	0.1181795	42.03660	44.29912	90.31004	73.51728	574.8361	396.4332	5.891406	26.19246	0.2085744
635.8779	19.28862	28.37620	0.03524080	31.58512	32.26487	71.35802	60.94154	321.3564	448.9861	1.590781	58.48742	0.4346815	0.001431969	8.614573	0.1160824	41.93040	44.16947	90.07954	73.95191	605.1715	394.5386	5.830538	26.37353	0.2144331
636.5011	19.43344	28.15097	0.03552276	31.70255	32.39288	71.55117	61.37296	336.4350	441.7865	1.638829	58.04391	0.4338791	0.001333581	8.774095	0.1139719	41.81990	44.03476	89.84162	74.40878	639.1879	392.5697	5.768352	26.56368	0.2207343
637.1244	19.57924	27.91832	0.03581878	31.82276	32.52407	71.74902	61.83896	353.2543	434.5417	1.689013	57.58864	0.4331936	0.001236557	8.940950	0.1118449	41.70467	43.89451	89.59552	74.89097	677.6098	390.5184	5.704689	26.76391	0.2275400
637.7476	19.72604	27.67768	0.03613020	31.94601	32.65871	71.95196	62.34214	372.1614	427.2603	1.741485	57.12080	0.4326500	0.001140969	9.115934	0.1096980	41.58422	43.74812	89.34036	75.40223	721.3649	388.3746	5.639364	26.97543	0.2349256
638.3708	19.87386	27.42838	0.03645859	32.07256	32.79713	72.16049	62.88533	393.6246	419.9480	1.796446	56.63943	0.4322811	0.001046897	9.299995	0.1075269	41.45795	43.59492	89.07509	75.94713	771.6594	386.1266	5.572154	27.19970	0.2429847
638.9941	20.02271	27.16956	0.03680590	32.20276	32.93972	72.37521	63.47181	418.2922	412.6049	1.854170	56.14332	0.4321316	0.0009544287	9.494273	0.1053267	41.32515	43.43407	88.79845	76.53136	830.0898	383.7594	5.502791	27.43850	0.2518344
639.6173	20.17262	26.90012	0.03717456	32.33709	33.08699	72.59690	64.10574	447.0824	405.2215	1.915042	55.63091	0.4322632	0.0008636658	9.700160	0.1030911	41.18495	43.26457	88.50888	77.16203	898.8124	381.2550	5.430953	27.69405	0.2616241
640.2405	20.32361	26.61859	0.03756772	32.47612	33.23963	72.82660	64.79287	481.3271	397.7743	1.979597	55.10013	0.4327623	0.0007747231	9.919377	0.1008128	41.03630	43.08518	88.20449	77.84824	980.8082	378.5903	5.356240	27.96913	0.2725477
640.8637	20.47570	26.32299	0.03798961	32.62065	33.39852	73.06568	65.54185	523.0072	390.2188	2.048580	54.54819	0.4337509	0.0006877338	10.15409	0.09848247	40.87785	42.89435	87.88292	78.60176	1080.311	375.7356	5.278161	28.26736	0.2848629
641.4870	20.62892	26.01051	0.03844600	32.77180	33.56490	73.31604	66.36634	575.1554	382.4810	2.123019	53.97124	0.4354037	0.0006028537	10.40708	0.09608840	40.70791	42.69011	87.54113	79.43818	1203.529	372.6517	5.196092	28.59352	0.2989197
642.1102	20.78331	25.67720	0.03894506	32.93109	33.74050	73.58034	67.28875	642.5851	374.4463	2.204332	53.36404	0.4379742	0.0005202680	10.68201	0.09361537	40.52424	42.46988	87.17517	80.37860	1359.916	369.2861	5.109242	28.95408	0.3152091
642.7334	20.93889	25.31734	0.03949862	33.10073	33.92779	73.86238	68.34671	733.2922	365.9414	2.294476	52.71931	0.4418396	0.0004402018	10.98379	0.09104327	40.32390	42.23025	86.77980	81.45245	1564.560	365.5652	5.016578	29.35814	0.3344450
643.3566	21.09569	24.92246	0.04012444	33.28395	34.13041	74.16776	69.60507	861.3577	356.7086	2.396193	52.02692	0.4475807	0.0003629352	11.31932	0.08834456	40.10279	41.96648	86.34774	82.70221	1842.971	361.3827	4.916726	29.81903	0.3577137
643.9799	21.25374	24.47971	0.04085015	33.48563	34.35385	74.50496	71.17925	1053.506	346.3646	2.513389	51.27268	0.4561419	0.0002888283	11.69864	0.08548003	39.85502	41.67179	85.86858	84.19218	2241.669	356.5772	4.807811	30.35721	0.3867695
644.6031	21.41307	23.96888	0.04172076	33.71343	34.60680	74.88735	73.28295	1365.658	334.3454	2.651733	50.43654	0.4691864	0.0002183649	12.13731	0.08239055	39.57166	41.33590	85.32648	86.02611	2854.611	350.8863	4.687175	31.00636	0.4246863
645.2263	21.57369	23.35706	0.04281361	33.97988	34.90352	75.33692	76.32945	1931.978	319.8648	2.819367	49.49022	0.4900474	0.0001522376	12.66161	0.07897892	39.23792	40.94179	84.69528	88.38894	3902.176	343.8408	4.550804	31.82747	0.4775481
645.8495	21.73562	22.58762	0.04427204	34.30697	35.26925	75.89254	81.15995	3158.967	302.0211	3.026975	48.39640	0.5272347	9.154045e-05	13.32284	0.07505909	38.82550	40.45696	83.92491	91.67441	6046.605	334.4537	4.391828	32.95038	0.5601620
646.4728	21.89893	21.53612	0.04643362	34.74514	35.76198	76.64363	89.84682	7195.194	280.0201	3.286747	47.13250	0.6174954	3.835138e-05	14.25747	0.07013866	38.26044	39.79641	82.88430	97.12503	12641.24	319.7973	4.193947	34.76498	0.7282507
647.0960	22.06400	17.87373	0.05594804	36.31400	37.54844	79.39260	undefined	undefined	undefined	3.741028	94.11135	undefined	undefined	17.87373	0.05594804	36.31400	37.54844	79.39260	undefined	undefined	undefined	3.741028	94.11135	undefined
