Temperature (K)	Pressure (MPa)	Density (l, mol/l)	Volume (l, l/mol)	Internal Energy (l, kJ/mol)	Enthalpy (l, kJ/mol)	Entropy (l, J/mol*K)	Cv (l, J/mol*K)	Cp (l, J/mol*K)	Sound Spd. (l, m/s)	Joule-Thomson (l, K/MPa)	Viscosity (l, uPa*s)	Therm. Cond. (l, W/m*K)	Surf. Tension (l, N/m)	Density (v, mol/l)	Volume (v, l/mol)	Internal Energy (v, kJ/mol)	Enthalpy (v, kJ/mol)	Entropy (v, J/mol*K)	Cv (v, J/mol*K)	Cp (v, J/mol*K)	Sound Spd. (v, m/s)	Joule-Thomson (v, K/MPa)	Viscosity (v, uPa*s)	Therm. Cond. (v, W/m*K)
216.59	0.51796	26.777	0.037345	3.5030	3.5223	22.943	42.895	85.960	975.85	-0.14430	253.37	0.17716	0.016494	0.31268	3.1982	17.286	18.943	94.138	27.691	39.992	222.78	26.174	10.892	0.011116
216.74	0.52126	26.765	0.037362	3.5155	3.5349	23.001	42.885	85.975	974.79	-0.14379	252.75	0.17698	0.016460	0.31458	3.1789	17.288	18.945	94.100	27.709	40.032	222.79	26.126	10.899	0.011129
216.88	0.52457	26.753	0.037378	3.5279	3.5475	23.058	42.876	85.990	973.73	-0.14328	252.13	0.17679	0.016426	0.31648	3.1597	17.290	18.947	94.063	27.727	40.071	222.81	26.078	10.906	0.011142
217.03	0.52789	26.742	0.037395	3.5404	3.5601	23.116	42.867	86.005	972.68	-0.14276	251.51	0.17661	0.016391	0.31840	3.1407	17.292	18.950	94.026	27.745	40.110	222.83	26.030	10.913	0.011155
217.18	0.53124	26.730	0.037412	3.5528	3.5727	23.173	42.858	86.020	971.62	-0.14225	250.89	0.17643	0.016357	0.32032	3.1219	17.294	18.952	93.988	27.763	40.150	222.85	25.982	10.921	0.011168
217.32	0.53459	26.718	0.037428	3.5653	3.5853	23.230	42.849	86.035	970.57	-0.14173	250.28	0.17625	0.016322	0.32226	3.1031	17.296	18.954	93.951	27.781	40.190	222.86	25.934	10.928	0.011181
217.47	0.53797	26.706	0.037445	3.5777	3.5979	23.288	42.839	86.051	969.51	-0.14121	249.66	0.17606	0.016288	0.32420	3.0845	17.297	18.957	93.914	27.800	40.229	222.88	25.887	10.935	0.011194
217.61	0.54136	26.694	0.037462	3.5902	3.6105	23.345	42.830	86.066	968.46	-0.14068	249.05	0.17588	0.016254	0.32615	3.0661	17.299	18.959	93.877	27.818	40.269	222.90	25.839	10.942	0.011207
217.76	0.54476	26.682	0.037479	3.6027	3.6231	23.402	42.821	86.082	967.40	-0.14016	248.44	0.17570	0.016219	0.32811	3.0477	17.301	18.961	93.840	27.836	40.309	222.92	25.792	10.950	0.011220
217.91	0.54818	26.670	0.037495	3.6151	3.6357	23.460	42.812	86.098	966.35	-0.13963	247.83	0.17552	0.016185	0.33008	3.0295	17.303	18.964	93.803	27.854	40.350	222.93	25.745	10.957	0.011233
218.05	0.55162	26.658	0.037512	3.6276	3.6483	23.517	42.803	86.113	965.29	-0.13910	247.23	0.17533	0.016150	0.33206	3.0115	17.305	18.966	93.766	27.872	40.390	222.95	25.698	10.964	0.011246
218.20	0.55508	26.646	0.037529	3.6401	3.6609	23.574	42.794	86.129	964.24	-0.13857	246.62	0.17515	0.016116	0.33405	2.9936	17.307	18.968	93.729	27.891	40.431	222.96	25.651	10.972	0.011259
218.34	0.55855	26.634	0.037546	3.6525	3.6735	23.631	42.784	86.146	963.18	-0.13803	246.02	0.17497	0.016082	0.33605	2.9758	17.309	18.971	93.692	27.909	40.471	222.98	25.604	10.979	0.011273
218.49	0.56203	26.622	0.037563	3.6650	3.6861	23.688	42.775	86.162	962.13	-0.13750	245.42	0.17479	0.016048	0.33806	2.9581	17.310	18.973	93.655	27.927	40.512	223.00	25.558	10.986	0.011286
218.63	0.56554	26.610	0.037580	3.6775	3.6987	23.745	42.766	86.178	961.07	-0.13696	244.82	0.17460	0.016013	0.34007	2.9405	17.312	18.975	93.618	27.946	40.553	223.01	25.511	10.993	0.011299
218.78	0.56906	26.598	0.037597	3.6899	3.7113	23.803	42.757	86.195	960.02	-0.13641	244.22	0.17442	0.015979	0.34210	2.9231	17.314	18.978	93.581	27.964	40.594	223.03	25.465	11.001	0.011312
218.93	0.57259	26.586	0.037614	3.7024	3.7240	23.860	42.748	86.211	958.97	-0.13587	243.62	0.17424	0.015945	0.34413	2.9058	17.316	18.980	93.545	27.983	40.635	223.04	25.419	11.008	0.011325
219.07	0.57615	26.574	0.037631	3.7149	3.7366	23.917	42.739	86.228	957.91	-0.13532	243.03	0.17406	0.015911	0.34618	2.8887	17.318	18.982	93.508	28.001	40.677	223.06	25.373	11.015	0.011339
219.22	0.57972	26.562	0.037648	3.7274	3.7492	23.974	42.730	86.245	956.86	-0.13478	242.44	0.17387	0.015876	0.34823	2.8716	17.320	18.984	93.471	28.020	40.718	223.07	25.327	11.023	0.011352
219.36	0.58330	26.550	0.037665	3.7398	3.7618	24.031	42.721	86.262	955.81	-0.13423	241.85	0.17369	0.015842	0.35030	2.8547	17.321	18.987	93.435	28.038	40.760	223.09	25.282	11.030	0.011365
219.51	0.58690	26.538	0.037682	3.7523	3.7744	24.087	42.712	86.279	954.75	-0.13367	241.26	0.17351	0.015808	0.35237	2.8379	17.323	18.989	93.398	28.057	40.802	223.10	25.236	11.037	0.011379
219.66	0.59052	26.526	0.037699	3.7648	3.7871	24.144	42.703	86.297	953.70	-0.13312	240.67	0.17333	0.015774	0.35445	2.8212	17.325	18.991	93.362	28.075	40.844	223.11	25.191	11.044	0.011392
219.80	0.59416	26.514	0.037716	3.7773	3.7997	24.201	42.694	86.314	952.65	-0.13256	240.08	0.17315	0.015740	0.35655	2.8047	17.327	18.993	93.325	28.094	40.886	223.13	25.145	11.052	0.011405
219.95	0.59781	26.502	0.037734	3.7898	3.8123	24.258	42.685	86.331	951.59	-0.13200	239.50	0.17296	0.015705	0.35865	2.7882	17.329	18.996	93.289	28.113	40.928	223.14	25.100	11.059	0.011419
220.09	0.60148	26.490	0.037751	3.8023	3.8250	24.315	42.676	86.349	950.54	-0.13144	238.91	0.17278	0.015671	0.36076	2.7719	17.330	18.998	93.253	28.132	40.971	223.16	25.055	11.066	0.011432
220.24	0.60517	26.477	0.037768	3.8148	3.8376	24.372	42.667	86.367	949.49	-0.13087	238.33	0.17260	0.015637	0.36288	2.7557	17.332	19.000	93.216	28.150	41.013	223.17	25.010	11.074	0.011446
220.39	0.60887	26.465	0.037785	3.8273	3.8503	24.428	42.658	86.385	948.43	-0.13030	237.75	0.17242	0.015603	0.36501	2.7396	17.334	19.002	93.180	28.169	41.056	223.18	24.966	11.081	0.011459
220.53	0.61259	26.453	0.037803	3.8398	3.8629	24.485	42.649	86.403	947.38	-0.12973	237.17	0.17224	0.015569	0.36715	2.7236	17.336	19.004	93.144	28.188	41.099	223.19	24.921	11.088	0.011473
220.68	0.61633	26.441	0.037820	3.8523	3.8756	24.542	42.640	86.421	946.33	-0.12916	236.60	0.17206	0.015535	0.36931	2.7078	17.338	19.006	93.108	28.207	41.142	223.21	24.877	11.096	0.011486
220.82	0.62009	26.429	0.037837	3.8648	3.8882	24.599	42.632	86.440	945.28	-0.12859	236.02	0.17188	0.015501	0.37147	2.6920	17.339	19.009	93.071	28.226	41.185	223.22	24.832	11.103	0.011500
220.97	0.62386	26.417	0.037855	3.8773	3.9009	24.655	42.623	86.458	944.22	-0.12801	235.45	0.17169	0.015467	0.37364	2.6764	17.341	19.011	93.035	28.245	41.228	223.23	24.788	11.111	0.011513
221.11	0.62765	26.405	0.037872	3.8898	3.9135	24.712	42.614	86.477	943.17	-0.12743	234.88	0.17151	0.015433	0.37582	2.6609	17.343	19.013	92.999	28.264	41.272	223.24	24.744	11.118	0.011527
221.26	0.63146	26.393	0.037890	3.9023	3.9262	24.768	42.605	86.495	942.12	-0.12685	234.31	0.17133	0.015399	0.37801	2.6454	17.345	19.015	92.963	28.283	41.315	223.26	24.700	11.125	0.011541
221.41	0.63528	26.380	0.037907	3.9148	3.9388	24.825	42.596	86.514	941.07	-0.12626	233.74	0.17115	0.015365	0.38021	2.6301	17.346	19.017	92.927	28.302	41.359	223.27	24.656	11.133	0.011554
221.55	0.63912	26.368	0.037925	3.9273	3.9515	24.881	42.587	86.533	940.01	-0.12567	233.17	0.17097	0.015331	0.38242	2.6149	17.348	19.019	92.891	28.321	41.403	223.28	24.613	11.140	0.011568
221.70	0.64298	26.356	0.037942	3.9398	3.9642	24.938	42.579	86.552	938.96	-0.12508	232.60	0.17079	0.015297	0.38464	2.5998	17.350	19.021	92.856	28.340	41.447	223.29	24.569	11.147	0.011582
221.84	0.64686	26.344	0.037960	3.9523	3.9769	24.994	42.570	86.572	937.91	-0.12449	232.04	0.17061	0.015263	0.38687	2.5848	17.351	19.024	92.820	28.359	41.492	223.30	24.526	11.155	0.011596
221.99	0.65075	26.332	0.037977	3.9648	3.9895	25.051	42.561	86.591	936.86	-0.12390	231.48	0.17043	0.015229	0.38911	2.5700	17.353	19.026	92.784	28.378	41.536	223.31	24.482	11.162	0.011609
222.14	0.65466	26.319	0.037995	3.9773	4.0022	25.107	42.552	86.611	935.81	-0.12330	230.92	0.17025	0.015195	0.39136	2.5552	17.355	19.028	92.748	28.398	41.581	223.32	24.439	11.170	0.011623
222.28	0.65859	26.307	0.038013	3.9898	4.0149	25.164	42.544	86.630	934.75	-0.12270	230.36	0.17006	0.015161	0.39362	2.5405	17.357	19.030	92.713	28.417	41.625	223.33	24.396	11.177	0.011637
222.43	0.66254	26.295	0.038030	4.0024	4.0276	25.220	42.535	86.650	933.70	-0.12210	229.80	0.16988	0.015127	0.39589	2.5259	17.358	19.032	92.677	28.436	41.670	223.34	24.353	11.184	0.011651
222.57	0.66650	26.283	0.038048	4.0149	4.0402	25.276	42.526	86.670	932.65	-0.12149	229.24	0.16970	0.015094	0.39818	2.5114	17.360	19.034	92.641	28.455	41.715	223.35	24.311	11.192	0.011665
222.72	0.67049	26.270	0.038066	4.0274	4.0529	25.333	42.517	86.690	931.60	-0.12089	228.69	0.16952	0.015060	0.40047	2.4971	17.362	19.036	92.606	28.475	41.760	223.36	24.268	11.199	0.011679
222.87	0.67449	26.258	0.038083	4.0399	4.0656	25.389	42.509	86.711	930.55	-0.12028	228.14	0.16934	0.015026	0.40277	2.4828	17.363	19.038	92.570	28.494	41.806	223.37	24.225	11.207	0.011693
223.01	0.67851	26.246	0.038101	4.0525	4.0783	25.445	42.500	86.731	929.50	-0.11966	227.58	0.16916	0.014992	0.40508	2.4686	17.365	19.040	92.535	28.514	41.851	223.38	24.183	11.214	0.011706
223.16	0.68254	26.234	0.038119	4.0650	4.0910	25.501	42.491	86.752	928.44	-0.11905	227.03	0.16898	0.014958	0.40741	2.4545	17.367	19.042	92.499	28.533	41.897	223.39	24.141	11.221	0.011720
223.30	0.68660	26.221	0.038137	4.0775	4.1037	25.558	42.483	86.772	927.39	-0.11843	226.49	0.16880	0.014924	0.40974	2.4406	17.368	19.044	92.464	28.553	41.943	223.40	24.099	11.229	0.011735
223.45	0.69067	26.209	0.038155	4.0901	4.1164	25.614	42.474	86.793	926.34	-0.11781	225.94	0.16862	0.014891	0.41208	2.4267	17.370	19.046	92.428	28.572	41.989	223.41	24.057	11.236	0.011749
223.59	0.69476	26.197	0.038173	4.1026	4.1291	25.670	42.466	86.814	925.29	-0.11719	225.39	0.16844	0.014857	0.41444	2.4129	17.372	19.048	92.393	28.592	42.035	223.42	24.015	11.244	0.011763
223.74	0.69887	26.184	0.038191	4.1151	4.1418	25.726	42.457	86.835	924.24	-0.11656	224.85	0.16826	0.014823	0.41680	2.3992	17.373	19.050	92.358	28.611	42.082	223.42	23.973	11.251	0.011777
223.89	0.70299	26.172	0.038209	4.1277	4.1545	25.782	42.448	86.856	923.19	-0.11593	224.31	0.16808	0.014789	0.41918	2.3856	17.375	19.052	92.323	28.631	42.128	223.43	23.931	11.259	0.011791
224.03	0.70714	26.160	0.038227	4.1402	4.1673	25.838	42.440	86.878	922.13	-0.11530	223.77	0.16790	0.014756	0.42157	2.3721	17.377	19.054	92.287	28.651	42.175	223.44	23.890	11.266	0.011805
224.18	0.71130	26.147	0.038245	4.1528	4.1800	25.894	42.431	86.899	921.08	-0.11466	223.23	0.16772	0.014722	0.42396	2.3587	17.378	19.056	92.252	28.670	42.222	223.45	23.848	11.274	0.011819
224.32	0.71548	26.135	0.038263	4.1653	4.1927	25.950	42.423	86.921	920.03	-0.11403	222.69	0.16754	0.014688	0.42637	2.3454	17.380	19.058	92.217	28.690	42.269	223.46	23.807	11.281	0.011833
224.47	0.71968	26.123	0.038281	4.1779	4.2054	26.006	42.414	86.943	918.98	-0.11339	222.15	0.16736	0.014655	0.42879	2.3321	17.381	19.060	92.182	28.710	42.316	223.46	23.766	11.288	0.011848
224.62	0.72390	26.110	0.038299	4.1904	4.2182	26.062	42.406	86.965	917.93	-0.11275	221.62	0.16718	0.014621	0.43122	2.3190	17.383	19.062	92.147	28.730	42.364	223.47	23.725	11.296	0.011862
224.76	0.72814	26.098	0.038317	4.2030	4.2309	26.118	42.397	86.987	916.88	-0.11210	221.08	0.16700	0.014587	0.43366	2.3060	17.385	19.064	92.112	28.750	42.411	223.48	23.684	11.303	0.011876
224.91	0.73239	26.085	0.038336	4.2155	4.2436	26.174	42.389	87.009	915.82	-0.11145	220.55	0.16682	0.014554	0.43611	2.2930	17.386	19.066	92.077	28.770	42.459	223.48	23.643	11.311	0.011891
225.05	0.73666	26.073	0.038354	4.2281	4.2564	26.230	42.380	87.032	914.77	-0.11080	220.02	0.16664	0.014520	0.43857	2.2801	17.388	19.068	92.042	28.789	42.507	223.49	23.602	11.318	0.011905
225.20	0.74096	26.061	0.038372	4.2407	4.2691	26.286	42.372	87.055	913.72	-0.11015	219.49	0.16646	0.014487	0.44105	2.2673	17.389	19.069	92.007	28.809	42.555	223.50	23.562	11.326	0.011919
225.35	0.74527	26.048	0.038390	4.2532	4.2818	26.342	42.363	87.077	912.67	-0.10949	218.96	0.16628	0.014453	0.44353	2.2546	17.391	19.071	91.972	28.829	42.603	223.50	23.521	11.333	0.011934
225.49	0.74960	26.036	0.038409	4.2658	4.2946	26.397	42.355	87.100	911.62	-0.10883	218.43	0.16610	0.014419	0.44602	2.2420	17.393	19.073	91.937	28.850	42.652	223.51	23.481	11.341	0.011948
225.64	0.75395	26.023	0.038427	4.2784	4.3073	26.453	42.347	87.123	910.57	-0.10817	217.91	0.16592	0.014386	0.44853	2.2295	17.394	19.075	91.902	28.870	42.701	223.51	23.441	11.348	0.011963
225.78	0.75831	26.011	0.038446	4.2909	4.3201	26.509	42.338	87.146	909.51	-0.10751	217.39	0.16574	0.014352	0.45105	2.2171	17.396	19.077	91.868	28.890	42.749	223.52	23.401	11.356	0.011977
225.93	0.76270	25.998	0.038464	4.3035	4.3328	26.565	42.330	87.170	908.46	-0.10684	216.86	0.16556	0.014319	0.45358	2.2047	17.397	19.079	91.833	28.910	42.799	223.52	23.361	11.364	0.011992
226.08	0.76711	25.986	0.038482	4.3161	4.3456	26.620	42.321	87.193	907.41	-0.10617	216.34	0.16538	0.014285	0.45612	2.1924	17.399	19.081	91.798	28.930	42.848	223.53	23.321	11.371	0.012007
226.22	0.77153	25.973	0.038501	4.3287	4.3584	26.676	42.313	87.217	906.36	-0.10549	215.82	0.16520	0.014252	0.45867	2.1802	17.400	19.083	91.764	28.950	42.897	223.53	23.281	11.379	0.012021
226.37	0.77597	25.961	0.038519	4.3412	4.3711	26.732	42.305	87.241	905.31	-0.10482	215.31	0.16502	0.014218	0.46123	2.1681	17.402	19.084	91.729	28.971	42.947	223.54	23.241	11.386	0.012036
226.51	0.78044	25.948	0.038538	4.3538	4.3839	26.787	42.297	87.265	904.26	-0.10414	214.79	0.16484	0.014185	0.46380	2.1561	17.403	19.086	91.694	28.991	42.996	223.54	23.202	11.394	0.012050
226.66	0.78492	25.936	0.038557	4.3664	4.3967	26.843	42.288	87.289	903.20	-0.10346	214.27	0.16467	0.014152	0.46639	2.1442	17.405	19.088	91.660	29.011	43.046	223.54	23.162	11.401	0.012065
226.80	0.78942	25.923	0.038575	4.3790	4.4095	26.899	42.280	87.313	902.15	-0.10277	213.76	0.16449	0.014118	0.46898	2.1323	17.407	19.090	91.625	29.032	43.097	223.55	23.123	11.409	0.012080
226.95	0.79394	25.911	0.038594	4.3916	4.4222	26.954	42.272	87.338	901.10	-0.10208	213.25	0.16431	0.014085	0.47159	2.1205	17.408	19.092	91.591	29.052	43.147	223.55	23.084	11.416	0.012095
227.10	0.79848	25.898	0.038613	4.4042	4.4350	27.010	42.263	87.362	900.05	-0.10139	212.74	0.16413	0.014051	0.47421	2.1088	17.410	19.093	91.556	29.073	43.197	223.55	23.045	11.424	0.012109
227.24	0.80304	25.886	0.038631	4.4168	4.4478	27.065	42.255	87.387	899.00	-0.10070	212.23	0.16395	0.014018	0.47684	2.0972	17.411	19.095	91.522	29.093	43.248	223.56	23.006	11.432	0.012124
227.39	0.80761	25.873	0.038650	4.4294	4.4606	27.121	42.247	87.412	897.94	-0.10000	211.72	0.16377	0.013985	0.47948	2.0856	17.413	19.097	91.488	29.114	43.299	223.56	22.967	11.439	0.012139
227.53	0.81221	25.861	0.038669	4.4420	4.4734	27.176	42.239	87.437	896.89	-0.099301	211.21	0.16359	0.013951	0.48213	2.0741	17.414	19.099	91.453	29.134	43.350	223.56	22.928	11.447	0.012154
227.68	0.81683	25.848	0.038688	4.4546	4.4862	27.232	42.231	87.462	895.84	-0.098598	210.71	0.16341	0.013918	0.48480	2.0627	17.415	19.100	91.419	29.155	43.401	223.57	22.889	11.454	0.012169
227.83	0.82146	25.835	0.038707	4.4672	4.4990	27.287	42.223	87.488	894.79	-0.097891	210.20	0.16323	0.013885	0.48747	2.0514	17.417	19.102	91.385	29.176	43.453	223.57	22.851	11.462	0.012184
227.97	0.82612	25.823	0.038726	4.4798	4.5118	27.342	42.214	87.513	893.73	-0.097182	209.70	0.16305	0.013851	0.49016	2.0401	17.418	19.104	91.350	29.196	43.505	223.57	22.812	11.470	0.012199
228.12	0.83080	25.810	0.038745	4.4924	4.5246	27.398	42.206	87.539	892.68	-0.096470	209.20	0.16288	0.013818	0.49286	2.0290	17.420	19.106	91.316	29.217	43.557	223.57	22.774	11.477	0.012214
228.26	0.83549	25.797	0.038764	4.5050	4.5374	27.453	42.198	87.565	891.63	-0.095754	208.70	0.16270	0.013785	0.49558	2.0179	17.421	19.107	91.282	29.238	43.609	223.57	22.736	11.485	0.012229
228.41	0.84021	25.785	0.038783	4.5177	4.5502	27.509	42.190	87.591	890.58	-0.095036	208.20	0.16252	0.013752	0.49830	2.0068	17.423	19.109	91.248	29.259	43.661	223.57	22.697	11.492	0.012244
228.56	0.84494	25.772	0.038802	4.5303	4.5631	27.564	42.182	87.617	889.52	-0.094314	207.70	0.16234	0.013718	0.50103	1.9959	17.424	19.111	91.214	29.279	43.713	223.58	22.659	11.500	0.012259
228.70	0.84970	25.759	0.038821	4.5429	4.5759	27.619	42.174	87.644	888.47	-0.093589	207.20	0.16216	0.013685	0.50378	1.9850	17.426	19.112	91.180	29.300	43.766	223.58	22.621	11.508	0.012274
228.85	0.85447	25.747	0.038840	4.5555	4.5887	27.674	42.166	87.670	887.42	-0.092861	206.71	0.16198	0.013652	0.50654	1.9742	17.427	19.114	91.146	29.321	43.819	223.58	22.584	11.515	0.012290
228.99	0.85927	25.734	0.038859	4.5682	4.6015	27.730	42.158	87.697	886.36	-0.092130	206.22	0.16181	0.013619	0.50931	1.9634	17.428	19.116	91.112	29.342	43.872	223.58	22.546	11.523	0.012305
229.14	0.86408	25.721	0.038878	4.5808	4.6144	27.785	42.150	87.724	885.31	-0.091395	205.72	0.16163	0.013586	0.51210	1.9528	17.430	19.117	91.078	29.363	43.925	223.58	22.508	11.531	0.012320
229.28	0.86892	25.709	0.038897	4.5934	4.6272	27.840	42.142	87.751	884.26	-0.090658	205.23	0.16145	0.013553	0.51489	1.9422	17.431	19.119	91.044	29.384	43.979	223.58	22.471	11.538	0.012335
229.43	0.87377	25.696	0.038917	4.6061	4.6401	27.895	42.134	87.778	883.20	-0.089917	204.74	0.16127	0.013520	0.51770	1.9316	17.433	19.120	91.010	29.405	44.032	223.58	22.433	11.546	0.012351
229.58	0.87865	25.683	0.038936	4.6187	4.6529	27.950	42.126	87.806	882.15	-0.089173	204.26	0.16109	0.013486	0.52052	1.9212	17.434	19.122	90.976	29.427	44.086	223.58	22.396	11.554	0.012366
229.72	0.88354	25.670	0.038955	4.6313	4.6658	28.005	42.118	87.833	881.10	-0.088425	203.77	0.16091	0.013453	0.52335	1.9108	17.435	19.124	90.942	29.448	44.140	223.58	22.359	11.561	0.012382
229.87	0.88846	25.658	0.038975	4.6440	4.6786	28.061	42.110	87.861	880.04	-0.087675	203.28	0.16074	0.013420	0.52620	1.9004	17.437	19.125	90.908	29.469	44.195	223.58	22.322	11.569	0.012397
230.01	0.89339	25.645	0.038994	4.6566	4.6915	28.116	42.102	87.889	878.99	-0.086921	202.80	0.16056	0.013387	0.52905	1.8902	17.438	19.127	90.874	29.490	44.249	223.57	22.285	11.577	0.012413
230.16	0.89835	25.632	0.039013	4.6693	4.7043	28.171	42.094	87.917	877.93	-0.086164	202.32	0.16038	0.013354	0.53192	1.8800	17.440	19.128	90.841	29.511	44.304	223.57	22.248	11.585	0.012428
230.31	0.90333	25.619	0.039033	4.6819	4.7172	28.226	42.086	87.945	876.88	-0.085403	201.83	0.16020	0.013321	0.53481	1.8698	17.441	19.130	90.807	29.533	44.359	223.57	22.211	11.592	0.012444
230.45	0.90832	25.607	0.039052	4.6946	4.7301	28.281	42.079	87.974	875.83	-0.084639	201.35	0.16002	0.013288	0.53770	1.8598	17.442	19.132	90.773	29.554	44.414	223.57	22.174	11.600	0.012459
230.60	0.91334	25.594	0.039072	4.7073	4.7429	28.336	42.071	88.002	874.77	-0.083872	200.87	0.15985	0.013255	0.54061	1.8498	17.444	19.133	90.740	29.576	44.470	223.57	22.137	11.608	0.012475
230.74	0.91838	25.581	0.039092	4.7199	4.7558	28.391	42.063	88.031	873.72	-0.083101	200.40	0.15967	0.013222	0.54352	1.8398	17.445	19.135	90.706	29.597	44.525	223.57	22.101	11.616	0.012490
230.89	0.92344	25.568	0.039111	4.7326	4.7687	28.446	42.055	88.060	872.66	-0.082327	199.92	0.15949	0.013189	0.54646	1.8300	17.446	19.136	90.672	29.619	44.581	223.56	22.065	11.623	0.012506
231.04	0.92852	25.555	0.039131	4.7453	4.7816	28.501	42.047	88.089	871.61	-0.081550	199.44	0.15931	0.013156	0.54940	1.8202	17.448	19.138	90.639	29.640	44.637	223.56	22.028	11.631	0.012522
231.18	0.93362	25.542	0.039151	4.7579	4.7945	28.556	42.039	88.119	870.55	-0.080769	198.97	0.15914	0.013123	0.55236	1.8104	17.449	19.139	90.605	29.662	44.693	223.56	21.992	11.639	0.012538
231.33	0.93874	25.529	0.039170	4.7706	4.8074	28.610	42.032	88.148	869.50	-0.079985	198.50	0.15896	0.013090	0.55533	1.8007	17.450	19.141	90.572	29.683	44.750	223.55	21.956	11.647	0.012553
231.47	0.94388	25.517	0.039190	4.7833	4.8203	28.665	42.024	88.178	868.44	-0.079197	198.03	0.15878	0.013058	0.55831	1.7911	17.452	19.142	90.538	29.705	44.807	223.55	21.920	11.654	0.012569
231.62	0.94904	25.504	0.039210	4.7960	4.8332	28.720	42.016	88.208	867.39	-0.078406	197.55	0.15860	0.013025	0.56131	1.7816	17.453	19.144	90.505	29.727	44.863	223.55	21.884	11.662	0.012585
231.76	0.95423	25.491	0.039230	4.8086	4.8461	28.775	42.009	88.238	866.33	-0.077611	197.09	0.15843	0.012992	0.56431	1.7721	17.454	19.145	90.471	29.748	44.921	223.54	21.848	11.670	0.012601
231.91	0.95943	25.478	0.039250	4.8213	4.8590	28.830	42.001	88.268	865.28	-0.076813	196.62	0.15825	0.012959	0.56733	1.7626	17.455	19.147	90.438	29.770	44.978	223.54	21.812	11.678	0.012617
232.06	0.96466	25.465	0.039270	4.8340	4.8719	28.885	41.993	88.299	864.22	-0.076011	196.15	0.15807	0.012926	0.57037	1.7533	17.457	19.148	90.404	29.792	45.036	223.54	21.777	11.686	0.012633
232.20	0.96991	25.452	0.039290	4.8467	4.8848	28.939	41.986	88.329	863.16	-0.075206	195.69	0.15789	0.012893	0.57342	1.7439	17.458	19.149	90.371	29.814	45.093	223.53	21.741	11.693	0.012649
232.35	0.97517	25.439	0.039310	4.8594	4.8978	28.994	41.978	88.360	862.11	-0.074397	195.22	0.15772	0.012861	0.57648	1.7347	17.459	19.151	90.338	29.836	45.151	223.53	21.706	11.701	0.012665
232.49	0.98046	25.426	0.039330	4.8721	4.9107	29.049	41.970	88.391	861.05	-0.073585	194.76	0.15754	0.012828	0.57955	1.7255	17.460	19.152	90.304	29.858	45.210	223.52	21.670	11.709	0.012681
232.64	0.98577	25.413	0.039350	4.8848	4.9236	29.104	41.963	88.422	859.99	-0.072769	194.30	0.15736	0.012795	0.58263	1.7163	17.462	19.154	90.271	29.880	45.268	223.52	21.635	11.717	0.012697
232.79	0.99111	25.400	0.039370	4.8975	4.9365	29.158	41.955	88.454	858.94	-0.071949	193.84	0.15718	0.012762	0.58573	1.7073	17.463	19.155	90.238	29.902	45.327	223.51	21.600	11.725	0.012714
232.93	0.99646	25.387	0.039390	4.9102	4.9495	29.213	41.948	88.485	857.88	-0.071126	193.38	0.15701	0.012730	0.58885	1.6982	17.464	19.156	90.205	29.924	45.386	223.50	21.565	11.733	0.012730
233.08	1.0018	25.374	0.039410	4.9230	4.9624	29.268	41.940	88.517	856.82	-0.070299	192.92	0.15683	0.012697	0.59197	1.6893	17.465	19.158	90.171	29.946	45.445	223.50	21.530	11.741	0.012746
233.22	1.0072	25.361	0.039431	4.9357	4.9754	29.322	41.933	88.549	855.77	-0.069468	192.46	0.15665	0.012664	0.59511	1.6804	17.467	19.159	90.138	29.968	45.505	223.49	21.495	11.748	0.012762
233.37	1.0126	25.348	0.039451	4.9484	4.9883	29.377	41.925	88.581	854.71	-0.068634	192.01	0.15648	0.012632	0.59826	1.6715	17.468	19.160	90.105	29.990	45.564	223.49	21.460	11.756	0.012779
233.52	1.0181	25.335	0.039471	4.9611	5.0013	29.431	41.918	88.613	853.65	-0.067796	191.55	0.15630	0.012599	0.60143	1.6627	17.469	19.162	90.072	30.012	45.624	223.48	21.425	11.764	0.012795
233.66	1.0235	25.322	0.039492	4.9738	5.0143	29.486	41.910	88.646	852.59	-0.066954	191.10	0.15612	0.012566	0.60461	1.6540	17.470	19.163	90.039	30.035	45.685	223.47	21.391	11.772	0.012812
233.81	1.0290	25.309	0.039512	4.9866	5.0272	29.541	41.903	88.679	851.54	-0.066108	190.65	0.15595	0.012534	0.60780	1.6453	17.471	19.164	90.006	30.057	45.745	223.47	21.356	11.780	0.012828
233.95	1.0345	25.296	0.039532	4.9993	5.0402	29.595	41.895	88.711	850.48	-0.065259	190.19	0.15577	0.012501	0.61101	1.6366	17.473	19.166	89.973	30.079	45.806	223.46	21.322	11.788	0.012845
234.10	1.0401	25.283	0.039553	5.0120	5.0532	29.650	41.888	88.745	849.42	-0.064406	189.74	0.15559	0.012468	0.61423	1.6281	17.474	19.167	89.940	30.102	45.867	223.45	21.287	11.796	0.012861
234.25	1.0456	25.270	0.039573	5.0248	5.0662	29.704	41.880	88.778	848.36	-0.063549	189.30	0.15541	0.012436	0.61747	1.6195	17.475	19.168	89.907	30.124	45.928	223.44	21.253	11.804	0.012878
234.39	1.0512	25.256	0.039594	5.0375	5.0791	29.759	41.873	88.811	847.30	-0.062688	188.85	0.15524	0.012403	0.62071	1.6111	17.476	19.170	89.874	30.146	45.989	223.44	21.219	11.812	0.012894
234.54	1.0568	25.243	0.039615	5.0503	5.0921	29.813	41.866	88.845	846.24	-0.061823	188.40	0.15506	0.012371	0.62397	1.6026	17.477	19.171	89.841	30.169	46.051	223.43	21.185	11.820	0.012911
234.68	1.0624	25.230	0.039635	5.0630	5.1051	29.867	41.858	88.879	845.18	-0.060955	187.96	0.15489	0.012338	0.62725	1.5943	17.478	19.172	89.808	30.191	46.113	223.42	21.151	11.828	0.012928
234.83	1.0680	25.217	0.039656	5.0758	5.1181	29.922	41.851	88.913	844.12	-0.060082	187.51	0.15471	0.012306	0.63054	1.5859	17.479	19.173	89.775	30.214	46.175	223.41	21.117	11.836	0.012944
234.97	1.0737	25.204	0.039677	5.0885	5.1311	29.976	41.844	88.948	843.06	-0.059206	187.07	0.15453	0.012273	0.63384	1.5777	17.481	19.175	89.742	30.237	46.237	223.40	21.083	11.844	0.012961
235.12	1.0794	25.191	0.039697	5.1013	5.1441	30.031	41.837	88.982	842.00	-0.058326	186.63	0.15436	0.012241	0.63716	1.5695	17.482	19.176	89.709	30.259	46.300	223.39	21.049	11.852	0.012978
235.27	1.0851	25.177	0.039718	5.1141	5.1572	30.085	41.829	89.017	840.94	-0.057441	186.19	0.15418	0.012208	0.64049	1.5613	17.483	19.177	89.676	30.282	46.363	223.38	21.016	11.860	0.012995
235.41	1.0908	25.164	0.039739	5.1268	5.1702	30.139	41.822	89.052	839.88	-0.056553	185.75	0.15400	0.012176	0.64384	1.5532	17.484	19.178	89.643	30.305	46.426	223.37	20.982	11.868	0.013012
235.56	1.0965	25.151	0.039760	5.1396	5.1832	30.194	41.815	89.087	838.82	-0.055661	185.31	0.15383	0.012144	0.64720	1.5451	17.485	19.179	89.611	30.328	46.490	223.36	20.949	11.876	0.013029
235.70	1.1023	25.138	0.039781	5.1524	5.1962	30.248	41.808	89.122	837.76	-0.054764	184.87	0.15365	0.012111	0.65057	1.5371	17.486	19.180	89.578	30.350	46.553	223.35	20.915	11.884	0.013046
235.85	1.1081	25.124	0.039802	5.1652	5.2093	30.302	41.800	89.158	836.70	-0.053864	184.44	0.15347	0.012079	0.65396	1.5292	17.487	19.182	89.545	30.373	46.617	223.34	20.882	11.892	0.013063
236.00	1.1139	25.111	0.039823	5.1779	5.2223	30.357	41.793	89.194	835.64	-0.052960	184.00	0.15330	0.012046	0.65736	1.5212	17.488	19.183	89.512	30.396	46.682	223.33	20.849	11.900	0.013080
236.14	1.1198	25.098	0.039844	5.1907	5.2353	30.411	41.786	89.230	834.57	-0.052051	183.57	0.15312	0.012014	0.66078	1.5134	17.489	19.184	89.480	30.419	46.746	223.32	20.816	11.908	0.013097
236.29	1.1256	25.085	0.039865	5.2035	5.2484	30.465	41.779	89.266	833.51	-0.051138	183.13	0.15295	0.011982	0.66421	1.5056	17.490	19.185	89.447	30.442	46.811	223.31	20.783	11.916	0.013115
236.43	1.1315	25.071	0.039886	5.2163	5.2614	30.519	41.772	89.302	832.45	-0.050222	182.70	0.15277	0.011950	0.66765	1.4978	17.491	19.186	89.414	30.465	46.876	223.30	20.750	11.924	0.013132
236.58	1.1374	25.058	0.039908	5.2291	5.2745	30.574	41.765	89.339	831.39	-0.049301	182.27	0.15259	0.011917	0.67111	1.4901	17.492	19.187	89.382	30.488	46.941	223.29	20.717	11.932	0.013149
236.73	1.1433	25.045	0.039929	5.2419	5.2876	30.628	41.758	89.376	830.32	-0.048375	181.84	0.15242	0.011885	0.67459	1.4824	17.494	19.188	89.349	30.511	47.007	223.28	20.684	11.940	0.013166
236.87	1.1493	25.031	0.039950	5.2547	5.3006	30.682	41.751	89.413	829.26	-0.047446	181.42	0.15224	0.011853	0.67808	1.4748	17.495	19.189	89.316	30.535	47.073	223.27	20.651	11.948	0.013184
237.02	1.1552	25.018	0.039971	5.2675	5.3137	30.736	41.744	89.450	828.20	-0.046512	180.99	0.15207	0.011820	0.68158	1.4672	17.496	19.191	89.284	30.558	47.139	223.25	20.619	11.956	0.013201
237.16	1.1612	25.004	0.039993	5.2803	5.3268	30.790	41.737	89.488	827.13	-0.045575	180.56	0.15189	0.011788	0.68510	1.4596	17.497	19.192	89.251	30.581	47.205	223.24	20.586	11.964	0.013219
237.31	1.1673	24.991	0.040014	5.2932	5.3399	30.844	41.730	89.526	826.07	-0.044632	180.14	0.15171	0.011756	0.68863	1.4521	17.498	19.193	89.219	30.604	47.272	223.23	20.554	11.972	0.013236
237.45	1.1733	24.978	0.040036	5.3060	5.3529	30.899	41.723	89.564	825.00	-0.043686	179.71	0.15154	0.011724	0.69218	1.4447	17.499	19.194	89.186	30.628	47.339	223.22	20.521	11.981	0.013254
237.60	1.1794	24.964	0.040057	5.3188	5.3660	30.953	41.716	89.602	823.94	-0.042735	179.29	0.15136	0.011692	0.69575	1.4373	17.500	19.195	89.154	30.651	47.406	223.20	20.489	11.989	0.013271
237.75	1.1855	24.951	0.040079	5.3316	5.3791	31.007	41.709	89.640	822.87	-0.041780	178.87	0.15119	0.011660	0.69932	1.4300	17.501	19.196	89.121	30.675	47.474	223.19	20.457	11.997	0.013289
237.89	1.1916	24.937	0.040100	5.3445	5.3922	31.061	41.702	89.679	821.81	-0.040820	178.45	0.15101	0.011627	0.70292	1.4226	17.501	19.197	89.089	30.698	47.542	223.18	20.425	12.005	0.013307
238.04	1.1977	24.924	0.040122	5.3573	5.4054	31.115	41.695	89.718	820.74	-0.039856	178.03	0.15083	0.011595	0.70653	1.4154	17.502	19.198	89.056	30.722	47.610	223.16	20.392	12.013	0.013325
238.18	1.2039	24.910	0.040144	5.3701	5.4185	31.169	41.688	89.757	819.68	-0.038888	177.61	0.15066	0.011563	0.71015	1.4082	17.503	19.199	89.024	30.745	47.678	223.15	20.360	12.021	0.013342
238.33	1.2100	24.897	0.040166	5.3830	5.4316	31.223	41.682	89.796	818.61	-0.037915	177.19	0.15048	0.011531	0.71379	1.4010	17.504	19.200	88.991	30.769	47.747	223.14	20.329	12.030	0.013360
238.48	1.2163	24.883	0.040187	5.3958	5.4447	31.277	41.675	89.836	817.54	-0.036938	176.78	0.15031	0.011499	0.71744	1.3938	17.505	19.201	88.959	30.792	47.816	223.12	20.297	12.038	0.013378
238.62	1.2225	24.870	0.040209	5.4087	5.4578	31.331	41.668	89.876	816.48	-0.035956	176.36	0.15013	0.011467	0.72111	1.3867	17.506	19.201	88.927	30.816	47.886	223.11	20.265	12.046	0.013396
238.77	1.2287	24.856	0.040231	5.4215	5.4710	31.385	41.661	89.916	815.41	-0.034969	175.95	0.14996	0.011435	0.72480	1.3797	17.507	19.202	88.894	30.840	47.955	223.09	20.233	12.054	0.013414
238.91	1.2350	24.843	0.040253	5.4344	5.4841	31.439	41.654	89.956	814.34	-0.033978	175.53	0.14978	0.011403	0.72850	1.3727	17.508	19.203	88.862	30.864	48.025	223.08	20.202	12.063	0.013432
239.06	1.2413	24.829	0.040275	5.4473	5.4973	31.493	41.648	89.996	813.27	-0.032983	175.12	0.14961	0.011371	0.73221	1.3657	17.509	19.204	88.830	30.887	48.095	223.06	20.170	12.071	0.013450
239.21	1.2476	24.816	0.040297	5.4601	5.5104	31.547	41.641	90.037	812.21	-0.031983	174.71	0.14943	0.011339	0.73594	1.3588	17.510	19.205	88.797	30.911	48.166	223.05	20.139	12.079	0.013469
239.35	1.2540	24.802	0.040319	5.4730	5.5236	31.601	41.634	90.078	811.14	-0.030978	174.30	0.14926	0.011307	0.73969	1.3519	17.511	19.206	88.765	30.935	48.237	223.03	20.108	12.087	0.013487
239.50	1.2604	24.789	0.040341	5.4859	5.5367	31.654	41.628	90.119	810.07	-0.029968	173.89	0.14908	0.011275	0.74345	1.3451	17.512	19.207	88.733	30.959	48.308	223.01	20.076	12.096	0.013505
239.64	1.2667	24.775	0.040363	5.4988	5.5499	31.708	41.621	90.161	809.00	-0.028954	173.48	0.14891	0.011243	0.74723	1.3383	17.512	19.208	88.701	30.983	48.379	223.00	20.045	12.104	0.013523
239.79	1.2732	24.761	0.040386	5.5117	5.5631	31.762	41.614	90.203	807.93	-0.027935	173.07	0.14873	0.011211	0.75103	1.3315	17.513	19.209	88.668	31.007	48.451	222.98	20.014	12.112	0.013542
239.93	1.2796	24.748	0.040408	5.5245	5.5763	31.816	41.608	90.245	806.86	-0.026912	172.67	0.14855	0.011180	0.75484	1.3248	17.514	19.209	88.636	31.031	48.523	222.97	19.983	12.121	0.013560
240.08	1.2861	24.734	0.040430	5.5374	5.5894	31.870	41.601	90.287	805.79	-0.025883	172.26	0.14838	0.011148	0.75866	1.3181	17.515	19.210	88.604	31.055	48.596	222.95	19.952	12.129	0.013579
240.23	1.2926	24.720	0.040453	5.5503	5.6026	31.924	41.595	90.329	804.72	-0.024850	171.86	0.14820	0.011116	0.76250	1.3115	17.516	19.211	88.572	31.080	48.668	222.93	19.921	12.137	0.013597
240.37	1.2991	24.707	0.040475	5.5632	5.6158	31.978	41.588	90.372	803.65	-0.023812	171.46	0.14803	0.011084	0.76636	1.3049	17.517	19.212	88.539	31.104	48.741	222.91	19.890	12.146	0.013616
240.52	1.3056	24.693	0.040498	5.5761	5.6290	32.031	41.582	90.415	802.57	-0.022769	171.05	0.14785	0.011052	0.77024	1.2983	17.517	19.213	88.507	31.128	48.815	222.90	19.860	12.154	0.013634
240.66	1.3122	24.679	0.040520	5.5891	5.6422	32.085	41.575	90.458	801.50	-0.021721	170.65	0.14768	0.011021	0.77413	1.2918	17.518	19.213	88.475	31.152	48.889	222.88	19.829	12.162	0.013653
240.81	1.3188	24.665	0.040543	5.6020	5.6554	32.139	41.569	90.502	800.43	-0.020668	170.25	0.14750	0.010989	0.77803	1.2853	17.519	19.214	88.443	31.177	48.963	222.86	19.798	12.171	0.013672
240.96	1.3254	24.652	0.040565	5.6149	5.6687	32.193	41.562	90.545	799.36	-0.019610	169.85	0.14733	0.010957	0.78196	1.2788	17.520	19.215	88.411	31.201	49.037	222.84	19.768	12.179	0.013691
241.10	1.3320	24.638	0.040588	5.6278	5.6819	32.246	41.556	90.589	798.28	-0.018548	169.46	0.14715	0.010925	0.78589	1.2724	17.521	19.216	88.379	31.226	49.112	222.82	19.737	12.188	0.013709
241.25	1.3387	24.624	0.040611	5.6408	5.6951	32.300	41.549	90.634	797.21	-0.017480	169.06	0.14698	0.010894	0.78985	1.2661	17.521	19.216	88.347	31.250	49.187	222.80	19.707	12.196	0.013728
241.39	1.3454	24.610	0.040633	5.6537	5.7084	32.354	41.543	90.678	796.14	-0.016407	168.66	0.14681	0.010862	0.79382	1.2597	17.522	19.217	88.315	31.275	49.262	222.79	19.677	12.204	0.013747
241.54	1.3521	24.596	0.040656	5.6666	5.7216	32.408	41.537	90.723	795.06	-0.015329	168.27	0.14663	0.010830	0.79781	1.2534	17.523	19.218	88.283	31.300	49.338	222.77	19.647	12.213	0.013766
241.69	1.3588	24.583	0.040679	5.6796	5.7348	32.461	41.530	90.768	793.99	-0.014246	167.87	0.14646	0.010799	0.80182	1.2472	17.524	19.218	88.251	31.324	49.414	222.75	19.617	12.221	0.013785
241.83	1.3656	24.569	0.040702	5.6925	5.7481	32.515	41.524	90.813	792.91	-0.013158	167.48	0.14628	0.010767	0.80584	1.2409	17.524	19.219	88.219	31.349	49.490	222.73	19.586	12.230	0.013805
241.98	1.3723	24.555	0.040725	5.7055	5.7614	32.569	41.518	90.859	791.83	-0.012064	167.09	0.14611	0.010735	0.80988	1.2348	17.525	19.220	88.186	31.374	49.567	222.71	19.556	12.238	0.013824
242.12	1.3791	24.541	0.040748	5.7184	5.7746	32.622	41.511	90.905	790.76	-0.010966	166.70	0.14593	0.010704	0.81393	1.2286	17.526	19.220	88.154	31.399	49.644	222.69	19.527	12.247	0.013843
242.27	1.3860	24.527	0.040771	5.7314	5.7879	32.676	41.505	90.951	789.68	-0.0098620	166.31	0.14576	0.010672	0.81800	1.2225	17.527	19.221	88.122	31.423	49.722	222.67	19.497	12.255	0.013862
242.42	1.3928	24.513	0.040794	5.7444	5.8012	32.730	41.499	90.997	788.60	-0.0087530	165.92	0.14558	0.010641	0.82209	1.2164	17.527	19.221	88.091	31.448	49.800	222.64	19.467	12.264	0.013882
242.56	1.3997	24.499	0.040817	5.7573	5.8145	32.783	41.493	91.044	787.53	-0.0076386	165.53	0.14541	0.010609	0.82620	1.2104	17.528	19.222	88.059	31.473	49.878	222.62	19.437	12.272	0.013901
242.71	1.4066	24.485	0.040841	5.7703	5.8278	32.837	41.487	91.091	786.45	-0.0065189	165.14	0.14523	0.010578	0.83032	1.2044	17.529	19.223	88.027	31.498	49.956	222.60	19.408	12.281	0.013921
242.85	1.4136	24.471	0.040864	5.7833	5.8410	32.891	41.480	91.138	785.37	-0.0053938	164.76	0.14506	0.010546	0.83446	1.1984	17.529	19.223	87.995	31.523	50.035	222.58	19.378	12.289	0.013940
243.00	1.4205	24.458	0.040887	5.7963	5.8544	32.944	41.474	91.186	784.29	-0.0042633	164.37	0.14488	0.010515	0.83862	1.1924	17.530	19.224	87.963	31.549	50.115	222.56	19.348	12.298	0.013960
243.14	1.4275	24.444	0.040911	5.8093	5.8677	32.998	41.468	91.233	783.21	-0.0031273	163.99	0.14471	0.010483	0.84280	1.1865	17.531	19.224	87.931	31.574	50.194	222.54	19.319	12.307	0.013980
243.29	1.4345	24.430	0.040934	5.8223	5.8810	33.051	41.462	91.281	782.13	-0.0019859	163.60	0.14454	0.010452	0.84699	1.1807	17.531	19.225	87.899	31.599	50.275	222.51	19.290	12.315	0.013999
243.44	1.4415	24.415	0.040958	5.8353	5.8943	33.105	41.456	91.330	781.05	-0.00083897	163.22	0.14436	0.010420	0.85120	1.1748	17.532	19.225	87.867	31.624	50.355	222.49	19.260	12.324	0.014019
243.58	1.4486	24.401	0.040981	5.8483	5.9076	33.158	41.450	91.378	779.97	0.00031350	162.84	0.14419	0.010389	0.85543	1.1690	17.532	19.226	87.835	31.650	50.436	222.47	19.231	12.332	0.014039
243.73	1.4557	24.387	0.041005	5.8613	5.9210	33.212	41.444	91.427	778.89	0.0014716	162.46	0.14401	0.010358	0.85967	1.1632	17.533	19.226	87.803	31.675	50.517	222.45	19.202	12.341	0.014059
243.87	1.4628	24.373	0.041028	5.8743	5.9343	33.265	41.438	91.477	777.81	0.0026352	162.08	0.14384	0.010326	0.86393	1.1575	17.534	19.227	87.771	31.701	50.599	222.42	19.173	12.350	0.014079
244.02	1.4699	24.359	0.041052	5.8873	5.9476	33.319	41.432	91.526	776.72	0.0038045	161.70	0.14366	0.010295	0.86821	1.1518	17.534	19.227	87.739	31.726	50.681	222.40	19.144	12.358	0.014099
244.17	1.4771	24.345	0.041076	5.9003	5.9610	33.372	41.426	91.576	775.64	0.0049795	161.32	0.14349	0.010263	0.87251	1.1461	17.535	19.228	87.708	31.752	50.763	222.38	19.115	12.367	0.014119
244.31	1.4843	24.331	0.041100	5.9134	5.9744	33.426	41.420	91.626	774.56	0.0061603	160.94	0.14332	0.010232	0.87683	1.1405	17.535	19.228	87.676	31.777	50.846	222.35	19.086	12.376	0.014139
244.46	1.4915	24.317	0.041124	5.9264	5.9877	33.479	41.414	91.676	773.47	0.0073468	160.57	0.14314	0.010201	0.88116	1.1349	17.536	19.229	87.644	31.803	50.929	222.33	19.057	12.384	0.014159
244.60	1.4987	24.303	0.041148	5.9394	6.0011	33.533	41.409	91.727	772.39	0.0085391	160.19	0.14297	0.010170	0.88551	1.1293	17.537	19.229	87.612	31.829	51.013	222.30	19.028	12.393	0.014180
244.75	1.5060	24.289	0.041172	5.9525	6.0145	33.586	41.403	91.778	771.30	0.0097372	159.82	0.14279	0.010138	0.88988	1.1237	17.537	19.229	87.580	31.855	51.097	222.28	19.000	12.402	0.014200
244.90	1.5133	24.274	0.041196	5.9655	6.0279	33.640	41.397	91.829	770.21	0.010941	159.44	0.14262	0.010107	0.89427	1.1182	17.538	19.230	87.548	31.880	51.181	222.25	18.971	12.411	0.014221
245.04	1.5206	24.260	0.041220	5.9786	6.0413	33.693	41.391	91.881	769.13	0.012151	159.07	0.14245	0.010076	0.89868	1.1127	17.538	19.230	87.517	31.906	51.266	222.23	18.942	12.419	0.014241
245.19	1.5279	24.246	0.041244	5.9916	6.0547	33.747	41.385	91.933	768.04	0.013367	158.70	0.14227	0.010045	0.90310	1.1073	17.539	19.231	87.485	31.932	51.351	222.20	18.914	12.428	0.014262
245.33	1.5353	24.232	0.041268	6.0047	6.0681	33.800	41.380	91.985	766.95	0.014589	158.33	0.14210	0.010014	0.90755	1.1019	17.539	19.231	87.453	31.958	51.437	222.18	18.885	12.437	0.014282
245.48	1.5427	24.217	0.041292	6.0178	6.0815	33.854	41.374	92.038	765.86	0.015817	157.96	0.14192	0.0099824	0.91201	1.0965	17.540	19.231	87.421	31.985	51.523	222.15	18.857	12.446	0.014303
245.62	1.5501	24.203	0.041317	6.0309	6.0949	33.907	41.368	92.090	764.78	0.017051	157.59	0.14175	0.0099513	0.91649	1.0911	17.540	19.232	87.390	32.011	51.610	222.12	18.829	12.455	0.014324
245.77	1.5576	24.189	0.041341	6.0439	6.1083	33.960	41.363	92.144	763.69	0.018291	157.22	0.14158	0.0099202	0.92099	1.0858	17.541	19.232	87.358	32.037	51.697	222.10	18.800	12.463	0.014345
245.92	1.5650	24.175	0.041366	6.0570	6.1218	34.014	41.357	92.197	762.60	0.019537	156.86	0.14140	0.0098891	0.92551	1.0805	17.541	19.232	87.326	32.063	51.784	222.07	18.772	12.472	0.014365
246.06	1.5725	24.160	0.041390	6.0701	6.1352	34.067	41.351	92.251	761.50	0.020789	156.49	0.14123	0.0098580	0.93004	1.0752	17.542	19.232	87.294	32.090	51.872	222.04	18.744	12.481	0.014386
246.21	1.5801	24.146	0.041415	6.0832	6.1487	34.120	41.346	92.305	760.41	0.022048	156.12	0.14105	0.0098270	0.93460	1.0700	17.542	19.233	87.262	32.116	51.960	222.02	18.716	12.490	0.014408
246.35	1.5876	24.132	0.041439	6.0963	6.1621	34.174	41.340	92.359	759.32	0.023313	155.76	0.14088	0.0097960	0.93917	1.0648	17.542	19.233	87.231	32.143	52.049	221.99	18.688	12.499	0.014429
246.50	1.5952	24.117	0.041464	6.1094	6.1756	34.227	41.335	92.414	758.23	0.024584	155.40	0.14071	0.0097649	0.94376	1.0596	17.543	19.233	87.199	32.169	52.138	221.96	18.660	12.508	0.014450
246.65	1.6028	24.103	0.041489	6.1225	6.1890	34.281	41.329	92.469	757.13	0.025862	155.03	0.14053	0.0097340	0.94838	1.0544	17.543	19.233	87.167	32.196	52.228	221.93	18.632	12.517	0.014471
246.79	1.6104	24.088	0.041514	6.1357	6.2025	34.334	41.324	92.525	756.04	0.027146	154.67	0.14036	0.0097030	0.95301	1.0493	17.544	19.234	87.136	32.222	52.318	221.91	18.604	12.526	0.014492
246.94	1.6181	24.074	0.041539	6.1488	6.2160	34.387	41.319	92.580	754.95	0.028436	154.31	0.14019	0.0096720	0.95766	1.0442	17.544	19.234	87.104	32.249	52.408	221.88	18.576	12.535	0.014514
247.08	1.6258	24.060	0.041564	6.1619	6.2295	34.440	41.313	92.636	753.85	0.029733	153.95	0.14001	0.0096411	0.96233	1.0391	17.545	19.234	87.072	32.276	52.499	221.85	18.548	12.544	0.014535
247.23	1.6335	24.045	0.041589	6.1751	6.2430	34.494	41.308	92.693	752.75	0.031036	153.59	0.13984	0.0096102	0.96702	1.0341	17.545	19.234	87.040	32.303	52.591	221.82	18.521	12.553	0.014557
247.38	1.6412	24.031	0.041614	6.1882	6.2565	34.547	41.302	92.750	751.66	0.032347	153.23	0.13966	0.0095793	0.97173	1.0291	17.545	19.234	87.009	32.330	52.683	221.79	18.493	12.562	0.014579
247.52	1.6490	24.016	0.041639	6.2013	6.2700	34.600	41.297	92.807	750.56	0.033663	152.87	0.13949	0.0095484	0.97645	1.0241	17.546	19.234	86.977	32.357	52.775	221.76	18.466	12.571	0.014600
247.67	1.6568	24.002	0.041664	6.2145	6.2835	34.654	41.292	92.864	749.46	0.034986	152.52	0.13932	0.0095176	0.98120	1.0192	17.546	19.234	86.945	32.384	52.868	221.73	18.438	12.580	0.014622
247.81	1.6646	23.987	0.041689	6.2277	6.2970	34.707	41.287	92.922	748.36	0.036316	152.16	0.13914	0.0094867	0.98597	1.0142	17.546	19.235	86.914	32.411	52.961	221.70	18.411	12.589	0.014644
247.96	1.6724	23.972	0.041715	6.2408	6.3106	34.760	41.281	92.980	747.26	0.037653	151.81	0.13897	0.0094559	0.99076	1.0093	17.547	19.235	86.882	32.438	53.055	221.67	18.383	12.598	0.014666
248.11	1.6803	23.958	0.041740	6.2540	6.3241	34.814	41.276	93.039	746.16	0.038997	151.45	0.13880	0.0094251	0.99556	1.0045	17.547	19.235	86.850	32.466	53.149	221.64	18.356	12.607	0.014688
248.25	1.6882	23.943	0.041765	6.2672	6.3377	34.867	41.271	93.097	745.06	0.040347	151.10	0.13862	0.0093944	1.0004	0.99961	17.547	19.235	86.819	32.493	53.244	221.61	18.328	12.616	0.014710
248.40	1.6961	23.929	0.041791	6.2803	6.3512	34.920	41.266	93.157	743.96	0.041704	150.75	0.13845	0.0093636	1.0052	0.99479	17.548	19.235	86.787	32.521	53.340	221.58	18.301	12.625	0.014732
248.54	1.7041	23.914	0.041816	6.2935	6.3648	34.973	41.261	93.216	742.85	0.043069	150.39	0.13828	0.0093329	1.0101	0.98999	17.548	19.235	86.755	32.548	53.435	221.55	18.274	12.634	0.014754
248.69	1.7121	23.899	0.041842	6.3067	6.3784	35.027	41.256	93.276	741.75	0.044440	150.04	0.13810	0.0093022	1.0150	0.98523	17.548	19.235	86.724	32.576	53.532	221.51	18.247	12.643	0.014777
248.83	1.7201	23.885	0.041868	6.3199	6.3919	35.080	41.251	93.336	740.64	0.045818	149.69	0.13793	0.0092715	1.0199	0.98048	17.548	19.235	86.692	32.603	53.629	221.48	18.220	12.653	0.014799
248.98	1.7281	23.870	0.041894	6.3331	6.4055	35.133	41.246	93.397	739.54	0.047203	149.34	0.13776	0.0092408	1.0248	0.97577	17.549	19.235	86.660	32.631	53.726	221.45	18.193	12.662	0.014821
249.13	1.7362	23.855	0.041919	6.3463	6.4191	35.186	41.241	93.458	738.43	0.048596	148.99	0.13758	0.0092102	1.0298	0.97108	17.549	19.235	86.629	32.659	53.824	221.42	18.166	12.671	0.014844
249.27	1.7443	23.841	0.041945	6.3596	6.4327	35.239	41.236	93.519	737.32	0.049996	148.65	0.13741	0.0091796	1.0348	0.96642	17.549	19.235	86.597	32.687	53.922	221.38	18.139	12.680	0.014867
249.42	1.7524	23.826	0.041971	6.3728	6.4463	35.293	41.231	93.581	736.21	0.051403	148.30	0.13724	0.0091490	1.0397	0.96178	17.549	19.235	86.565	32.715	54.021	221.35	18.112	12.689	0.014889
249.56	1.7605	23.811	0.041997	6.3860	6.4600	35.346	41.226	93.643	735.10	0.052817	147.95	0.13706	0.0091184	1.0448	0.95716	17.549	19.235	86.534	32.743	54.121	221.32	18.085	12.699	0.014912
249.71	1.7687	23.796	0.042023	6.3993	6.4736	35.399	41.222	93.706	733.99	0.054238	147.61	0.13689	0.0090878	1.0498	0.95258	17.550	19.234	86.502	32.771	54.221	221.28	18.058	12.708	0.014935
249.86	1.7769	23.781	0.042050	6.4125	6.4872	35.452	41.217	93.768	732.88	0.055667	147.26	0.13672	0.0090573	1.0548	0.94801	17.550	19.234	86.470	32.799	54.321	221.25	18.031	12.717	0.014958
250.00	1.7851	23.767	0.042076	6.4257	6.5009	35.506	41.212	93.832	731.77	0.057103	146.92	0.13654	0.0090268	1.0599	0.94347	17.550	19.234	86.439	32.828	54.422	221.21	18.005	12.726	0.014981
250.15	1.7934	23.752	0.042102	6.4390	6.5145	35.559	41.208	93.895	730.66	0.058547	146.58	0.13637	0.0089963	1.0650	0.93896	17.550	19.234	86.407	32.856	54.524	221.18	17.978	12.736	0.015004
250.29	1.8017	23.737	0.042128	6.4523	6.5282	35.612	41.203	93.959	729.54	0.059999	146.23	0.13620	0.0089658	1.0701	0.93447	17.550	19.234	86.375	32.884	54.626	221.15	17.951	12.745	0.015027
250.44	1.8100	23.722	0.042155	6.4655	6.5418	35.665	41.198	94.024	728.43	0.061457	145.89	0.13602	0.0089353	1.0753	0.93001	17.550	19.234	86.344	32.913	54.729	221.11	17.925	12.755	0.015051
250.59	1.8183	23.707	0.042181	6.4788	6.5555	35.718	41.194	94.089	727.31	0.062924	145.55	0.13585	0.0089049	1.0804	0.92556	17.551	19.234	86.312	32.941	54.832	221.08	17.898	12.764	0.015074
250.73	1.8267	23.692	0.042208	6.4921	6.5692	35.771	41.189	94.154	726.20	0.064398	145.21	0.13568	0.0088745	1.0856	0.92115	17.551	19.233	86.280	32.970	54.936	221.04	17.872	12.773	0.015098
250.88	1.8351	23.677	0.042235	6.5054	6.5829	35.825	41.185	94.219	725.08	0.065880	144.87	0.13551	0.0088441	1.0908	0.91675	17.551	19.233	86.249	32.999	55.040	221.00	17.846	12.783	0.015121
251.02	1.8435	23.662	0.042261	6.5187	6.5966	35.878	41.180	94.285	723.96	0.067370	144.53	0.13533	0.0088137	1.0960	0.91238	17.551	19.233	86.217	33.028	55.145	220.97	17.819	12.792	0.015145
251.17	1.8520	23.647	0.042288	6.5320	6.6103	35.931	41.176	94.352	722.84	0.068868	144.20	0.13516	0.0087833	1.1013	0.90804	17.551	19.233	86.185	33.056	55.251	220.93	17.793	12.802	0.015169
251.31	1.8605	23.632	0.042315	6.5453	6.6240	35.984	41.172	94.419	721.72	0.070373	143.86	0.13499	0.0087530	1.1065	0.90371	17.551	19.232	86.154	33.085	55.357	220.89	17.767	12.811	0.015193
251.46	1.8690	23.617	0.042342	6.5586	6.6377	36.037	41.167	94.486	720.60	0.071887	143.52	0.13481	0.0087227	1.1118	0.89941	17.551	19.232	86.122	33.114	55.463	220.86	17.740	12.821	0.015216
251.61	1.8775	23.602	0.042369	6.5719	6.6514	36.090	41.163	94.554	719.47	0.073409	143.19	0.13464	0.0086924	1.1171	0.89514	17.551	19.232	86.090	33.144	55.571	220.82	17.714	12.830	0.015241
251.75	1.8861	23.587	0.042396	6.5852	6.6652	36.144	41.159	94.622	718.35	0.074938	142.85	0.13447	0.0086621	1.1225	0.89088	17.551	19.231	86.059	33.173	55.679	220.78	17.688	12.840	0.015265
251.90	1.8947	23.572	0.042423	6.5986	6.6789	36.197	41.155	94.690	717.22	0.076476	142.52	0.13429	0.0086319	1.1278	0.88665	17.551	19.231	86.027	33.202	55.787	220.74	17.662	12.849	0.015289
252.04	1.9033	23.557	0.042450	6.6119	6.6927	36.250	41.151	94.759	716.10	0.078022	142.19	0.13412	0.0086017	1.1332	0.88244	17.551	19.231	85.995	33.231	55.896	220.71	17.636	12.859	0.015313
252.19	1.9120	23.542	0.042478	6.6252	6.7065	36.303	41.147	94.828	714.97	0.079577	141.85	0.13395	0.0085715	1.1386	0.87826	17.551	19.230	85.964	33.261	56.006	220.67	17.610	12.868	0.015338
252.34	1.9206	23.527	0.042505	6.6386	6.7202	36.356	41.143	94.898	713.84	0.081139	141.52	0.13378	0.0085413	1.1440	0.87409	17.551	19.230	85.932	33.290	56.116	220.63	17.584	12.878	0.015362
252.48	1.9294	23.511	0.042533	6.6519	6.7340	36.409	41.139	94.968	712.71	0.082710	141.19	0.13360	0.0085111	1.1495	0.86995	17.551	19.230	85.900	33.320	56.227	220.59	17.558	12.888	0.015387
252.63	1.9381	23.496	0.042560	6.6653	6.7478	36.462	41.135	95.039	711.58	0.084290	140.86	0.13343	0.0084810	1.1550	0.86583	17.551	19.229	85.868	33.350	56.339	220.55	17.532	12.897	0.015411
252.77	1.9469	23.481	0.042588	6.6787	6.7616	36.516	41.131	95.110	710.45	0.085878	140.53	0.13326	0.0084509	1.1605	0.86173	17.551	19.229	85.837	33.379	56.451	220.51	17.506	12.907	0.015436
252.92	1.9557	23.466	0.042615	6.6921	6.7754	36.569	41.127	95.181	709.32	0.087474	140.20	0.13308	0.0084208	1.1660	0.85766	17.551	19.228	85.805	33.409	56.564	220.47	17.481	12.917	0.015461
253.07	1.9645	23.450	0.042643	6.7055	6.7892	36.622	41.123	95.253	708.18	0.089079	139.88	0.13291	0.0083907	1.1715	0.85360	17.551	19.228	85.773	33.439	56.677	220.43	17.455	12.926	0.015486
253.21	1.9734	23.435	0.042671	6.7188	6.8031	36.675	41.120	95.326	707.04	0.090693	139.55	0.13274	0.0083606	1.1771	0.84957	17.551	19.227	85.742	33.469	56.791	220.39	17.429	12.936	0.015511
253.36	1.9822	23.420	0.042699	6.7322	6.8169	36.728	41.116	95.398	705.91	0.092315	139.22	0.13257	0.0083306	1.1827	0.84556	17.551	19.227	85.710	33.499	56.906	220.35	17.403	12.946	0.015536
253.50	1.9912	23.405	0.042727	6.7457	6.8307	36.781	41.113	95.472	704.77	0.093947	138.90	0.13239	0.0083006	1.1883	0.84156	17.551	19.226	85.678	33.529	57.021	220.31	17.378	12.956	0.015562
253.65	2.0001	23.389	0.042755	6.7591	6.8446	36.834	41.109	95.546	703.63	0.095587	138.57	0.13222	0.0082706	1.1939	0.83759	17.550	19.226	85.646	33.560	57.137	220.27	17.352	12.965	0.015587
253.79	2.0091	23.374	0.042783	6.7725	6.8584	36.887	41.106	95.620	702.49	0.097236	138.25	0.13205	0.0082407	1.1996	0.83365	17.550	19.225	85.615	33.590	57.254	220.23	17.327	12.975	0.015612
253.94	2.0181	23.358	0.042811	6.7859	6.8723	36.941	41.102	95.694	701.35	0.098894	137.92	0.13187	0.0082107	1.2052	0.82972	17.550	19.225	85.583	33.620	57.372	220.18	17.301	12.985	0.015638
254.09	2.0271	23.343	0.042840	6.7994	6.8862	36.994	41.099	95.770	700.20	0.10056	137.60	0.13170	0.0081808	1.2109	0.82581	17.550	19.224	85.551	33.651	57.490	220.14	17.276	12.995	0.015664
254.23	2.0362	23.327	0.042868	6.8128	6.9001	37.047	41.096	95.845	699.06	0.10224	137.28	0.13153	0.0081509	1.2167	0.82192	17.550	19.223	85.519	33.682	57.608	220.10	17.250	13.005	0.015690
254.38	2.0453	23.312	0.042896	6.8263	6.9140	37.100	41.092	95.921	697.91	0.10392	136.96	0.13136	0.0081210	1.2224	0.81805	17.550	19.223	85.488	33.712	57.728	220.06	17.225	13.015	0.015715
254.52	2.0544	23.297	0.042925	6.8397	6.9279	37.153	41.089	95.998	696.76	0.10562	136.63	0.13118	0.0080912	1.2282	0.81421	17.549	19.222	85.456	33.743	57.848	220.01	17.200	13.025	0.015741
254.67	2.0635	23.281	0.042954	6.8532	6.9418	37.206	41.086	96.075	695.62	0.10732	136.31	0.13101	0.0080613	1.2340	0.81038	17.549	19.221	85.424	33.774	57.969	219.97	17.174	13.035	0.015768
254.82	2.0727	23.265	0.042982	6.8666	6.9557	37.259	41.083	96.152	694.46	0.10904	136.00	0.13084	0.0080315	1.2398	0.80657	17.549	19.221	85.392	33.805	58.090	219.93	17.149	13.045	0.015794
254.96	2.0819	23.250	0.043011	6.8801	6.9697	37.312	41.080	96.230	693.31	0.11076	135.68	0.13067	0.0080017	1.2457	0.80278	17.549	19.220	85.360	33.836	58.212	219.88	17.124	13.055	0.015820
255.11	2.0912	23.234	0.043040	6.8936	6.9836	37.365	41.077	96.309	692.16	0.11249	135.36	0.13049	0.0079720	1.2515	0.79901	17.549	19.219	85.329	33.867	58.335	219.84	17.099	13.065	0.015847
255.25	2.1004	23.219	0.043069	6.9071	6.9976	37.419	41.074	96.388	691.01	0.11423	135.04	0.13032	0.0079422	1.2574	0.79527	17.548	19.219	85.297	33.898	58.459	219.79	17.074	13.075	0.015873
255.40	2.1097	23.203	0.043098	6.9206	7.0115	37.472	41.072	96.467	689.85	0.11599	134.72	0.13015	0.0079125	1.2634	0.79154	17.548	19.218	85.265	33.929	58.583	219.75	17.049	13.085	0.015900
255.55	2.1191	23.187	0.043127	6.9341	7.0255	37.525	41.069	96.547	688.69	0.11775	134.41	0.12998	0.0078828	1.2693	0.78783	17.548	19.217	85.233	33.960	58.708	219.70	17.024	13.095	0.015927
255.69	2.1284	23.172	0.043156	6.9476	7.0395	37.578	41.067	96.628	687.53	0.11952	134.09	0.12980	0.0078532	1.2753	0.78414	17.547	19.216	85.201	33.992	58.834	219.66	16.999	13.105	0.015954
255.84	2.1378	23.156	0.043185	6.9612	7.0535	37.631	41.064	96.709	686.37	0.12130	133.78	0.12963	0.0078235	1.2813	0.78046	17.547	19.216	85.169	34.023	58.961	219.61	16.974	13.115	0.015981
255.98	2.1473	23.140	0.043215	6.9747	7.0675	37.684	41.062	96.791	685.21	0.12309	133.46	0.12946	0.0077939	1.2873	0.77681	17.547	19.215	85.137	34.055	59.088	219.57	16.949	13.125	0.016008
256.13	2.1567	23.124	0.043244	6.9882	7.0815	37.737	41.059	96.873	684.05	0.12489	133.15	0.12929	0.0077643	1.2934	0.77318	17.546	19.214	85.106	34.086	59.216	219.52	16.924	13.135	0.016035
256.28	2.1662	23.109	0.043274	7.0018	7.0955	37.791	41.057	96.955	682.88	0.12670	132.84	0.12911	0.0077347	1.2994	0.76956	17.546	19.213	85.074	34.118	59.345	219.47	16.899	13.146	0.016062
256.42	2.1757	23.093	0.043303	7.0154	7.1096	37.844	41.055	97.038	681.72	0.12853	132.53	0.12894	0.0077051	1.3055	0.76596	17.546	19.212	85.042	34.150	59.474	219.43	16.874	13.156	0.016090
256.57	2.1852	23.077	0.043333	7.0289	7.1236	37.897	41.053	97.122	680.55	0.13036	132.21	0.12877	0.0076756	1.3117	0.76239	17.545	19.211	85.010	34.182	59.605	219.38	16.849	13.166	0.016117
256.71	2.1948	23.061	0.043363	7.0425	7.1377	37.950	41.051	97.206	679.38	0.13220	131.90	0.12860	0.0076461	1.3178	0.75882	17.545	19.210	84.978	34.214	59.736	219.33	16.825	13.176	0.016145
256.86	2.2044	23.045	0.043393	7.0561	7.1517	38.003	41.049	97.291	678.21	0.13405	131.59	0.12842	0.0076166	1.3240	0.75528	17.544	19.209	84.946	34.246	59.868	219.29	16.800	13.187	0.016173
257.00	2.2141	23.029	0.043423	7.0697	7.1658	38.056	41.047	97.376	677.03	0.13592	131.28	0.12825	0.0075871	1.3302	0.75176	17.544	19.208	84.914	34.278	60.001	219.24	16.775	13.197	0.016201
257.15	2.2237	23.013	0.043453	7.0833	7.1799	38.109	41.045	97.462	675.86	0.13779	130.98	0.12808	0.0075577	1.3364	0.74825	17.544	19.208	84.882	34.310	60.134	219.19	16.751	13.208	0.016229
257.30	2.2334	22.997	0.043483	7.0969	7.1940	38.163	41.043	97.549	674.68	0.13967	130.67	0.12791	0.0075283	1.3427	0.74476	17.543	19.207	84.850	34.342	60.268	219.14	16.726	13.218	0.016257
257.44	2.2432	22.982	0.043513	7.1105	7.2081	38.216	41.042	97.636	673.51	0.14157	130.36	0.12773	0.0074989	1.3490	0.74129	17.543	19.206	84.818	34.375	60.403	219.09	16.701	13.228	0.016286
257.59	2.2529	22.965	0.043544	7.1241	7.2222	38.269	41.040	97.723	672.33	0.14347	130.05	0.12756	0.0074695	1.3553	0.73784	17.542	19.204	84.786	34.407	60.539	219.04	16.677	13.239	0.016314
257.73	2.2627	22.949	0.043574	7.1377	7.2363	38.322	41.039	97.811	671.15	0.14539	129.75	0.12739	0.0074401	1.3616	0.73440	17.542	19.203	84.754	34.440	60.676	218.99	16.652	13.249	0.016343
257.88	2.2725	22.933	0.043605	7.1514	7.2505	38.375	41.037	97.900	669.96	0.14732	129.44	0.12722	0.0074108	1.3680	0.73099	17.541	19.202	84.722	34.472	60.814	218.94	16.628	13.260	0.016372
258.03	2.2824	22.917	0.043635	7.1650	7.2646	38.428	41.036	97.989	668.78	0.14926	129.14	0.12704	0.0073815	1.3744	0.72758	17.541	19.201	84.690	34.505	60.952	218.89	16.604	13.270	0.016400
258.17	2.2923	22.901	0.043666	7.1787	7.2788	38.482	41.035	98.079	667.59	0.15121	128.83	0.12687	0.0073522	1.3808	0.72420	17.540	19.200	84.658	34.538	61.091	218.84	16.579	13.281	0.016429
258.32	2.3022	22.885	0.043697	7.1923	7.2929	38.535	41.034	98.170	666.40	0.15317	128.53	0.12670	0.0073230	1.3873	0.72083	17.540	19.199	84.626	34.571	61.232	218.79	16.555	13.291	0.016459
258.46	2.3121	22.869	0.043728	7.2060	7.3071	38.588	41.033	98.261	665.22	0.15514	128.22	0.12653	0.0072937	1.3938	0.71748	17.539	19.198	84.594	34.604	61.373	218.74	16.531	13.302	0.016488
258.61	2.3221	22.853	0.043759	7.2197	7.3213	38.641	41.032	98.352	664.02	0.15713	127.92	0.12635	0.0072645	1.4003	0.71415	17.538	19.197	84.562	34.637	61.514	218.69	16.506	13.313	0.016517
258.76	2.3321	22.836	0.043790	7.2334	7.3355	38.694	41.031	98.445	662.83	0.15912	127.62	0.12618	0.0072353	1.4068	0.71083	17.538	19.196	84.529	34.670	61.657	218.64	16.482	13.323	0.016547
258.90	2.3421	22.820	0.043821	7.2471	7.3497	38.748	41.031	98.538	661.64	0.16113	127.32	0.12601	0.0072062	1.4134	0.70753	17.537	19.194	84.497	34.703	61.801	218.59	16.458	13.334	0.016576
259.05	2.3522	22.804	0.043852	7.2608	7.3639	38.801	41.030	98.631	660.44	0.16315	127.02	0.12584	0.0071770	1.4200	0.70425	17.537	19.193	84.465	34.736	61.945	218.53	16.434	13.345	0.016606
259.19	2.3623	22.788	0.043883	7.2745	7.3782	38.854	41.030	98.725	659.24	0.16518	126.72	0.12566	0.0071479	1.4266	0.70098	17.536	19.192	84.433	34.770	62.091	218.48	16.410	13.355	0.016636
259.34	2.3725	22.771	0.043915	7.2882	7.3924	38.907	41.029	98.820	658.04	0.16722	126.42	0.12549	0.0071188	1.4332	0.69773	17.535	19.191	84.401	34.803	62.237	218.43	16.386	13.366	0.016666
259.48	2.3826	22.755	0.043947	7.3020	7.4067	38.960	41.029	98.915	656.84	0.16928	126.12	0.12532	0.0070898	1.4399	0.69450	17.535	19.189	84.368	34.836	62.384	218.38	16.361	13.377	0.016697
259.63	2.3928	22.739	0.043978	7.3157	7.4209	39.014	41.029	99.012	655.64	0.17134	125.82	0.12515	0.0070607	1.4466	0.69128	17.534	19.188	84.336	34.870	62.533	218.32	16.337	13.388	0.016727
259.78	2.4031	22.722	0.044010	7.3295	7.4352	39.067	41.029	99.108	654.43	0.17342	125.52	0.12498	0.0070317	1.4533	0.68808	17.533	19.187	84.304	34.904	62.682	218.27	16.313	13.399	0.016757
259.92	2.4133	22.706	0.044042	7.3432	7.4495	39.120	41.029	99.206	653.23	0.17551	125.23	0.12480	0.0070027	1.4601	0.68489	17.533	19.185	84.272	34.937	62.832	218.21	16.289	13.410	0.016788
260.07	2.4236	22.689	0.044074	7.3570	7.4638	39.173	41.029	99.304	652.02	0.17761	124.93	0.12463	0.0069737	1.4669	0.68172	17.532	19.184	84.239	34.971	62.983	218.16	16.266	13.421	0.016819
260.21	2.4339	22.673	0.044106	7.3708	7.4781	39.227	41.029	99.402	650.81	0.17973	124.63	0.12446	0.0069448	1.4737	0.67856	17.531	19.183	84.207	35.005	63.135	218.11	16.242	13.432	0.016850
260.36	2.4443	22.656	0.044138	7.3845	7.4924	39.280	41.030	99.502	649.59	0.18186	124.34	0.12429	0.0069159	1.4806	0.67542	17.530	19.181	84.175	35.039	63.288	218.05	16.218	13.443	0.016881
260.51	2.4547	22.640	0.044170	7.3983	7.5068	39.333	41.030	99.602	648.38	0.18400	124.04	0.12411	0.0068870	1.4874	0.67230	17.530	19.180	84.142	35.073	63.442	218.00	16.194	13.454	0.016912
260.65	2.4651	22.623	0.044203	7.4121	7.5211	39.386	41.031	99.702	647.16	0.18615	123.75	0.12394	0.0068581	1.4943	0.66919	17.529	19.178	84.110	35.107	63.597	217.94	16.170	13.465	0.016944
260.80	2.4756	22.606	0.044235	7.4260	7.5355	39.440	41.032	99.804	645.95	0.18832	123.46	0.12377	0.0068293	1.5013	0.66610	17.528	19.177	84.077	35.142	63.752	217.88	16.146	13.476	0.016975
260.94	2.4861	22.590	0.044268	7.4398	7.5498	39.493	41.033	99.906	644.73	0.19050	123.16	0.12360	0.0068004	1.5083	0.66302	17.527	19.175	84.045	35.176	63.909	217.83	16.123	13.487	0.017007
261.09	2.4966	22.573	0.044301	7.4536	7.5642	39.546	41.034	100.01	643.50	0.19269	122.87	0.12342	0.0067716	1.5153	0.65995	17.526	19.174	84.013	35.210	64.067	217.77	16.099	13.498	0.017039
261.24	2.5071	22.556	0.044333	7.4675	7.5786	39.600	41.035	100.11	642.28	0.19490	122.58	0.12325	0.0067429	1.5223	0.65691	17.525	19.172	83.980	35.245	64.226	217.72	16.075	13.509	0.017071
261.38	2.5177	22.540	0.044366	7.4813	7.5930	39.653	41.036	100.22	641.06	0.19711	122.29	0.12308	0.0067141	1.5293	0.65387	17.525	19.171	83.948	35.279	64.386	217.66	16.052	13.520	0.017103
261.53	2.5283	22.523	0.044399	7.4952	7.6074	39.706	41.037	100.32	639.83	0.19935	122.00	0.12291	0.0066854	1.5364	0.65085	17.524	19.169	83.915	35.314	64.547	217.60	16.028	13.532	0.017136
261.67	2.5390	22.506	0.044432	7.5091	7.6219	39.760	41.039	100.43	638.60	0.20159	121.71	0.12273	0.0066567	1.5436	0.64785	17.523	19.168	83.883	35.349	64.710	217.54	16.005	13.543	0.017168
261.82	2.5497	22.489	0.044466	7.5229	7.6363	39.813	41.041	100.53	637.37	0.20385	121.42	0.12256	0.0066280	1.5507	0.64486	17.522	19.166	83.850	35.384	64.873	217.49	15.981	13.554	0.017201
261.96	2.5604	22.472	0.044499	7.5368	7.6508	39.866	41.042	100.64	636.14	0.20612	121.13	0.12239	0.0065994	1.5579	0.64189	17.521	19.164	83.817	35.418	65.037	217.43	15.958	13.566	0.017234
262.11	2.5711	22.455	0.044533	7.5507	7.6652	39.920	41.044	100.75	634.90	0.20841	120.84	0.12222	0.0065708	1.5651	0.63892	17.520	19.163	83.785	35.453	65.202	217.37	15.934	13.577	0.017267
262.26	2.5819	22.439	0.044566	7.5646	7.6797	39.973	41.046	100.86	633.67	0.21071	120.55	0.12205	0.0065422	1.5724	0.63598	17.519	19.161	83.752	35.488	65.369	217.31	15.911	13.588	0.017300
262.40	2.5927	22.422	0.044600	7.5786	7.6942	40.027	41.048	100.97	632.43	0.21302	120.26	0.12187	0.0065136	1.5797	0.63305	17.518	19.159	83.719	35.524	65.536	217.25	15.887	13.600	0.017333
262.55	2.6036	22.405	0.044634	7.5925	7.7087	40.080	41.051	101.08	631.19	0.21535	119.98	0.12170	0.0064850	1.5870	0.63013	17.517	19.158	83.687	35.559	65.705	217.19	15.864	13.611	0.017367
262.69	2.6145	22.388	0.044668	7.6064	7.7232	40.133	41.053	101.19	629.95	0.21770	119.69	0.12153	0.0064565	1.5943	0.62723	17.516	19.156	83.654	35.594	65.875	217.13	15.841	13.623	0.017400
262.84	2.6254	22.371	0.044702	7.6204	7.7378	40.187	41.056	101.30	628.70	0.22005	119.41	0.12136	0.0064280	1.6017	0.62434	17.515	19.154	83.621	35.630	66.046	217.07	15.817	13.634	0.017434
262.99	2.6363	22.354	0.044736	7.6344	7.7523	40.240	41.058	101.41	627.46	0.22243	119.12	0.12118	0.0063995	1.6091	0.62146	17.514	19.152	83.589	35.665	66.218	217.01	15.794	13.646	0.017468
263.13	2.6473	22.336	0.044770	7.6483	7.7668	40.294	41.061	101.53	626.21	0.22481	118.83	0.12101	0.0063711	1.6166	0.61860	17.513	19.150	83.556	35.701	66.392	216.95	15.771	13.657	0.017503
263.28	2.6583	22.319	0.044804	7.6623	7.7814	40.347	41.064	101.64	624.96	0.22721	118.55	0.12084	0.0063427	1.6240	0.61575	17.512	19.149	83.523	35.736	66.566	216.89	15.748	13.669	0.017537
263.42	2.6694	22.302	0.044839	7.6763	7.7960	40.401	41.067	101.76	623.71	0.22963	118.27	0.12067	0.0063143	1.6315	0.61291	17.511	19.147	83.490	35.772	66.742	216.83	15.724	13.681	0.017572
263.57	2.6805	22.285	0.044873	7.6903	7.8106	40.454	41.070	101.87	622.45	0.23206	117.98	0.12049	0.0062859	1.6391	0.61009	17.510	19.145	83.457	35.808	66.919	216.77	15.701	13.693	0.017606
263.72	2.6916	22.268	0.044908	7.7043	7.8252	40.508	41.073	101.99	621.20	0.23451	117.70	0.12032	0.0062576	1.6467	0.60729	17.508	19.143	83.424	35.844	67.097	216.71	15.678	13.704	0.017641
263.86	2.7027	22.250	0.044943	7.7183	7.8398	40.561	41.077	102.11	619.94	0.23697	117.42	0.12015	0.0062293	1.6543	0.60449	17.507	19.141	83.391	35.880	67.277	216.64	15.655	13.716	0.017677
264.01	2.7139	22.233	0.044978	7.7324	7.8544	40.615	41.080	102.23	618.68	0.23945	117.14	0.11998	0.0062010	1.6619	0.60171	17.506	19.139	83.358	35.916	67.457	216.58	15.632	13.728	0.017712
264.15	2.7251	22.216	0.045013	7.7464	7.8691	40.668	41.084	102.34	617.42	0.24194	116.86	0.11980	0.0061727	1.6696	0.59894	17.505	19.137	83.325	35.952	67.639	216.52	15.609	13.740	0.017747
264.30	2.7364	22.198	0.045048	7.7605	7.8838	40.722	41.088	102.47	616.16	0.24445	116.58	0.11963	0.0061445	1.6773	0.59619	17.504	19.135	83.292	35.988	67.822	216.46	15.586	13.752	0.017783
264.45	2.7477	22.181	0.045084	7.7746	7.8984	40.776	41.092	102.59	614.90	0.24697	116.30	0.11946	0.0061163	1.6851	0.59345	17.502	19.133	83.259	36.025	68.007	216.39	15.563	13.764	0.017819
264.59	2.7590	22.164	0.045119	7.7886	7.9131	40.829	41.096	102.71	613.63	0.24951	116.02	0.11929	0.0060881	1.6929	0.59072	17.501	19.131	83.226	36.061	68.193	216.33	15.540	13.776	0.017855
264.74	2.7704	22.146	0.045155	7.8027	7.9278	40.883	41.101	102.83	612.36	0.25207	115.74	0.11911	0.0060599	1.7007	0.58800	17.500	19.129	83.193	36.098	68.380	216.27	15.517	13.788	0.017891
264.88	2.7817	22.129	0.045190	7.8168	7.9425	40.936	41.105	102.96	611.09	0.25464	115.46	0.11894	0.0060318	1.7085	0.58530	17.499	19.127	83.160	36.134	68.569	216.20	15.494	13.800	0.017928
265.03	2.7932	22.111	0.045226	7.8309	7.9573	40.990	41.110	103.08	609.82	0.25723	115.18	0.11877	0.0060037	1.7164	0.58261	17.497	19.125	83.127	36.171	68.758	216.14	15.471	13.812	0.017965
265.17	2.8046	22.093	0.045262	7.8451	7.9720	41.044	41.114	103.21	608.55	0.25983	114.90	0.11860	0.0059756	1.7243	0.57993	17.496	19.123	83.093	36.208	68.950	216.07	15.448	13.824	0.018002
265.32	2.8161	22.076	0.045298	7.8592	7.9868	41.097	41.119	103.33	607.27	0.26245	114.63	0.11842	0.0059476	1.7323	0.57727	17.495	19.120	83.060	36.245	69.142	216.01	15.425	13.836	0.018039
265.47	2.8276	22.058	0.045335	7.8733	8.0015	41.151	41.124	103.46	606.00	0.26509	114.35	0.11825	0.0059195	1.7403	0.57461	17.493	19.118	83.027	36.282	69.336	215.94	15.402	13.848	0.018076
265.61	2.8392	22.041	0.045371	7.8875	8.0163	41.205	41.129	103.59	604.72	0.26775	114.07	0.11808	0.0058915	1.7483	0.57197	17.492	19.116	82.994	36.319	69.532	215.88	15.380	13.861	0.018114
265.76	2.8508	22.023	0.045407	7.9017	8.0311	41.258	41.135	103.72	603.44	0.27042	113.80	0.11791	0.0058636	1.7564	0.56935	17.491	19.114	82.960	36.356	69.729	215.81	15.357	13.873	0.018151
265.90	2.8624	22.005	0.045444	7.9158	8.0459	41.312	41.140	103.85	602.15	0.27311	113.52	0.11773	0.0058356	1.7645	0.56673	17.489	19.111	82.927	36.393	69.927	215.74	15.334	13.885	0.018189
266.05	2.8741	21.987	0.045481	7.9300	8.0608	41.366	41.146	103.98	600.87	0.27582	113.25	0.11756	0.0058077	1.7727	0.56413	17.488	19.109	82.893	36.431	70.127	215.68	15.311	13.898	0.018228
266.20	2.8858	21.969	0.045518	7.9442	8.0756	41.420	41.151	104.11	599.58	0.27854	112.97	0.11739	0.0057798	1.7808	0.56154	17.486	19.107	82.860	36.468	70.328	215.61	15.289	13.910	0.018266
266.34	2.8975	21.952	0.045555	7.9585	8.0905	41.474	41.157	104.25	598.30	0.28129	112.70	0.11722	0.0057519	1.7891	0.55896	17.485	19.104	82.826	36.506	70.531	215.54	15.266	13.923	0.018305
266.49	2.9093	21.934	0.045592	7.9727	8.1053	41.527	41.163	104.38	597.01	0.28405	112.43	0.11704	0.0057241	1.7973	0.55639	17.483	19.102	82.793	36.543	70.735	215.48	15.243	13.935	0.018343
266.63	2.9211	21.916	0.045629	7.9869	8.1202	41.581	41.169	104.52	595.71	0.28682	112.15	0.11687	0.0056963	1.8056	0.55383	17.482	19.100	82.759	36.581	70.941	215.41	15.221	13.948	0.018383
266.78	2.9329	21.898	0.045667	8.0012	8.1351	41.635	41.176	104.66	594.42	0.28962	111.88	0.11670	0.0056685	1.8139	0.55129	17.480	19.097	82.726	36.619	71.149	215.34	15.198	13.960	0.018422
266.93	2.9448	21.880	0.045704	8.0154	8.1500	41.689	41.182	104.79	593.13	0.29244	111.61	0.11653	0.0056408	1.8223	0.54876	17.479	19.095	82.692	36.657	71.358	215.27	15.176	13.973	0.018461
267.07	2.9567	21.862	0.045742	8.0297	8.1650	41.743	41.189	104.93	591.83	0.29527	111.34	0.11635	0.0056130	1.8307	0.54624	17.477	19.092	82.658	36.695	71.568	215.20	15.153	13.986	0.018501
267.22	2.9687	21.844	0.045780	8.0440	8.1799	41.797	41.195	105.07	590.53	0.29812	111.07	0.11618	0.0055853	1.8392	0.54373	17.476	19.090	82.624	36.733	71.781	215.13	15.131	13.999	0.018541
267.36	2.9806	21.826	0.045818	8.0583	8.1949	41.851	41.202	105.21	589.23	0.30100	110.80	0.11601	0.0055577	1.8476	0.54123	17.474	19.087	82.591	36.771	71.995	215.06	15.108	14.011	0.018581
267.51	2.9927	21.807	0.045856	8.0726	8.2099	41.905	41.209	105.36	587.93	0.30389	110.53	0.11584	0.0055300	1.8562	0.53875	17.472	19.085	82.557	36.810	72.210	214.99	15.086	14.024	0.018622
267.65	3.0047	21.789	0.045894	8.0869	8.2248	41.958	41.217	105.50	586.63	0.30680	110.26	0.11566	0.0055024	1.8647	0.53627	17.471	19.082	82.523	36.848	72.427	214.92	15.063	14.037	0.018663
267.80	3.0168	21.771	0.045933	8.1013	8.2399	42.012	41.224	105.64	585.32	0.30973	109.99	0.11549	0.0054748	1.8733	0.53381	17.469	19.079	82.489	36.887	72.646	214.85	15.041	14.050	0.018704
267.95	3.0289	21.753	0.045971	8.1156	8.2549	42.066	41.231	105.79	584.02	0.31268	109.72	0.11532	0.0054473	1.8820	0.53136	17.467	19.077	82.455	36.926	72.867	214.78	15.018	14.063	0.018745
268.09	3.0411	21.734	0.046010	8.1300	8.2699	42.121	41.239	105.94	582.71	0.31565	109.45	0.11515	0.0054197	1.8907	0.52891	17.466	19.074	82.421	36.964	73.089	214.71	14.996	14.076	0.018786
268.24	3.0533	21.716	0.046049	8.1444	8.2850	42.175	41.247	106.09	581.40	0.31863	109.18	0.11497	0.0053922	1.8994	0.52649	17.464	19.071	82.387	37.003	73.313	214.64	14.973	14.089	0.018828
268.38	3.0655	21.698	0.046088	8.1588	8.3000	42.229	41.255	106.24	580.09	0.32164	108.92	0.11480	0.0053648	1.9082	0.52407	17.462	19.069	82.353	37.042	73.539	214.57	14.951	14.102	0.018870
268.53	3.0778	21.679	0.046127	8.1732	8.3151	42.283	41.263	106.39	578.78	0.32467	108.65	0.11463	0.0053373	1.9170	0.52166	17.460	19.066	82.319	37.082	73.767	214.50	14.929	14.115	0.018912
268.68	3.0901	21.661	0.046166	8.1876	8.3302	42.337	41.271	106.54	577.46	0.32772	108.38	0.11446	0.0053099	1.9258	0.51926	17.459	19.063	82.285	37.121	73.997	214.42	14.906	14.129	0.018955
268.82	3.1024	21.642	0.046206	8.2020	8.3454	42.391	41.279	106.69	576.14	0.33080	108.12	0.11428	0.0052825	1.9347	0.51688	17.457	19.060	82.250	37.160	74.228	214.35	14.884	14.142	0.018997
268.97	3.1148	21.624	0.046246	8.2165	8.3605	42.445	41.287	106.85	574.83	0.33389	107.85	0.11411	0.0052552	1.9436	0.51450	17.455	19.058	82.216	37.200	74.461	214.28	14.862	14.155	0.019040
269.11	3.1272	21.605	0.046285	8.2309	8.3757	42.499	41.296	107.00	573.51	0.33700	107.58	0.11394	0.0052278	1.9526	0.51214	17.453	19.055	82.182	37.239	74.697	214.20	14.839	14.169	0.019084
269.26	3.1396	21.586	0.046325	8.2454	8.3908	42.554	41.305	107.16	572.19	0.34014	107.32	0.11376	0.0052005	1.9616	0.50978	17.451	19.052	82.147	37.279	74.934	214.13	14.817	14.182	0.019127
269.41	3.1521	21.568	0.046365	8.2599	8.4060	42.608	41.314	107.32	570.86	0.34329	107.06	0.11359	0.0051733	1.9707	0.50744	17.449	19.049	82.113	37.319	75.173	214.06	14.795	14.196	0.019171
269.55	3.1646	21.549	0.046406	8.2744	8.4212	42.662	41.323	107.48	569.54	0.34647	106.79	0.11342	0.0051460	1.9798	0.50511	17.448	19.046	82.079	37.359	75.414	213.98	14.772	14.209	0.019215
269.70	3.1772	21.530	0.046446	8.2889	8.4364	42.716	41.332	107.64	568.22	0.34967	106.53	0.11325	0.0051188	1.9889	0.50278	17.446	19.043	82.044	37.399	75.657	213.91	14.750	14.223	0.019260
269.84	3.1898	21.512	0.046487	8.3034	8.4517	42.771	41.341	107.80	566.89	0.35290	106.26	0.11307	0.0050916	1.9981	0.50047	17.444	19.040	82.009	37.439	75.902	213.83	14.728	14.236	0.019304
269.99	3.2024	21.493	0.046527	8.3179	8.4669	42.825	41.350	107.96	565.56	0.35614	106.00	0.11290	0.0050645	2.0074	0.49817	17.442	19.037	81.975	37.479	76.149	213.76	14.706	14.250	0.019349
270.13	3.2151	21.474	0.046568	8.3325	8.4822	42.879	41.360	108.13	564.23	0.35941	105.74	0.11273	0.0050373	2.0166	0.49588	17.440	19.034	81.940	37.520	76.398	213.68	14.684	14.264	0.019394
270.28	3.2278	21.455	0.046609	8.3471	8.4975	42.934	41.370	108.29	562.90	0.36270	105.48	0.11255	0.0050102	2.0259	0.49360	17.438	19.031	81.905	37.560	76.650	213.61	14.661	14.278	0.019440
270.43	3.2405	21.436	0.046651	8.3616	8.5128	42.988	41.379	108.46	561.57	0.36602	105.22	0.11238	0.0049832	2.0353	0.49132	17.436	19.028	81.871	37.601	76.903	213.53	14.639	14.291	0.019486
270.57	3.2533	21.417	0.046692	8.3762	8.5281	43.043	41.389	108.63	560.23	0.36936	104.95	0.11221	0.0049561	2.0447	0.48906	17.433	19.025	81.836	37.642	77.159	213.45	14.617	14.305	0.019532
270.72	3.2661	21.398	0.046734	8.3908	8.5435	43.097	41.400	108.80	558.90	0.37272	104.69	0.11204	0.0049291	2.0542	0.48681	17.431	19.021	81.801	37.683	77.417	213.38	14.595	14.319	0.019578
270.86	3.2789	21.379	0.046776	8.4055	8.5588	43.152	41.410	108.98	557.56	0.37611	104.43	0.11186	0.0049022	2.0637	0.48457	17.429	19.018	81.766	37.724	77.677	213.30	14.573	14.333	0.019625
271.01	3.2918	21.360	0.046817	8.4201	8.5742	43.206	41.420	109.15	556.22	0.37952	104.17	0.11169	0.0048752	2.0732	0.48234	17.427	19.015	81.731	37.765	77.939	213.22	14.551	14.347	0.019672
271.16	3.3048	21.340	0.046860	8.4348	8.5896	43.261	41.431	109.33	554.88	0.38295	103.91	0.11152	0.0048483	2.0828	0.48012	17.425	19.012	81.696	37.806	78.204	213.14	14.528	14.362	0.019720
271.30	3.3177	21.321	0.046902	8.4494	8.6050	43.315	41.441	109.50	553.54	0.38641	103.65	0.11134	0.0048214	2.0925	0.47790	17.423	19.008	81.661	37.848	78.471	213.06	14.506	14.376	0.019767
271.45	3.3307	21.302	0.046944	8.4641	8.6205	43.370	41.452	109.68	552.20	0.38990	103.39	0.11117	0.0047946	2.1022	0.47570	17.420	19.005	81.626	37.889	78.740	212.99	14.484	14.390	0.019815
271.59	3.3437	21.282	0.046987	8.4788	8.6359	43.425	41.463	109.86	550.86	0.39341	103.14	0.11100	0.0047677	2.1119	0.47351	17.418	19.002	81.591	37.931	79.012	212.91	14.462	14.404	0.019864
271.74	3.3568	21.263	0.047030	8.4935	8.6514	43.479	41.474	110.04	549.51	0.39694	102.88	0.11082	0.0047409	2.1217	0.47133	17.416	18.998	81.555	37.973	79.286	212.83	14.440	14.419	0.019912
271.89	3.3699	21.244	0.047073	8.5083	8.6669	43.534	41.485	110.23	548.16	0.40050	102.62	0.11065	0.0047142	2.1315	0.46915	17.414	18.995	81.520	38.015	79.563	212.75	14.418	14.433	0.019961
272.03	3.3831	21.224	0.047116	8.5230	8.6824	43.589	41.496	110.41	546.82	0.40409	102.36	0.11048	0.0046874	2.1414	0.46699	17.411	18.991	81.485	38.057	79.842	212.67	14.396	14.448	0.020011
272.18	3.3963	21.205	0.047159	8.5378	8.6979	43.644	41.507	110.60	545.47	0.40771	102.11	0.11030	0.0046607	2.1513	0.46483	17.409	18.988	81.449	38.100	80.123	212.59	14.374	14.462	0.020060
272.32	3.4095	21.185	0.047203	8.5525	8.7135	43.699	41.519	110.79	544.12	0.41135	101.85	0.11013	0.0046341	2.1613	0.46269	17.407	18.984	81.414	38.142	80.407	212.51	14.352	14.477	0.020110
272.47	3.4228	21.165	0.047247	8.5673	8.7291	43.753	41.530	110.98	542.77	0.41501	101.59	0.10996	0.0046074	2.1713	0.46055	17.404	18.981	81.378	38.185	80.694	212.42	14.330	14.492	0.020161
272.62	3.4361	21.146	0.047291	8.5821	8.7446	43.808	41.542	111.17	541.41	0.41871	101.34	0.10978	0.0045808	2.1814	0.45842	17.402	18.977	81.342	38.227	80.984	212.34	14.308	14.506	0.020212
272.76	3.4494	21.126	0.047335	8.5970	8.7603	43.863	41.554	111.36	540.06	0.42243	101.08	0.10961	0.0045542	2.1915	0.45630	17.399	18.973	81.307	38.270	81.276	212.26	14.286	14.521	0.020263
272.91	3.4628	21.106	0.047379	8.6118	8.7759	43.918	41.566	111.56	538.70	0.42618	100.83	0.10944	0.0045277	2.2017	0.45420	17.397	18.970	81.271	38.313	81.570	212.18	14.264	14.536	0.020314
273.05	3.4762	21.087	0.047424	8.6267	8.7915	43.973	41.578	111.75	537.35	0.42996	100.57	0.10926	0.0045012	2.2119	0.45210	17.394	18.966	81.235	38.357	81.868	212.10	14.242	14.551	0.020366
273.20	3.4896	21.067	0.047468	8.6415	8.8072	44.028	41.590	111.95	535.99	0.43377	100.32	0.10909	0.0044747	2.2222	0.45000	17.392	18.962	81.199	38.400	82.168	212.01	14.219	14.566	0.020418
273.34	3.5031	21.047	0.047513	8.6564	8.8229	44.083	41.603	112.15	534.63	0.43760	100.06	0.10892	0.0044482	2.2325	0.44792	17.389	18.959	81.163	38.443	82.471	211.93	14.197	14.581	0.020471
273.49	3.5167	21.027	0.047558	8.6713	8.8386	44.138	41.615	112.36	533.27	0.44147	99.807	0.10874	0.0044218	2.2429	0.44585	17.387	18.955	81.127	38.487	82.777	211.85	14.175	14.596	0.020524
273.64	3.5302	21.007	0.047604	8.6863	8.8543	44.194	41.628	112.56	531.91	0.44536	99.553	0.10857	0.0043954	2.2534	0.44378	17.384	18.951	81.091	38.531	83.086	211.76	14.153	14.612	0.020577
273.78	3.5438	20.987	0.047649	8.7012	8.8701	44.249	41.640	112.77	530.55	0.44928	99.300	0.10840	0.0043691	2.2638	0.44173	17.382	18.947	81.055	38.575	83.398	211.68	14.131	14.627	0.020631
273.93	3.5575	20.967	0.047695	8.7162	8.8859	44.304	41.653	112.98	529.19	0.45324	99.047	0.10822	0.0043427	2.2744	0.43968	17.379	18.943	81.019	38.619	83.713	211.59	14.109	14.642	0.020685
274.07	3.5712	20.946	0.047741	8.7312	8.9016	44.359	41.666	113.19	527.82	0.45722	98.794	0.10805	0.0043164	2.2850	0.43764	17.376	18.939	80.982	38.663	84.031	211.51	14.087	14.658	0.020739
274.22	3.5849	20.926	0.047787	8.7461	8.9175	44.414	41.679	113.40	526.46	0.46124	98.542	0.10788	0.0042902	2.2956	0.43561	17.374	18.935	80.946	38.708	84.352	211.42	14.065	14.673	0.020794
274.37	3.5987	20.906	0.047833	8.7612	8.9333	44.470	41.692	113.61	525.09	0.46528	98.289	0.10770	0.0042640	2.3063	0.43359	17.371	18.931	80.910	38.753	84.676	211.34	14.043	14.689	0.020849
274.51	3.6125	20.886	0.047880	8.7762	8.9492	44.525	41.705	113.83	523.72	0.46936	98.038	0.10753	0.0042378	2.3171	0.43158	17.368	18.927	80.873	38.797	85.003	211.25	14.021	14.704	0.020905
274.66	3.6263	20.865	0.047927	8.7912	8.9650	44.581	41.718	114.05	522.35	0.47347	97.786	0.10736	0.0042116	2.3279	0.42957	17.365	18.923	80.837	38.842	85.334	211.16	13.999	14.720	0.020961
274.80	3.6402	20.845	0.047974	8.8063	8.9809	44.636	41.732	114.27	520.98	0.47761	97.535	0.10718	0.0041855	2.3388	0.42758	17.362	18.919	80.800	38.888	85.668	211.08	13.977	14.736	0.021018
274.95	3.6541	20.824	0.048021	8.8214	8.9969	44.692	41.745	114.49	519.61	0.48179	97.284	0.10701	0.0041594	2.3497	0.42559	17.360	18.915	80.763	38.933	86.005	210.99	13.955	14.752	0.021075
275.10	3.6680	20.804	0.048068	8.8365	9.0128	44.747	41.759	114.72	518.24	0.48599	97.033	0.10683	0.0041333	2.3607	0.42361	17.357	18.911	80.726	38.978	86.346	210.90	13.933	14.768	0.021132
275.24	3.6820	20.783	0.048116	8.8516	9.0288	44.803	41.772	114.95	516.87	0.49023	96.783	0.10666	0.0041073	2.3717	0.42164	17.354	18.906	80.689	39.024	86.690	210.81	13.911	14.784	0.021190
275.39	3.6961	20.762	0.048164	8.8667	9.0448	44.858	41.786	115.18	515.49	0.49451	96.533	0.10649	0.0040813	2.3828	0.41967	17.351	18.902	80.652	39.070	87.037	210.72	13.889	14.800	0.021249
275.53	3.7102	20.742	0.048212	8.8819	9.0608	44.914	41.800	115.41	514.12	0.49882	96.283	0.10631	0.0040553	2.3940	0.41772	17.348	18.898	80.615	39.116	87.388	210.64	13.867	14.816	0.021307
275.68	3.7243	20.721	0.048260	8.8971	9.0768	44.970	41.814	115.64	512.74	0.50316	96.034	0.10614	0.0040294	2.4052	0.41577	17.345	18.893	80.578	39.162	87.743	210.55	13.845	14.832	0.021366
275.82	3.7384	20.700	0.048309	8.9123	9.0929	45.025	41.828	115.88	511.36	0.50754	95.784	0.10597	0.0040035	2.4164	0.41383	17.342	18.889	80.541	39.209	88.101	210.46	13.823	14.849	0.021426
275.97	3.7526	20.679	0.048358	8.9275	9.1090	45.081	41.842	116.12	509.99	0.51195	95.535	0.10579	0.0039776	2.4278	0.41190	17.339	18.885	80.504	39.255	88.463	210.37	13.801	14.865	0.021486
276.12	3.7669	20.658	0.048407	8.9427	9.1251	45.137	41.857	116.36	508.61	0.51640	95.287	0.10562	0.0039518	2.4392	0.40998	17.336	18.880	80.466	39.302	88.829	210.28	13.779	14.882	0.021547
276.26	3.7811	20.637	0.048456	8.9580	9.1412	45.193	41.871	116.61	507.23	0.52088	95.038	0.10544	0.0039260	2.4506	0.40806	17.333	18.876	80.429	39.349	89.199	210.19	13.756	14.898	0.021608
276.41	3.7955	20.616	0.048506	8.9733	9.1574	45.249	41.886	116.85	505.85	0.52540	94.790	0.10527	0.0039003	2.4621	0.40615	17.329	18.871	80.391	39.397	89.572	210.09	13.734	14.915	0.021670
276.55	3.8098	20.595	0.048556	8.9886	9.1735	45.305	41.900	117.10	504.46	0.52996	94.542	0.10509	0.0038745	2.4737	0.40425	17.326	18.866	80.354	39.444	89.950	210.00	13.712	14.932	0.021732
276.70	3.8242	20.574	0.048606	9.0039	9.1897	45.361	41.915	117.35	503.08	0.53456	94.295	0.10492	0.0038488	2.4853	0.40236	17.323	18.862	80.316	39.492	90.332	209.91	13.690	14.949	0.021794
276.85	3.8386	20.553	0.048656	9.0192	9.2060	45.417	41.929	117.61	501.70	0.53919	94.047	0.10475	0.0038232	2.4970	0.40047	17.320	18.857	80.278	39.539	90.717	209.82	13.668	14.966	0.021857
276.99	3.8531	20.531	0.048706	9.0346	9.2222	45.473	41.944	117.87	500.31	0.54386	93.800	0.10457	0.0037976	2.5088	0.39860	17.317	18.852	80.240	39.587	91.107	209.73	13.646	14.983	0.021921
277.14	3.8676	20.510	0.048757	9.0499	9.2385	45.530	41.959	118.13	498.92	0.54857	93.553	0.10440	0.0037720	2.5206	0.39673	17.313	18.848	80.202	39.636	91.501	209.63	13.624	15.000	0.021985
277.28	3.8822	20.488	0.048808	9.0653	9.2548	45.586	41.974	118.39	497.54	0.55332	93.307	0.10422	0.0037464	2.5325	0.39487	17.310	18.843	80.164	39.684	91.900	209.54	13.601	15.017	0.022050
277.43	3.8968	20.467	0.048859	9.0807	9.2711	45.642	41.989	118.65	496.15	0.55811	93.060	0.10405	0.0037209	2.5445	0.39301	17.307	18.838	80.126	39.733	92.302	209.44	13.579	15.034	0.022115
277.58	3.9114	20.445	0.048911	9.0962	9.2875	45.698	42.005	118.92	494.76	0.56294	92.814	0.10388	0.0036954	2.5565	0.39116	17.303	18.833	80.088	39.782	92.710	209.35	13.557	15.052	0.022181
277.72	3.9261	20.424	0.048963	9.1116	9.3039	45.755	42.020	119.19	493.37	0.56781	92.568	0.10370	0.0036700	2.5686	0.38932	17.300	18.828	80.049	39.831	93.121	209.26	13.535	15.069	0.022247
277.87	3.9408	20.402	0.049015	9.1271	9.3203	45.811	42.035	119.47	491.98	0.57272	92.322	0.10353	0.0036446	2.5807	0.38749	17.296	18.823	80.011	39.880	93.538	209.16	13.512	15.087	0.022314
278.01	3.9556	20.380	0.049067	9.1426	9.3367	45.868	42.051	119.75	490.59	0.57768	92.077	0.10335	0.0036192	2.5929	0.38566	17.293	18.818	79.972	39.930	93.959	209.06	13.490	15.105	0.022381
278.16	3.9704	20.358	0.049120	9.1582	9.3532	45.924	42.066	120.03	489.20	0.58267	91.831	0.10318	0.0035939	2.6052	0.38385	17.289	18.813	79.934	39.979	94.385	208.97	13.468	15.122	0.022449
278.31	3.9852	20.336	0.049173	9.1737	9.3697	45.981	42.082	120.31	487.80	0.58771	91.586	0.10300	0.0035686	2.6176	0.38203	17.286	18.808	79.895	40.029	94.815	208.87	13.446	15.140	0.022518
278.45	4.0001	20.315	0.049226	9.1893	9.3862	46.038	42.098	120.60	486.41	0.59280	91.342	0.10283	0.0035433	2.6300	0.38023	17.282	18.803	79.856	40.080	95.251	208.77	13.423	15.158	0.022587
278.60	4.0150	20.292	0.049279	9.2049	9.4027	46.094	42.113	120.89	485.01	0.59792	91.097	0.10265	0.0035181	2.6425	0.37843	17.278	18.798	79.817	40.130	95.692	208.68	13.401	15.176	0.022657
278.74	4.0300	20.270	0.049333	9.2205	9.4193	46.151	42.129	121.18	483.62	0.60309	90.852	0.10248	0.0034929	2.6550	0.37664	17.275	18.793	79.778	40.181	96.137	208.58	13.379	15.194	0.022727
278.89	4.0450	20.248	0.049387	9.2361	9.4359	46.208	42.145	121.47	482.22	0.60831	90.608	0.10230	0.0034677	2.6677	0.37486	17.271	18.787	79.739	40.232	96.588	208.48	13.356	15.213	0.022798
279.03	4.0601	20.226	0.049441	9.2518	9.4525	46.265	42.161	121.77	480.82	0.61357	90.364	0.10213	0.0034426	2.6804	0.37308	17.267	18.782	79.700	40.283	97.045	208.38	13.334	15.231	0.022870
279.18	4.0752	20.204	0.049496	9.2675	9.4692	46.322	42.177	122.08	479.42	0.61888	90.120	0.10195	0.0034175	2.6931	0.37131	17.263	18.777	79.660	40.334	97.506	208.28	13.311	15.250	0.022942
279.33	4.0903	20.181	0.049551	9.2832	9.4859	46.379	42.194	122.38	478.02	0.62423	89.877	0.10178	0.0033925	2.7060	0.36955	17.260	18.771	79.621	40.386	97.973	208.18	13.289	15.268	0.023015
279.47	4.1055	20.159	0.049606	9.2989	9.5026	46.436	42.210	122.70	476.62	0.62964	89.633	0.10160	0.0033675	2.7189	0.36779	17.256	18.766	79.581	40.438	98.446	208.08	13.266	15.287	0.023088
279.62	4.1207	20.136	0.049662	9.3147	9.5193	46.493	42.226	123.01	475.22	0.63509	89.390	0.10143	0.0033425	2.7319	0.36605	17.252	18.760	79.542	40.490	98.924	207.98	13.244	15.306	0.023162
279.76	4.1360	20.114	0.049717	9.3305	9.5361	46.551	42.243	123.33	473.81	0.64058	89.147	0.10125	0.0033176	2.7450	0.36430	17.248	18.755	79.502	40.543	99.409	207.88	13.221	15.325	0.023237
279.91	4.1513	20.091	0.049774	9.3463	9.5529	46.608	42.259	123.65	472.41	0.64613	88.904	0.10108	0.0032927	2.7581	0.36257	17.244	18.749	79.462	40.596	99.899	207.78	13.199	15.344	0.023313
280.06	4.1666	20.068	0.049830	9.3621	9.5697	46.665	42.276	123.97	471.01	0.65173	88.661	0.10090	0.0032678	2.7713	0.36084	17.240	18.743	79.422	40.648	100.39	207.68	13.176	15.363	0.023389
280.20	4.1820	20.045	0.049887	9.3779	9.5866	46.723	42.293	124.30	469.60	0.65738	88.418	0.10073	0.0032430	2.7846	0.35911	17.236	18.738	79.382	40.702	100.90	207.58	13.154	15.382	0.023466
280.35	4.1974	20.023	0.049944	9.3938	9.6035	46.780	42.310	124.64	468.19	0.66308	88.176	0.10055	0.0032183	2.7980	0.35740	17.232	18.732	79.342	40.755	101.41	207.47	13.131	15.401	0.023543
280.49	4.2129	20.000	0.050001	9.4097	9.6204	46.838	42.326	124.97	466.79	0.66883	87.933	0.10038	0.0031935	2.8115	0.35569	17.228	18.726	79.301	40.809	101.92	207.37	13.108	15.421	0.023622
280.64	4.2284	19.976	0.050059	9.4257	9.6373	46.896	42.343	125.31	465.38	0.67464	87.691	0.10020	0.0031688	2.8250	0.35398	17.223	18.720	79.261	40.863	102.44	207.27	13.086	15.441	0.023701
280.79	4.2440	19.953	0.050117	9.4416	9.6543	46.953	42.361	125.66	463.97	0.68049	87.449	0.10003	0.0031442	2.8386	0.35229	17.219	18.714	79.220	40.918	102.97	207.16	13.063	15.460	0.023780
280.93	4.2596	19.930	0.050175	9.4576	9.6713	47.011	42.378	126.01	462.56	0.68641	87.207	0.099854	0.0031195	2.8523	0.35060	17.215	18.708	79.179	40.972	103.50	207.06	13.040	15.480	0.023861
281.08	4.2752	19.907	0.050234	9.4736	9.6884	47.069	42.395	126.36	461.14	0.69237	86.965	0.099679	0.0030949	2.8661	0.34891	17.211	18.702	79.139	41.027	104.05	206.95	13.017	15.500	0.023942
281.22	4.2909	19.883	0.050293	9.4897	9.7055	47.127	42.412	126.72	459.73	0.69840	86.724	0.099503	0.0030704	2.8799	0.34723	17.206	18.696	79.098	41.082	104.59	206.85	12.994	15.520	0.024024
281.37	4.3066	19.860	0.050353	9.5057	9.7226	47.185	42.430	127.09	458.32	0.70448	86.482	0.099328	0.0030459	2.8939	0.34556	17.202	18.690	79.056	41.138	105.15	206.74	12.972	15.541	0.024107
281.51	4.3224	19.836	0.050412	9.5218	9.7397	47.243	42.447	127.45	456.90	0.71061	86.241	0.099152	0.0030214	2.9079	0.34389	17.198	18.684	79.015	41.194	105.71	206.64	12.949	15.561	0.024191
281.66	4.3382	19.813	0.050472	9.5380	9.7569	47.301	42.465	127.83	455.49	0.71681	85.999	0.098977	0.0029970	2.9220	0.34223	17.193	18.678	78.974	41.250	106.28	206.53	12.926	15.581	0.024275
281.81	4.3541	19.789	0.050533	9.5541	9.7741	47.360	42.483	128.20	454.07	0.72306	85.758	0.098801	0.0029726	2.9362	0.34058	17.189	18.672	78.932	41.306	106.86	206.42	12.903	15.602	0.024361
281.95	4.3700	19.765	0.050594	9.5703	9.7914	47.418	42.501	128.59	452.65	0.72937	85.517	0.098626	0.0029483	2.9504	0.33893	17.184	18.665	78.891	41.363	107.45	206.31	12.880	15.623	0.024447
282.10	4.3859	19.741	0.050655	9.5865	9.8087	47.476	42.519	128.97	451.23	0.73575	85.276	0.098450	0.0029240	2.9648	0.33729	17.179	18.659	78.849	41.420	108.04	206.20	12.857	15.644	0.024534
282.24	4.4019	19.717	0.050717	9.6027	9.8260	47.535	42.537	129.37	449.81	0.74218	85.035	0.098275	0.0028997	2.9793	0.33565	17.175	18.652	78.807	41.478	108.64	206.10	12.833	15.665	0.024621
282.39	4.4180	19.693	0.050779	9.6190	9.8433	47.593	42.555	129.76	448.39	0.74868	84.794	0.098099	0.0028755	2.9938	0.33402	17.170	18.646	78.765	41.535	109.25	205.99	12.810	15.686	0.024710
282.54	4.4340	19.669	0.050841	9.6353	9.8607	47.652	42.573	130.17	446.97	0.75524	84.553	0.097923	0.0028513	3.0084	0.33240	17.165	18.639	78.723	41.594	109.87	205.88	12.787	15.707	0.024800
282.68	4.4502	19.645	0.050904	9.6516	9.8781	47.711	42.591	130.58	445.55	0.76186	84.313	0.097748	0.0028272	3.0232	0.33078	17.161	18.633	78.680	41.652	110.50	205.77	12.764	15.729	0.024890
282.83	4.4663	19.621	0.050967	9.6680	9.8956	47.770	42.610	130.99	444.12	0.76855	84.072	0.097572	0.0028031	3.0380	0.32916	17.156	18.626	78.638	41.711	111.13	205.65	12.740	15.750	0.024982
282.97	4.4825	19.596	0.051030	9.6844	9.9131	47.829	42.629	131.41	442.69	0.77531	83.832	0.097396	0.0027790	3.0529	0.32756	17.151	18.619	78.595	41.770	111.78	205.54	12.717	15.772	0.025074
283.12	4.4988	19.572	0.051094	9.7008	9.9306	47.888	42.647	131.83	441.27	0.78213	83.591	0.097220	0.0027550	3.0679	0.32596	17.146	18.612	78.553	41.829	112.43	205.43	12.694	15.794	0.025168
283.27	4.5151	19.547	0.051159	9.7172	9.9482	47.947	42.666	132.27	439.84	0.78902	83.351	0.097044	0.0027310	3.0830	0.32436	17.141	18.606	78.510	41.889	113.09	205.32	12.670	15.816	0.025262
283.41	4.5314	19.522	0.051223	9.7337	9.9658	48.006	42.685	132.70	438.41	0.79598	83.110	0.096868	0.0027071	3.0982	0.32277	17.136	18.599	78.467	41.949	113.77	205.20	12.647	15.838	0.025357
283.56	4.5478	19.498	0.051288	9.7502	9.9835	48.065	42.704	133.15	436.98	0.80300	82.870	0.096693	0.0026832	3.1135	0.32118	17.131	18.592	78.423	42.010	114.45	205.09	12.623	15.861	0.025453
283.70	4.5642	19.473	0.051354	9.7668	10.001	48.125	42.723	133.60	435.55	0.81010	82.630	0.096517	0.0026594	3.1289	0.31960	17.126	18.585	78.380	42.071	115.14	204.98	12.600	15.883	0.025551
283.85	4.5807	19.448	0.051420	9.7834	10.019	48.184	42.743	134.05	434.11	0.81727	82.389	0.096341	0.0026356	3.1444	0.31803	17.121	18.578	78.336	42.132	115.84	204.86	12.576	15.906	0.025649
283.99	4.5972	19.423	0.051487	9.8000	10.037	48.244	42.762	134.52	432.68	0.82452	82.149	0.096165	0.0026118	3.1600	0.31646	17.116	18.570	78.293	42.194	116.55	204.75	12.552	15.929	0.025748
284.14	4.6138	19.397	0.051553	9.8166	10.054	48.303	42.782	134.99	431.24	0.83184	81.909	0.095989	0.0025881	3.1757	0.31489	17.110	18.563	78.249	42.256	117.28	204.63	12.528	15.952	0.025849
284.29	4.6304	19.372	0.051621	9.8333	10.072	48.363	42.801	135.46	429.80	0.83923	81.669	0.095813	0.0025645	3.1915	0.31334	17.105	18.556	78.205	42.318	118.01	204.51	12.505	15.975	0.025950
284.43	4.6471	19.347	0.051689	9.8500	10.090	48.423	42.821	135.95	428.37	0.84670	81.428	0.095636	0.0025408	3.2074	0.31178	17.100	18.549	78.161	42.381	118.76	204.40	12.481	15.998	0.026053
284.58	4.6638	19.321	0.051757	9.8668	10.108	48.483	42.841	136.44	426.93	0.85425	81.188	0.095460	0.0025172	3.2234	0.31023	17.094	18.541	78.116	42.444	119.51	204.28	12.457	16.022	0.026157
284.72	4.6805	19.295	0.051826	9.8836	10.126	48.543	42.861	136.93	425.48	0.86187	80.948	0.095284	0.0024937	3.2395	0.30869	17.089	18.534	78.072	42.508	120.28	204.16	12.433	16.045	0.026262
284.87	4.6973	19.270	0.051895	9.9004	10.144	48.603	42.882	137.44	424.04	0.86958	80.708	0.095108	0.0024702	3.2557	0.30715	17.083	18.526	78.027	42.572	121.06	204.04	12.409	16.069	0.026368
285.02	4.7142	19.244	0.051965	9.9173	10.162	48.664	42.902	137.95	422.60	0.87737	80.468	0.094932	0.0024468	3.2721	0.30562	17.078	18.518	77.982	42.637	121.85	203.92	12.385	16.093	0.026475
285.16	4.7311	19.218	0.052035	9.9342	10.180	48.724	42.923	138.47	421.15	0.88524	80.227	0.094756	0.0024234	3.2885	0.30409	17.072	18.511	77.937	42.702	122.66	203.80	12.360	16.118	0.026584
285.31	4.7480	19.192	0.052105	9.9511	10.198	48.785	42.943	139.00	419.70	0.89319	79.987	0.094580	0.0024000	3.3051	0.30257	17.066	18.503	77.892	42.767	123.48	203.68	12.336	16.142	0.026694
285.45	4.7650	19.166	0.052177	9.9681	10.217	48.845	42.964	139.54	418.25	0.90123	79.747	0.094404	0.0023767	3.3217	0.30105	17.061	18.495	77.846	42.833	124.31	203.56	12.312	16.167	0.026805
285.60	4.7820	19.139	0.052248	9.9851	10.235	48.906	42.986	140.09	416.80	0.90936	79.506	0.094227	0.0023535	3.3385	0.29954	17.055	18.487	77.801	42.899	125.15	203.44	12.287	16.191	0.026917
285.75	4.7991	19.113	0.052320	10.002	10.253	48.967	43.007	140.64	415.35	0.91757	79.266	0.094051	0.0023302	3.3554	0.29803	17.049	18.479	77.755	42.966	126.01	203.32	12.263	16.216	0.027030
285.89	4.8162	19.086	0.052393	10.019	10.272	49.028	43.028	141.20	413.89	0.92587	79.025	0.093875	0.0023071	3.3724	0.29652	17.043	18.471	77.709	43.033	126.88	203.20	12.238	16.242	0.027145
286.04	4.8333	19.060	0.052466	10.036	10.290	49.089	43.050	141.77	412.43	0.93427	78.785	0.093699	0.0022840	3.3896	0.29502	17.037	18.463	77.662	43.101	127.77	203.07	12.214	16.267	0.027261
286.18	4.8505	19.033	0.052540	10.054	10.308	49.151	43.072	142.36	410.98	0.94276	78.544	0.093523	0.0022609	3.4068	0.29353	17.031	18.455	77.616	43.169	128.67	202.95	12.189	16.293	0.027379
286.33	4.8678	19.006	0.052614	10.071	10.327	49.212	43.094	142.95	409.52	0.95134	78.303	0.093347	0.0022379	3.4242	0.29204	17.025	18.446	77.569	43.238	129.58	202.82	12.164	16.318	0.027498
286.48	4.8851	18.979	0.052689	10.088	10.345	49.273	43.116	143.55	408.05	0.96001	78.062	0.093171	0.0022149	3.4417	0.29055	17.019	18.438	77.523	43.307	130.51	202.70	12.139	16.344	0.027619
286.62	4.9025	18.952	0.052765	10.105	10.364	49.335	43.139	144.16	406.59	0.96879	77.821	0.092994	0.0021919	3.4593	0.28907	17.012	18.430	77.476	43.376	131.46	202.57	12.114	16.371	0.027740
286.77	4.9199	18.925	0.052841	10.123	10.383	49.397	43.161	144.78	405.12	0.97766	77.580	0.092818	0.0021691	3.4771	0.28760	17.006	18.421	77.428	43.446	132.43	202.44	12.089	16.397	0.027864
286.91	4.9373	18.897	0.052917	10.140	10.401	49.459	43.184	145.41	403.65	0.98663	77.339	0.092642	0.0021462	3.4950	0.28612	17.000	18.412	77.381	43.517	133.41	202.32	12.064	16.424	0.027989
287.06	4.9548	18.870	0.052995	10.157	10.420	49.521	43.207	146.05	402.18	0.99571	77.098	0.092466	0.0021234	3.5130	0.28466	16.993	18.404	77.333	43.588	134.40	202.19	12.039	16.451	0.028115
287.20	4.9723	18.842	0.053072	10.175	10.439	49.583	43.231	146.70	400.71	1.0049	76.856	0.092290	0.0021007	3.5312	0.28319	16.987	18.395	77.285	43.660	135.42	202.06	12.014	16.478	0.028243
287.35	4.9899	18.814	0.053151	10.192	10.458	49.645	43.254	147.37	399.23	1.0142	76.615	0.092114	0.0020780	3.5494	0.28173	16.980	18.386	77.237	43.732	136.45	201.93	11.988	16.505	0.028373
287.50	5.0075	18.786	0.053230	10.210	10.477	49.708	43.278	148.04	397.76	1.0236	76.373	0.091938	0.0020554	3.5679	0.28028	16.974	18.377	77.189	43.805	137.51	201.80	11.963	16.533	0.028504
287.64	5.0252	18.758	0.053309	10.228	10.495	49.770	43.302	148.73	396.28	1.0331	76.131	0.091763	0.0020328	3.5864	0.27883	16.967	18.368	77.140	43.879	138.58	201.67	11.937	16.561	0.028637
287.79	5.0430	18.730	0.053390	10.245	10.514	49.833	43.326	149.43	394.79	1.0427	75.889	0.091587	0.0020103	3.6051	0.27738	16.960	18.359	77.091	43.953	139.67	201.54	11.911	16.589	0.028772
287.93	5.0607	18.702	0.053471	10.263	10.534	49.896	43.351	150.14	393.31	1.0524	75.647	0.091411	0.0019878	3.6240	0.27594	16.953	18.350	77.042	44.027	140.78	201.40	11.886	16.617	0.028908
288.08	5.0786	18.673	0.053552	10.281	10.553	49.959	43.376	150.86	391.82	1.0623	75.404	0.091235	0.0019654	3.6430	0.27450	16.946	18.341	76.993	44.103	141.91	201.27	11.860	16.646	0.029046
288.23	5.0964	18.645	0.053634	10.299	10.572	50.022	43.401	151.60	390.33	1.0722	75.162	0.091060	0.0019430	3.6621	0.27307	16.939	18.331	76.943	44.179	143.06	201.14	11.834	16.675	0.029186
288.37	5.1144	18.616	0.053717	10.316	10.591	50.086	43.426	152.35	388.83	1.0823	74.919	0.090884	0.0019207	3.6814	0.27164	16.932	18.322	76.894	44.255	144.24	201.00	11.808	16.704	0.029328
288.52	5.1323	18.587	0.053801	10.334	10.610	50.149	43.452	153.12	387.34	1.0925	74.676	0.090709	0.0018984	3.7008	0.27021	16.925	18.312	76.844	44.332	145.44	200.87	11.781	16.733	0.029472
288.66	5.1504	18.558	0.053885	10.352	10.630	50.213	43.478	153.90	385.84	1.1028	74.433	0.090534	0.0018762	3.7204	0.26879	16.918	18.302	76.793	44.410	146.66	200.73	11.755	16.763	0.029617
288.81	5.1684	18.529	0.053970	10.370	10.649	50.277	43.505	154.69	384.34	1.1133	74.189	0.090358	0.0018540	3.7401	0.26737	16.911	18.293	76.743	44.488	147.90	200.59	11.729	16.793	0.029765
288.96	5.1865	18.499	0.054056	10.388	10.669	50.341	43.531	155.50	382.83	1.1239	73.945	0.090183	0.0018319	3.7600	0.26596	16.903	18.283	76.692	44.567	149.17	200.46	11.702	16.823	0.029914
289.10	5.2047	18.470	0.054143	10.406	10.688	50.405	43.559	156.32	381.32	1.1346	73.701	0.090008	0.0018098	3.7801	0.26454	16.896	18.273	76.641	44.647	150.47	200.32	11.676	16.853	0.030066
289.25	5.2229	18.440	0.054230	10.425	10.708	50.470	43.586	157.16	379.81	1.1454	73.457	0.089834	0.0017878	3.8003	0.26314	16.888	18.263	76.589	44.728	151.79	200.18	11.649	16.884	0.030220
289.39	5.2412	18.410	0.054318	10.443	10.727	50.534	43.614	158.02	378.29	1.1564	73.212	0.089659	0.0017659	3.8207	0.26173	16.881	18.253	76.538	44.809	153.14	200.04	11.622	16.915	0.030376
289.54	5.2595	18.380	0.054407	10.461	10.747	50.599	43.642	158.89	376.77	1.1675	72.967	0.089484	0.0017440	3.8413	0.26033	16.873	18.242	76.486	44.891	154.52	199.90	11.595	16.947	0.030534
289.68	5.2779	18.350	0.054497	10.479	10.767	50.664	43.671	159.78	375.25	1.1788	72.722	0.089310	0.0017221	3.8620	0.25893	16.865	18.232	76.433	44.973	155.92	199.76	11.568	16.978	0.030694
289.83	5.2963	18.319	0.054587	10.498	10.787	50.729	43.700	160.69	373.72	1.1902	72.477	0.089136	0.0017003	3.8829	0.25754	16.858	18.222	76.381	45.057	157.35	199.61	11.540	17.010	0.030857
289.98	5.3148	18.289	0.054678	10.516	10.807	50.795	43.729	161.61	372.19	1.2018	72.231	0.088962	0.0016786	3.9040	0.25615	16.850	18.211	76.328	45.141	158.82	199.47	11.513	17.043	0.031022
290.12	5.3333	18.258	0.054771	10.535	10.827	50.860	43.759	162.56	370.66	1.2135	71.985	0.088788	0.0016569	3.9252	0.25476	16.842	18.200	76.275	45.226	160.32	199.33	11.485	17.075	0.031190
290.27	5.3518	18.227	0.054864	10.553	10.847	50.926	43.789	163.52	369.12	1.2254	71.738	0.088615	0.0016353	3.9467	0.25338	16.833	18.189	76.221	45.312	161.84	199.18	11.458	17.108	0.031360
290.41	5.3704	18.196	0.054957	10.572	10.867	50.992	43.820	164.50	367.58	1.2374	71.491	0.088441	0.0016138	3.9683	0.25200	16.825	18.179	76.168	45.398	163.41	199.03	11.430	17.142	0.031532
290.56	5.3891	18.165	0.055052	10.591	10.887	51.058	43.851	165.51	366.03	1.2496	71.244	0.088268	0.0015923	3.9901	0.25062	16.817	18.168	76.113	45.486	165.00	198.89	11.402	17.176	0.031707
290.71	5.4078	18.133	0.055148	10.609	10.908	51.124	43.883	166.53	364.48	1.2620	70.996	0.088096	0.0015708	4.0121	0.24925	16.808	18.156	76.059	45.574	166.64	198.74	11.374	17.210	0.031885
290.85	5.4266	18.101	0.055245	10.628	10.928	51.191	43.915	167.58	362.92	1.2745	70.748	0.087923	0.0015494	4.0343	0.24788	16.800	18.145	76.004	45.663	168.31	198.59	11.345	17.244	0.032065
291.00	5.4454	18.069	0.055342	10.647	10.949	51.258	43.948	168.65	361.36	1.2872	70.499	0.087751	0.0015281	4.0567	0.24651	16.791	18.134	75.949	45.753	170.01	198.44	11.317	17.279	0.032248
291.14	5.4643	18.037	0.055441	10.666	10.969	51.325	43.982	169.74	359.79	1.3000	70.250	0.087579	0.0015069	4.0793	0.24514	16.783	18.122	75.893	45.844	171.76	198.29	11.288	17.314	0.032434
291.29	5.4832	18.005	0.055540	10.685	10.990	51.392	44.016	170.86	358.22	1.3131	70.001	0.087408	0.0014857	4.1021	0.24378	16.774	18.111	75.838	45.936	173.55	198.14	11.260	17.350	0.032623
291.44	5.5022	17.972	0.055641	10.704	11.011	51.459	44.050	172.00	356.64	1.3263	69.751	0.087237	0.0014645	4.1251	0.24242	16.765	18.099	75.781	46.029	175.38	197.98	11.231	17.386	0.032815
291.58	5.5212	17.940	0.055742	10.724	11.031	51.527	44.085	173.17	355.06	1.3398	69.501	0.087066	0.0014434	4.1483	0.24106	16.756	18.087	75.725	46.123	177.26	197.83	11.202	17.422	0.033011
291.73	5.5403	17.907	0.055845	10.743	11.052	51.595	44.121	174.37	353.47	1.3534	69.250	0.086896	0.0014224	4.1718	0.23971	16.747	18.075	75.668	46.218	179.18	197.67	11.172	17.459	0.033209
291.87	5.5594	17.874	0.055949	10.762	11.073	51.663	44.158	175.59	351.88	1.3672	68.998	0.086726	0.0014015	4.1954	0.23835	16.738	18.063	75.610	46.314	181.15	197.52	11.143	17.496	0.033410
292.02	5.5786	17.840	0.056053	10.782	11.094	51.732	44.195	176.84	350.28	1.3812	68.746	0.086557	0.0013806	4.2193	0.23700	16.728	18.050	75.553	46.411	183.16	197.36	11.113	17.534	0.033615
292.16	5.5978	17.807	0.056159	10.801	11.115	51.801	44.233	178.12	348.67	1.3954	68.494	0.086388	0.0013598	4.2434	0.23566	16.719	18.038	75.495	46.509	185.23	197.20	11.083	17.572	0.033823
292.31	5.6171	17.773	0.056266	10.821	11.137	51.870	44.272	179.44	347.06	1.4099	68.241	0.086220	0.0013390	4.2678	0.23431	16.709	18.025	75.436	46.608	187.35	197.04	11.053	17.610	0.034035
292.46	5.6364	17.739	0.056374	10.840	11.158	51.939	44.312	180.78	345.44	1.4245	67.987	0.086052	0.0013183	4.2924	0.23297	16.700	18.013	75.377	46.709	189.53	196.88	11.023	17.649	0.034251
292.60	5.6558	17.704	0.056484	10.860	11.179	52.008	44.352	182.16	343.81	1.4394	67.733	0.085885	0.0012977	4.3172	0.23163	16.690	18.000	75.318	46.810	191.76	196.71	10.993	17.689	0.034470
292.75	5.6753	17.670	0.056594	10.880	11.201	52.078	44.393	183.57	342.18	1.4545	67.478	0.085719	0.0012771	4.3423	0.23029	16.680	17.987	75.258	46.913	194.05	196.55	10.962	17.729	0.034693
292.89	5.6948	17.635	0.056706	10.900	11.223	52.148	44.436	185.02	340.54	1.4699	67.222	0.085553	0.0012566	4.3677	0.22896	16.670	17.974	75.197	47.017	196.40	196.39	10.931	17.769	0.034920
293.04	5.7143	17.600	0.056819	10.920	11.244	52.219	44.479	186.50	338.89	1.4855	66.966	0.085388	0.0012362	4.3933	0.22762	16.660	17.960	75.137	47.122	198.82	196.22	10.900	17.810	0.035151
293.19	5.7339	17.564	0.056934	10.940	11.266	52.289	44.523	188.02	337.24	1.5013	66.709	0.085224	0.0012158	4.4191	0.22629	16.649	17.947	75.075	47.228	201.30	196.05	10.869	17.852	0.035386
293.33	5.7536	17.529	0.057050	10.960	11.288	52.360	44.568	189.59	335.57	1.5174	66.452	0.085061	0.0011955	4.4453	0.22496	16.639	17.933	75.014	47.336	203.85	195.88	10.837	17.894	0.035625
293.48	5.7733	17.493	0.057167	10.980	11.310	52.432	44.615	191.19	333.90	1.5337	66.193	0.084898	0.0011753	4.4717	0.22363	16.628	17.919	74.952	47.445	206.48	195.71	10.806	17.937	0.035869
293.62	5.7930	17.456	0.057285	11.000	11.332	52.503	44.662	192.84	332.22	1.5503	65.934	0.084737	0.0011551	4.4984	0.22230	16.617	17.905	74.889	47.556	209.18	195.54	10.774	17.980	0.036117
293.77	5.8129	17.420	0.057405	11.021	11.355	52.575	44.710	194.54	330.53	1.5672	65.674	0.084577	0.0011350	4.5254	0.22098	16.607	17.891	74.826	47.668	211.96	195.37	10.741	18.024	0.036370
293.92	5.8327	17.383	0.057527	11.041	11.377	52.648	44.760	196.28	328.84	1.5844	65.413	0.084417	0.0011150	4.5526	0.21965	16.596	17.877	74.762	47.782	214.82	195.19	10.709	18.068	0.036628
294.06	5.8527	17.346	0.057650	11.062	11.399	52.720	44.811	198.08	327.13	1.6019	65.152	0.084259	0.0010951	4.5802	0.21833	16.584	17.862	74.698	47.897	217.76	195.01	10.676	18.113	0.036891
294.21	5.8726	17.309	0.057774	11.083	11.422	52.793	44.864	199.92	325.41	1.6196	64.889	0.084102	0.0010752	4.6081	0.21701	16.573	17.847	74.633	48.013	220.80	194.84	10.643	18.158	0.037159
294.35	5.8927	17.271	0.057901	11.104	11.445	52.867	44.918	201.82	323.69	1.6377	64.626	0.083947	0.0010554	4.6363	0.21569	16.562	17.833	74.567	48.132	223.93	194.66	10.610	18.205	0.037433
294.50	5.9128	17.233	0.058028	11.125	11.468	52.940	44.973	203.78	321.95	1.6561	64.362	0.083792	0.0010357	4.6649	0.21437	16.550	17.817	74.501	48.252	227.16	194.47	10.577	18.252	0.037712
294.65	5.9329	17.195	0.058158	11.146	11.491	53.015	45.030	205.80	320.20	1.6748	64.096	0.083640	0.0010161	4.6937	0.21305	16.538	17.802	74.435	48.373	230.49	194.29	10.543	18.299	0.037996
294.79	5.9531	17.156	0.058289	11.167	11.514	53.089	45.088	207.88	318.45	1.6939	63.830	0.083489	0.00099652	4.7229	0.21173	16.526	17.787	74.368	48.497	233.92	194.10	10.509	18.347	0.038287
294.94	5.9734	17.117	0.058422	11.188	11.537	53.164	45.148	210.03	316.68	1.7133	63.563	0.083339	0.00097703	4.7525	0.21042	16.514	17.771	74.300	48.622	237.47	193.92	10.474	18.397	0.038584
295.08	5.9937	17.077	0.058557	11.210	11.561	53.239	45.210	212.25	314.90	1.7331	63.294	0.083191	0.00095763	4.7824	0.20910	16.502	17.755	74.232	48.749	241.14	193.73	10.440	18.446	0.038887
295.23	6.0141	17.038	0.058694	11.231	11.584	53.315	45.274	214.54	313.11	1.7532	63.025	0.083045	0.00093830	4.8127	0.20778	16.489	17.739	74.162	48.878	244.93	193.54	10.405	18.497	0.039196
295.37	6.0345	16.997	0.058832	11.253	11.608	53.391	45.339	216.90	311.31	1.7737	62.754	0.082902	0.00091905	4.8433	0.20647	16.477	17.723	74.093	49.010	248.85	193.34	10.369	18.548	0.039513
295.52	6.0550	16.957	0.058973	11.275	11.632	53.468	45.407	219.35	309.49	1.7946	62.482	0.082760	0.00089988	4.8744	0.20515	16.464	17.706	74.022	49.143	252.91	193.15	10.334	18.600	0.039836
295.67	6.0755	16.916	0.059116	11.297	11.656	53.545	45.476	221.89	307.66	1.8159	62.209	0.082621	0.00088080	4.9058	0.20384	16.451	17.689	73.951	49.278	257.12	192.95	10.298	18.653	0.040167
295.81	6.0961	16.875	0.059261	11.319	11.680	53.623	45.548	224.51	305.82	1.8377	61.934	0.082484	0.00086179	4.9377	0.20252	16.437	17.672	73.879	49.416	261.47	192.75	10.261	18.707	0.040505
295.96	6.1168	16.833	0.059408	11.341	11.704	53.701	45.622	227.23	303.97	1.8598	61.659	0.082349	0.00084288	4.9699	0.20121	16.424	17.655	73.807	49.556	265.99	192.54	10.224	18.762	0.040852
296.10	6.1375	16.791	0.059557	11.363	11.729	53.779	45.699	230.05	302.10	1.8825	61.382	0.082218	0.00082405	5.0026	0.19989	16.410	17.637	73.733	49.699	270.68	192.34	10.187	18.817	0.041206
296.25	6.1583	16.748	0.059709	11.386	11.753	53.858	45.778	232.98	300.22	1.9055	61.103	0.082089	0.00080530	5.0358	0.19858	16.396	17.619	73.659	49.844	275.54	192.13	10.150	18.874	0.041569
296.40	6.1791	16.705	0.059863	11.408	11.778	53.938	45.860	236.02	298.32	1.9291	60.823	0.081964	0.00078665	5.0694	0.19726	16.382	17.601	73.584	49.991	280.60	191.92	10.112	18.932	0.041941
296.54	6.2000	16.661	0.060019	11.431	11.803	54.018	45.944	239.18	296.41	1.9531	60.541	0.081842	0.00076808	5.1035	0.19594	16.368	17.583	73.508	50.141	285.85	191.71	10.074	18.990	0.042322
296.69	6.2210	16.617	0.060179	11.454	11.828	54.099	46.032	242.47	294.49	1.9777	60.258	0.081723	0.00074960	5.1381	0.19463	16.353	17.564	73.431	50.294	291.32	191.49	10.035	19.050	0.042713
296.83	6.2420	16.573	0.060341	11.477	11.854	54.180	46.123	245.89	292.55	2.0028	59.973	0.081609	0.00073122	5.1731	0.19331	16.338	17.545	73.354	50.450	297.02	191.27	9.9962	19.111	0.043114
296.98	6.2630	16.527	0.060505	11.500	11.879	54.262	46.216	249.46	290.59	2.0284	59.687	0.081498	0.00071292	5.2087	0.19199	16.323	17.526	73.275	50.610	302.95	191.05	9.9567	19.173	0.043526
297.13	6.2842	16.482	0.060673	11.524	11.905	54.345	46.314	253.18	288.62	2.0546	59.398	0.081392	0.00069473	5.2449	0.19066	16.308	17.506	73.195	50.772	309.14	190.82	9.9167	19.236	0.043949
297.27	6.3053	16.436	0.060843	11.548	11.931	54.428	46.414	257.06	286.63	2.0814	59.108	0.081291	0.00067662	5.2815	0.18934	16.292	17.486	73.115	50.937	315.60	190.59	9.8763	19.300	0.044383
297.42	6.3266	16.389	0.061017	11.572	11.958	54.512	46.519	261.12	284.62	2.1088	58.815	0.081194	0.00065862	5.3188	0.18801	16.277	17.466	73.033	51.106	322.35	190.35	9.8354	19.366	0.044830
297.56	6.3479	16.341	0.061194	11.596	11.984	54.597	46.628	265.37	282.60	2.1368	58.521	0.081103	0.00064072	5.3567	0.18668	16.260	17.445	72.950	51.279	329.41	190.12	9.7940	19.433	0.045289
297.71	6.3693	16.293	0.061374	11.620	12.011	54.682	46.740	269.81	280.55	2.1655	58.224	0.081018	0.00062291	5.3951	0.18535	16.244	17.424	72.867	51.455	336.80	189.88	9.7520	19.501	0.045762
297.85	6.3907	16.245	0.061558	11.644	12.038	54.769	46.857	274.48	278.49	2.1949	57.926	0.080938	0.00060521	5.4342	0.18402	16.227	17.403	72.782	51.635	344.55	189.63	9.7096	19.571	0.046249
298.00	6.4122	16.195	0.061746	11.669	12.065	54.856	46.979	279.37	276.41	2.2250	57.625	0.080865	0.00058761	5.4740	0.18268	16.210	17.381	72.696	51.820	352.68	189.38	9.6666	19.642	0.046751
298.15	6.4337	16.145	0.061937	11.694	12.093	54.943	47.105	284.50	274.31	2.2558	57.321	0.080800	0.00057012	5.5145	0.18134	16.193	17.359	72.608	52.009	361.22	189.12	9.6230	19.714	0.047268
298.29	6.4554	16.095	0.062133	11.719	12.120	55.032	47.237	289.91	272.19	2.2873	57.015	0.080741	0.00055274	5.5556	0.18000	16.175	17.337	72.520	52.202	370.20	188.86	9.5789	19.789	0.047802
298.44	6.4770	16.043	0.062332	11.745	12.148	55.122	47.374	295.60	270.05	2.3197	56.706	0.080691	0.00053547	5.5975	0.17865	16.157	17.314	72.430	52.400	379.65	188.60	9.5341	19.865	0.048354
298.58	6.4988	15.991	0.062536	11.770	12.177	55.212	47.517	301.60	267.89	2.3529	56.394	0.080649	0.00051831	5.6402	0.17730	16.138	17.290	72.338	52.603	389.62	188.33	9.4887	19.943	0.048924
298.73	6.5206	15.938	0.062745	11.796	12.206	55.304	47.666	307.94	265.71	2.3869	56.080	0.080617	0.00050126	5.6837	0.17594	16.119	17.266	72.245	52.812	400.15	188.05	9.4427	20.023	0.049514
298.88	6.5424	15.884	0.062958	11.823	12.235	55.396	47.822	314.64	263.50	2.4219	55.762	0.080594	0.00048433	5.7281	0.17458	16.100	17.242	72.151	53.026	411.28	187.77	9.3959	20.104	0.050125
299.02	6.5644	15.829	0.063176	11.849	12.264	55.490	47.984	321.74	261.28	2.4577	55.441	0.080582	0.00046752	5.7733	0.17321	16.080	17.217	72.055	53.246	423.08	187.48	9.3485	20.188	0.050758
299.17	6.5864	15.773	0.063400	11.876	12.294	55.585	48.154	329.27	259.02	2.4946	55.117	0.080581	0.00045083	5.8195	0.17184	16.060	17.192	71.957	53.473	435.59	187.18	9.3003	20.274	0.051415
299.31	6.6084	15.716	0.063629	11.903	12.324	55.681	48.331	337.28	256.75	2.5324	54.789	0.080592	0.00043426	5.8666	0.17046	16.039	17.166	71.858	53.706	448.89	186.87	9.2513	20.362	0.052098
299.46	6.6305	15.658	0.063864	11.931	12.354	55.778	48.517	345.80	254.44	2.5714	54.457	0.080617	0.00041783	5.9147	0.16907	16.018	17.139	71.757	53.946	463.06	186.56	9.2015	20.453	0.052808
299.61	6.6527	15.599	0.064106	11.959	12.385	55.877	48.712	354.89	252.11	2.6114	54.122	0.080656	0.00040152	5.9639	0.16767	15.997	17.112	71.653	54.194	478.18	186.24	9.1508	20.546	0.053548
299.75	6.6750	15.539	0.064354	11.987	12.417	55.977	48.916	364.60	249.75	2.6527	53.782	0.080710	0.00038534	6.0143	0.16627	15.974	17.084	71.548	54.451	494.34	185.91	9.0993	20.642	0.054319
299.90	6.6973	15.478	0.064609	12.016	12.449	56.078	49.130	375.01	247.37	2.6951	53.438	0.080781	0.00036930	6.0658	0.16486	15.952	17.056	71.441	54.716	511.67	185.57	9.0468	20.740	0.055124
300.04	6.7197	15.415	0.064871	12.045	12.481	56.182	49.356	386.18	244.95	2.7389	53.089	0.080870	0.00035341	6.1186	0.16344	15.928	17.027	71.331	54.990	530.29	185.22	8.9933	20.842	0.055967
300.19	6.7422	15.351	0.065141	12.075	12.514	56.286	49.594	398.22	242.50	2.7841	52.735	0.080978	0.00033765	6.1727	0.16200	15.904	16.997	71.219	55.275	550.36	184.86	8.9388	20.947	0.056849
300.33	6.7647	15.286	0.065420	12.105	12.547	56.393	49.844	411.20	240.01	2.8307	52.376	0.081108	0.00032204	6.2282	0.16056	15.880	16.966	71.105	55.571	572.04	184.49	8.8832	21.055	0.057776
300.48	6.7873	15.219	0.065708	12.135	12.581	56.501	50.109	425.27	237.49	2.8788	52.011	0.081261	0.00030659	6.2852	0.15910	15.854	16.934	70.987	55.878	595.54	184.10	8.8263	21.167	0.058751
300.63	6.8100	15.150	0.066005	12.167	12.616	56.611	50.389	440.56	234.93	2.9286	51.640	0.081439	0.00029129	6.3438	0.15763	15.828	16.902	70.867	56.199	621.10	183.71	8.7683	21.283	0.059778
300.77	6.8327	15.080	0.066312	12.198	12.651	56.724	50.686	457.23	232.33	2.9802	51.263	0.081646	0.00027615	6.4042	0.15615	15.801	16.868	70.744	56.534	649.00	183.29	8.7089	21.403	0.060864
300.92	6.8555	15.008	0.066631	12.231	12.687	56.839	51.002	475.48	229.68	3.0336	50.879	0.081884	0.00026118	6.4664	0.15465	15.774	16.834	70.617	56.885	679.57	182.86	8.6480	21.527	0.062015
301.06	6.8784	14.934	0.066962	12.264	12.724	56.956	51.339	495.55	226.98	3.0891	50.487	0.082156	0.00024638	6.5305	0.15313	15.745	16.798	70.487	57.253	713.22	182.41	8.5856	21.657	0.063237
301.21	6.9013	14.858	0.067305	12.297	12.762	57.076	51.698	517.73	224.23	3.1467	50.088	0.082468	0.00023175	6.5968	0.15159	15.715	16.761	70.353	57.640	750.44	181.94	8.5216	21.792	0.064541
301.36	6.9243	14.779	0.067663	12.332	12.800	57.199	52.084	542.39	221.41	3.2068	49.680	0.082824	0.00021732	6.6654	0.15003	15.684	16.723	70.215	58.048	791.82	181.44	8.4557	21.933	0.065935
301.50	6.9474	14.698	0.068036	12.367	12.840	57.325	52.499	569.95	218.53	3.2694	49.262	0.083229	0.00020307	6.7366	0.14844	15.652	16.683	70.072	58.481	838.09	180.92	8.3879	22.080	0.067431
301.65	6.9706	14.614	0.068427	12.404	12.881	57.454	52.948	600.97	215.58	3.3348	48.835	0.083692	0.00018903	6.8105	0.14683	15.619	16.642	69.925	58.941	890.16	180.37	8.3180	22.234	0.069046
301.79	6.9938	14.527	0.068836	12.441	12.922	57.587	53.435	636.15	212.54	3.4033	48.396	0.084220	0.00017519	6.8874	0.14519	15.584	16.600	69.772	59.432	949.20	179.79	8.2457	22.396	0.070796
301.94	7.0172	14.437	0.069266	12.479	12.965	57.725	53.966	676.41	209.41	3.4753	47.944	0.084827	0.00016157	6.9677	0.14352	15.548	16.555	69.612	59.958	1016.7	179.17	8.1708	22.566	0.072703
302.09	7.0405	14.343	0.069720	12.519	13.010	57.867	54.550	722.91	206.17	3.5510	47.478	0.085524	0.00014818	7.0517	0.14181	15.510	16.508	69.446	60.526	1094.5	178.51	8.0931	22.747	0.074795
302.23	7.0640	14.245	0.070200	12.560	13.056	58.014	55.195	777.24	202.81	3.6311	46.997	0.086331	0.00013503	7.1399	0.14006	15.470	16.459	69.273	61.141	1185.3	177.80	8.0121	22.938	0.077106
302.38	7.0876	14.142	0.070711	12.603	13.104	58.167	55.915	841.54	199.30	3.7159	46.498	0.087271	0.00012213	7.2329	0.13826	15.427	16.407	69.091	61.814	1292.4	177.03	7.9275	23.142	0.079680
302.52	7.1112	14.034	0.071256	12.648	13.154	58.327	56.723	918.80	195.64	3.8062	45.978	0.088377	0.00010951	7.3313	0.13640	15.382	16.352	68.899	62.556	1420.6	176.19	7.8388	23.360	0.082577
302.67	7.1349	13.919	0.071843	12.694	13.207	58.495	57.642	1013.3	191.78	3.9028	45.435	0.089690	9.7171e-05	7.4360	0.13448	15.335	16.294	68.696	63.382	1576.7	175.26	7.7455	23.595	0.085873
302.82	7.1587	13.797	0.072477	12.743	13.262	58.673	58.700	1131.3	187.70	4.0065	44.865	0.091272	8.5145e-05	7.5480	0.13249	15.284	16.232	68.480	64.312	1770.5	174.22	7.6466	23.849	0.089677
302.96	7.1826	13.667	0.073170	12.795	13.321	58.861	59.935	1282.7	183.35	4.1187	44.261	0.093213	7.3453e-05	7.6688	0.13040	15.228	16.165	68.248	65.376	2017.2	173.05	7.5414	24.128	0.094141
303.11	7.2066	13.525	0.073935	12.851	13.384	59.063	61.401	1483.2	178.68	4.2408	43.618	0.095648	6.2128e-05	7.8003	0.12820	15.168	16.092	67.998	66.613	2341.0	171.70	7.4286	24.435	0.099494
303.25	7.2307	13.371	0.074789	12.911	13.452	59.281	63.182	1759.9	173.62	4.3746	42.926	0.098793	5.1208e-05	7.9451	0.12586	15.102	16.012	67.723	68.086	2783.1	170.11	7.3065	24.780	0.10609
303.40	7.2548	13.199	0.075761	12.977	13.527	59.522	65.402	2163.8	168.06	4.5228	42.170	0.10302	4.0742e-05	8.1071	0.12335	15.028	15.923	67.419	69.893	3419.3	168.19	7.1730	25.172	0.11451
303.54	7.2791	13.005	0.076895	13.051	13.610	59.792	68.273	2800.9	161.87	4.6887	41.330	0.10904	3.0798e-05	8.2924	0.12059	14.943	15.821	67.073	72.203	4404.8	165.76	7.0247	25.631	0.12583
303.69	7.3034	12.777	0.078263	13.136	13.707	60.104	72.185	3930.9	154.83	4.8768	40.369	0.11837	2.1471e-05	8.5116	0.11749	14.843	15.701	66.669	75.349	6112.2	162.51	6.8564	26.186	0.14227
303.84	7.3279	12.497	0.080018	13.239	13.825	60.485	77.999	6380.4	146.51	5.0943	39.217	0.13510	1.2913e-05	8.7858	0.11382	14.718	15.552	66.171	80.107	9696.6	157.75	6.6589	26.902	0.16951
303.98	7.3525	12.111	0.082571	13.379	13.986	61.008	88.387	14611.	135.77	5.3545	37.683	0.17602	5.4142e-06	9.1727	0.10902	14.544	15.346	65.481	89.174	21173.	149.24	6.4105	27.952	0.22970
304.13	7.3773	10.625	0.094118	13.928	14.622	63.094	undefined	undefined	undefined	5.8665	32.352	undefined	1.7451e-20	10.625	0.094118	13.928	14.622	63.094	undefined	undefined	undefined	5.8665	32.352	undefined
