Temperature (K)	Pressure (MPa)	Density (l, mol/l)	Volume (l, l/mol)	Internal Energy (l, kJ/mol)	Enthalpy (l, kJ/mol)	Entropy (l, J/mol*K)	Cv (l, J/mol*K)	Cp (l, J/mol*K)	Sound Spd. (l, m/s)	Joule-Thomson (l, K/MPa)	Viscosity (l, uPa*s)	Therm. Cond. (l, W/m*K)	Surf. Tension (l, N/m)	Density (v, mol/l)	Volume (v, l/mol)	Internal Energy (v, kJ/mol)	Enthalpy (v, kJ/mol)	Entropy (v, J/mol*K)	Cv (v, J/mol*K)	Cp (v, J/mol*K)	Sound Spd. (v, m/s)	Joule-Thomson (v, K/MPa)	Viscosity (v, uPa*s)	Therm. Cond. (v, W/m*K)
90.368	1.1421e-06	21.668	0.046151	-6.5907	-6.5907	-49.754	48.264	69.935	2008.7	-0.55899	1291.7	0.25544	0.031663	1.5201e-06	6.5787e+05	10.542	11.293	148.15	26.809	35.124	180.93	249.88	2.8542	0.0027280
90.726	1.2546e-06	21.655	0.046179	-6.5657	-6.5657	-49.477	48.168	69.857	2006.1	-0.55953	1272.5	0.25516	0.031603	1.6632e-06	6.0125e+05	10.552	11.306	147.51	26.830	35.145	181.28	247.17	2.8655	0.0027486
91.085	1.3771e-06	21.642	0.046207	-6.5407	-6.5407	-49.202	48.075	69.783	2003.4	-0.56005	1253.6	0.25489	0.031543	1.8184e-06	5.4993e+05	10.561	11.319	146.87	26.851	35.166	181.62	244.54	2.8767	0.0027692
91.443	1.5104e-06	21.628	0.046236	-6.5157	-6.5157	-48.928	47.985	69.711	2000.8	-0.56054	1235.2	0.25461	0.031483	1.9865e-06	5.0339e+05	10.571	11.331	146.24	26.872	35.187	181.96	241.97	2.8880	0.0027899
91.801	1.6552e-06	21.615	0.046264	-6.4907	-6.4907	-48.656	47.896	69.642	1998.2	-0.56101	1217.1	0.25433	0.031423	2.1686e-06	4.6114e+05	10.581	11.344	145.62	26.894	35.208	182.30	239.48	2.8993	0.0028105
92.159	1.8125e-06	21.602	0.046292	-6.4658	-6.4658	-48.385	47.809	69.575	1995.6	-0.56146	1199.4	0.25404	0.031363	2.3654e-06	4.2275e+05	10.590	11.356	145.00	26.915	35.229	182.63	237.05	2.9105	0.0028312
92.518	1.9833e-06	21.589	0.046320	-6.4409	-6.4409	-48.115	47.725	69.511	1992.9	-0.56189	1182.1	0.25376	0.031303	2.5783e-06	3.8786e+05	10.600	11.369	144.39	26.936	35.251	182.97	234.69	2.9218	0.0028520
92.876	2.1685e-06	21.576	0.046348	-6.4160	-6.4160	-47.847	47.642	69.449	1990.3	-0.56229	1165.1	0.25348	0.031243	2.8082e-06	3.5610e+05	10.610	11.382	143.78	26.957	35.272	183.31	232.40	2.9331	0.0028727
93.234	2.3692e-06	21.563	0.046376	-6.3911	-6.3911	-47.579	47.561	69.390	1987.7	-0.56268	1148.5	0.25320	0.031183	3.0563e-06	3.2719e+05	10.619	11.394	143.18	26.978	35.293	183.65	230.17	2.9443	0.0028935
93.592	2.5866e-06	21.550	0.046404	-6.3663	-6.3663	-47.313	47.482	69.333	1985.1	-0.56304	1132.2	0.25291	0.031123	3.3240e-06	3.0084e+05	10.629	11.407	142.59	27.000	35.314	183.98	228.01	2.9556	0.0029143
93.951	2.8219e-06	21.537	0.046432	-6.3414	-6.3414	-47.049	47.404	69.279	1982.4	-0.56338	1116.2	0.25263	0.031063	3.6126e-06	2.7681e+05	10.639	11.420	142.00	27.021	35.336	184.32	225.92	2.9668	0.0029351
94.309	3.0764e-06	21.524	0.046461	-6.3166	-6.3166	-46.785	47.329	69.226	1979.8	-0.56370	1100.6	0.25234	0.031003	3.9234e-06	2.5488e+05	10.648	11.432	141.42	27.042	35.357	184.65	223.88	2.9781	0.0029560
94.667	3.3515e-06	21.510	0.046489	-6.2918	-6.2918	-46.523	47.255	69.176	1977.2	-0.56401	1085.3	0.25205	0.030943	4.2580e-06	2.3485e+05	10.658	11.445	140.84	27.064	35.378	184.98	221.91	2.9894	0.0029768
95.025	3.6486e-06	21.497	0.046517	-6.2671	-6.2671	-46.261	47.183	69.127	1974.6	-0.56429	1070.3	0.25176	0.030883	4.6180e-06	2.1655e+05	10.668	11.458	140.26	27.085	35.400	185.31	219.99	3.0006	0.0029977
95.384	3.9692e-06	21.484	0.046546	-6.2423	-6.2423	-46.001	47.112	69.081	1972.0	-0.56456	1055.6	0.25148	0.030823	5.0049e-06	1.9980e+05	10.677	11.470	139.70	27.106	35.421	185.65	218.14	3.0119	0.0030187
95.742	4.3151e-06	21.471	0.046574	-6.2176	-6.2176	-45.742	47.043	69.037	1969.4	-0.56481	1041.2	0.25119	0.030763	5.4207e-06	1.8448e+05	10.687	11.483	139.14	27.128	35.443	185.98	216.34	3.0231	0.0030396
96.100	4.6879e-06	21.458	0.046602	-6.1928	-6.1928	-45.485	46.975	68.994	1966.8	-0.56504	1027.0	0.25090	0.030703	5.8671e-06	1.7044e+05	10.697	11.496	138.58	27.149	35.464	186.31	214.61	3.0344	0.0030606
96.458	5.0895e-06	21.445	0.046631	-6.1681	-6.1681	-45.228	46.909	68.953	1964.1	-0.56526	1013.2	0.25060	0.030643	6.3460e-06	1.5758e+05	10.706	11.508	138.03	27.171	35.486	186.64	212.92	3.0457	0.0030816
96.817	5.5218e-06	21.432	0.046659	-6.1434	-6.1434	-44.972	46.844	68.914	1961.5	-0.56546	999.61	0.25031	0.030583	6.8597e-06	1.4578e+05	10.716	11.521	137.48	27.192	35.507	186.97	211.29	3.0569	0.0031027
97.175	5.9869e-06	21.419	0.046688	-6.1187	-6.1187	-44.718	46.781	68.877	1958.9	-0.56564	986.30	0.25002	0.030523	7.4101e-06	1.3495e+05	10.726	11.534	136.94	27.214	35.529	187.29	209.72	3.0682	0.0031237
97.533	6.4870e-06	21.406	0.046716	-6.0941	-6.0941	-44.465	46.718	68.842	1956.3	-0.56581	973.25	0.24972	0.030463	7.9996e-06	1.2501e+05	10.736	11.547	136.40	27.235	35.550	187.62	208.20	3.0794	0.0031448
97.891	7.0244e-06	21.393	0.046745	-6.0694	-6.0694	-44.212	46.658	68.808	1953.7	-0.56596	960.46	0.24943	0.030403	8.6306e-06	1.1587e+05	10.745	11.559	135.87	27.257	35.572	187.95	206.72	3.0907	0.0031659
98.250	7.6015e-06	21.380	0.046773	-6.0448	-6.0448	-43.961	46.598	68.776	1951.1	-0.56609	947.91	0.24913	0.030343	9.3055e-06	1.0746e+05	10.755	11.572	135.35	27.278	35.593	188.28	205.30	3.1019	0.0031871
98.608	8.2208e-06	21.367	0.046802	-6.0201	-6.0201	-43.711	46.540	68.745	1948.5	-0.56622	935.61	0.24884	0.030283	1.0027e-05	99729.	10.765	11.585	134.82	27.300	35.615	188.60	203.93	3.1132	0.0032083
98.966	8.8851e-06	21.354	0.046831	-5.9955	-5.9955	-43.461	46.483	68.715	1945.9	-0.56632	923.54	0.24854	0.030223	1.0798e-05	92608.	10.775	11.598	134.31	27.321	35.637	188.93	202.60	3.1244	0.0032295
99.324	9.5972e-06	21.341	0.046859	-5.9709	-5.9709	-43.213	46.427	68.688	1943.3	-0.56642	911.70	0.24824	0.030163	1.1622e-05	86047.	10.785	11.610	133.80	27.343	35.658	189.25	201.32	3.1357	0.0032507
99.683	1.0360e-05	21.327	0.046888	-5.9463	-5.9463	-42.966	46.372	68.661	1940.7	-0.56650	900.09	0.24794	0.030104	1.2500e-05	79998.	10.794	11.623	133.29	27.365	35.680	189.57	200.08	3.1470	0.0032719
100.04	1.1177e-05	21.314	0.046917	-5.9217	-5.9217	-42.720	46.318	68.636	1938.1	-0.56657	888.70	0.24764	0.030044	1.3438e-05	74418.	10.804	11.636	132.78	27.386	35.702	189.90	198.89	3.1582	0.0032932
100.40	1.2051e-05	21.301	0.046945	-5.8971	-5.8971	-42.474	46.266	68.612	1935.5	-0.56662	877.52	0.24734	0.029984	1.4437e-05	69267.	10.814	11.649	132.29	27.408	35.724	190.22	197.74	3.1695	0.0033145
100.76	1.2986e-05	21.288	0.046974	-5.8725	-5.8725	-42.230	46.214	68.590	1933.0	-0.56667	866.55	0.24704	0.029924	1.5501e-05	64510.	10.824	11.661	131.79	27.429	35.745	190.54	196.63	3.1807	0.0033359
101.12	1.3985e-05	21.275	0.047003	-5.8480	-5.8480	-41.987	46.163	68.568	1930.4	-0.56670	855.79	0.24674	0.029864	1.6635e-05	60114.	10.834	11.674	131.30	27.451	35.767	190.86	195.55	3.1920	0.0033572
101.47	1.5053e-05	21.262	0.047032	-5.8234	-5.8234	-41.744	46.114	68.548	1927.8	-0.56671	845.23	0.24643	0.029804	1.7842e-05	56048.	10.843	11.687	130.82	27.473	35.789	191.18	194.52	3.2032	0.0033786
101.83	1.6193e-05	21.249	0.047061	-5.7989	-5.7989	-41.503	46.065	68.529	1925.2	-0.56672	834.87	0.24613	0.029744	1.9125e-05	52287.	10.853	11.700	130.34	27.495	35.811	191.50	193.52	3.2145	0.0034000
102.19	1.7409e-05	21.236	0.047090	-5.7743	-5.7743	-41.262	46.018	68.512	1922.6	-0.56672	824.70	0.24582	0.029684	2.0490e-05	48804.	10.863	11.713	129.86	27.516	35.833	191.82	192.55	3.2257	0.0034215
102.55	1.8706e-05	21.223	0.047119	-5.7498	-5.7498	-41.022	45.971	68.495	1920.0	-0.56670	814.72	0.24552	0.029624	2.1940e-05	45578.	10.873	11.726	129.39	27.538	35.855	192.14	191.62	3.2369	0.0034430
102.91	2.0089e-05	21.210	0.047148	-5.7252	-5.7252	-40.783	45.925	68.479	1917.4	-0.56668	804.91	0.24521	0.029565	2.3480e-05	42589.	10.883	11.738	128.92	27.560	35.876	192.45	190.72	3.2482	0.0034645
103.27	2.1563e-05	21.197	0.047177	-5.7007	-5.7007	-40.545	45.880	68.465	1914.8	-0.56664	795.29	0.24490	0.029505	2.5116e-05	39816.	10.893	11.751	128.46	27.582	35.898	192.77	189.85	3.2594	0.0034860
103.62	2.3133e-05	21.184	0.047206	-5.6762	-5.6762	-40.308	45.836	68.451	1912.3	-0.56659	785.85	0.24460	0.029445	2.6850e-05	37243.	10.903	11.764	128.00	27.604	35.920	193.09	189.01	3.2707	0.0035075
103.98	2.4803e-05	21.171	0.047235	-5.6517	-5.6517	-40.072	45.793	68.439	1909.7	-0.56654	776.57	0.24429	0.029385	2.8690e-05	34855.	10.912	11.777	127.54	27.626	35.942	193.40	188.20	3.2819	0.0035291
104.34	2.6580e-05	21.158	0.047264	-5.6271	-5.6271	-39.837	45.750	68.427	1907.1	-0.56647	767.46	0.24398	0.029325	3.0640e-05	32637.	10.922	11.790	127.09	27.647	35.964	193.72	187.41	3.2932	0.0035507
104.70	2.8470e-05	21.145	0.047293	-5.6026	-5.6026	-39.602	45.709	68.417	1904.5	-0.56639	758.52	0.24367	0.029265	3.2706e-05	30575.	10.932	11.803	126.64	27.669	35.987	194.03	186.64	3.3044	0.0035724
105.06	3.0478e-05	21.131	0.047323	-5.5781	-5.5781	-39.368	45.668	68.407	1901.9	-0.56631	749.74	0.24336	0.029206	3.4894e-05	28658.	10.942	11.816	126.20	27.691	36.009	194.35	185.90	3.3156	0.0035940
105.41	3.2611e-05	21.118	0.047352	-5.5536	-5.5536	-39.136	45.628	68.398	1899.4	-0.56621	741.11	0.24304	0.029146	3.7210e-05	26875.	10.952	11.829	125.76	27.713	36.031	194.66	185.18	3.3269	0.0036157
105.77	3.4877e-05	21.105	0.047381	-5.5291	-5.5291	-38.904	45.588	68.390	1896.8	-0.56611	732.64	0.24273	0.029086	3.9660e-05	25214.	10.962	11.841	125.32	27.735	36.053	194.97	184.48	3.3381	0.0036374
106.13	3.7280e-05	21.092	0.047411	-5.5046	-5.5046	-38.672	45.549	68.383	1894.2	-0.56600	724.31	0.24242	0.029026	4.2251e-05	23668.	10.972	11.854	124.89	27.757	36.075	195.28	183.80	3.3494	0.0036592
106.49	3.9831e-05	21.079	0.047440	-5.4801	-5.4801	-38.442	45.511	68.376	1891.6	-0.56588	716.13	0.24210	0.028966	4.4989e-05	22228.	10.982	11.867	124.46	27.779	36.097	195.59	183.13	3.3606	0.0036810
106.85	4.2534e-05	21.066	0.047470	-5.4556	-5.4556	-38.212	45.474	68.371	1889.0	-0.56575	708.10	0.24179	0.028907	4.7882e-05	20885.	10.992	11.880	124.03	27.801	36.120	195.91	182.48	3.3718	0.0037028
107.21	4.5400e-05	21.053	0.047499	-5.4311	-5.4311	-37.983	45.437	68.366	1886.5	-0.56561	700.21	0.24147	0.028847	5.0937e-05	19632.	11.002	11.893	123.61	27.823	36.142	196.22	181.84	3.3831	0.0037246
107.56	4.8435e-05	21.040	0.047529	-5.4066	-5.4066	-37.755	45.401	68.362	1883.9	-0.56547	692.45	0.24116	0.028787	5.4162e-05	18463.	11.012	11.906	123.20	27.846	36.165	196.52	181.22	3.3943	0.0037465
107.92	5.1649e-05	21.027	0.047558	-5.3821	-5.3821	-37.528	45.366	68.358	1881.3	-0.56532	684.83	0.24084	0.028727	5.7564e-05	17372.	11.022	11.919	122.78	27.868	36.187	196.83	180.60	3.4056	0.0037683
108.28	5.5050e-05	21.014	0.047588	-5.3577	-5.3577	-37.301	45.331	68.355	1878.7	-0.56516	677.34	0.24052	0.028667	6.1152e-05	16353.	11.032	11.932	122.37	27.890	36.210	197.14	180.00	3.4168	0.0037903
108.64	5.8648e-05	21.001	0.047617	-5.3332	-5.3332	-37.076	45.297	68.353	1876.2	-0.56499	669.98	0.24020	0.028608	6.4935e-05	15400.	11.042	11.945	121.96	27.912	36.232	197.45	179.40	3.4280	0.0038122
109.00	6.2453e-05	20.988	0.047647	-5.3087	-5.3087	-36.851	45.263	68.352	1873.6	-0.56482	662.74	0.23988	0.028548	6.8920e-05	14509.	11.052	11.958	121.56	27.935	36.255	197.76	178.81	3.4393	0.0038342
109.36	6.6474e-05	20.975	0.047677	-5.2842	-5.2842	-36.626	45.230	68.351	1871.0	-0.56464	655.63	0.23956	0.028488	7.3118e-05	13676.	11.062	11.971	121.16	27.957	36.277	198.06	178.23	3.4505	0.0038562
109.71	7.0723e-05	20.961	0.047707	-5.2597	-5.2597	-36.403	45.198	68.351	1868.4	-0.56445	648.64	0.23924	0.028428	7.7538e-05	12897.	11.072	11.984	120.76	27.979	36.300	198.37	177.65	3.4617	0.0038782
110.07	7.5210e-05	20.948	0.047736	-5.2352	-5.2352	-36.180	45.166	68.351	1865.9	-0.56425	641.76	0.23892	0.028369	8.2189e-05	12167.	11.082	11.997	120.37	28.002	36.323	198.67	177.08	3.4729	0.0039002
110.43	7.9946e-05	20.935	0.047766	-5.2107	-5.2107	-35.958	45.135	68.352	1863.3	-0.56405	635.01	0.23860	0.028309	8.7082e-05	11483.	11.092	12.010	119.98	28.024	36.346	198.98	176.50	3.4842	0.0039223
110.79	8.4944e-05	20.922	0.047796	-5.1862	-5.1862	-35.736	45.104	68.354	1860.7	-0.56385	628.36	0.23828	0.028249	9.2228e-05	10843.	11.102	12.023	119.59	28.047	36.369	199.28	175.93	3.4954	0.0039444
111.15	9.0215e-05	20.909	0.047826	-5.1618	-5.1618	-35.516	45.073	68.356	1858.1	-0.56363	621.83	0.23796	0.028190	9.7636e-05	10242.	11.112	12.036	119.21	28.069	36.392	199.58	175.35	3.5066	0.0039666
111.51	9.5773e-05	20.896	0.047856	-5.1373	-5.1373	-35.296	45.043	68.358	1855.5	-0.56341	615.40	0.23763	0.028130	0.00010332	9678.8	11.122	12.049	118.83	28.092	36.415	199.89	174.78	3.5179	0.0039887
111.86	0.00010163	20.883	0.047886	-5.1128	-5.1128	-35.077	45.014	68.361	1853.0	-0.56319	609.08	0.23731	0.028070	0.00010929	9150.3	11.132	12.062	118.45	28.115	36.438	200.19	174.20	3.5291	0.0040109
112.22	0.00010780	20.870	0.047916	-5.0883	-5.0883	-34.858	44.985	68.365	1850.4	-0.56296	602.87	0.23698	0.028011	0.00011555	8654.1	11.142	12.075	118.08	28.138	36.461	200.49	173.62	3.5403	0.0040332
112.58	0.00011430	20.857	0.047946	-5.0638	-5.0638	-34.640	44.957	68.369	1847.8	-0.56272	596.75	0.23666	0.027951	0.00012213	8188.2	11.152	12.088	117.71	28.160	36.485	200.79	173.03	3.5515	0.0040554
112.94	0.00012114	20.843	0.047977	-5.0393	-5.0393	-34.423	44.928	68.374	1845.2	-0.56247	590.74	0.23633	0.027891	0.00012903	7750.4	11.162	12.101	117.34	28.183	36.508	201.09	172.44	3.5628	0.0040777
113.30	0.00012833	20.830	0.048007	-5.0148	-5.0148	-34.206	44.901	68.379	1842.7	-0.56223	584.83	0.23601	0.027832	0.00013626	7338.9	11.172	12.114	116.98	28.206	36.532	201.39	171.84	3.5740	0.0041000
113.65	0.00013590	20.817	0.048037	-4.9903	-4.9903	-33.990	44.874	68.384	1840.1	-0.56197	579.01	0.23568	0.027772	0.00014384	6952.0	11.182	12.127	116.62	28.229	36.555	201.69	171.23	3.5852	0.0041223
114.01	0.00014386	20.804	0.048067	-4.9658	-4.9658	-33.775	44.847	68.390	1837.5	-0.56171	573.28	0.23535	0.027712	0.00015179	6588.0	11.192	12.140	116.26	28.252	36.579	201.99	170.61	3.5964	0.0041447
114.37	0.00015223	20.791	0.048098	-4.9413	-4.9413	-33.561	44.821	68.397	1834.9	-0.56145	567.64	0.23502	0.027653	0.00016011	6245.5	11.202	12.153	115.90	28.276	36.603	202.29	169.99	3.6076	0.0041671
114.73	0.00016101	20.778	0.048128	-4.9168	-4.9168	-33.347	44.795	68.403	1832.4	-0.56118	562.10	0.23469	0.027593	0.00016883	5923.1	11.212	12.166	115.55	28.299	36.627	202.58	169.35	3.6189	0.0041895
115.09	0.00017024	20.765	0.048159	-4.8923	-4.8923	-33.133	44.769	68.411	1829.8	-0.56090	556.64	0.23436	0.027533	0.00017796	5619.4	11.222	12.179	115.20	28.322	36.651	202.88	168.71	3.6301	0.0042120
115.45	0.00017993	20.752	0.048189	-4.8678	-4.8678	-32.921	44.744	68.418	1827.2	-0.56063	551.27	0.23403	0.027474	0.00018750	5333.2	11.233	12.192	114.85	28.346	36.675	203.18	168.05	3.6413	0.0042344
115.80	0.00019010	20.738	0.048220	-4.8433	-4.8433	-32.709	44.719	68.426	1824.6	-0.56034	545.99	0.23370	0.027414	0.00019749	5063.5	11.243	12.205	114.51	28.369	36.699	203.47	167.38	3.6525	0.0042570
116.16	0.00020077	20.725	0.048250	-4.8188	-4.8187	-32.497	44.695	68.434	1822.0	-0.56005	540.79	0.23337	0.027355	0.00020793	4809.2	11.253	12.218	114.17	28.393	36.724	203.77	166.70	3.6637	0.0042795
116.52	0.00021196	20.712	0.048281	-4.7942	-4.7942	-32.287	44.670	68.443	1819.5	-0.55976	535.67	0.23304	0.027295	0.00021885	4569.3	11.263	12.231	113.83	28.416	36.748	204.06	166.00	3.6749	0.0043021
116.88	0.00022369	20.699	0.048311	-4.7697	-4.7697	-32.076	44.647	68.452	1816.9	-0.55946	530.63	0.23271	0.027235	0.00023026	4343.0	11.273	12.245	113.49	28.440	36.773	204.35	165.29	3.6861	0.0043247
117.24	0.00023599	20.686	0.048342	-4.7452	-4.7452	-31.867	44.623	68.461	1814.3	-0.55916	525.66	0.23238	0.027176	0.00024217	4129.3	11.283	12.258	113.16	28.464	36.797	204.65	164.57	3.6974	0.0043473
117.60	0.00024887	20.673	0.048373	-4.7207	-4.7206	-31.658	44.600	68.471	1811.7	-0.55885	520.78	0.23204	0.027116	0.00025462	3927.5	11.293	12.271	112.83	28.488	36.822	204.94	163.83	3.7086	0.0043699
117.95	0.00026236	20.660	0.048404	-4.6961	-4.6961	-31.450	44.577	68.481	1809.1	-0.55854	515.97	0.23171	0.027057	0.00026760	3736.9	11.303	12.284	112.50	28.512	36.847	205.23	163.08	3.7198	0.0043926
118.31	0.00027648	20.646	0.048435	-4.6716	-4.6716	-31.242	44.555	68.491	1806.6	-0.55822	511.23	0.23138	0.026997	0.00028116	3556.7	11.314	12.297	112.18	28.536	36.872	205.52	162.31	3.7310	0.0044153
118.67	0.00029126	20.633	0.048466	-4.6471	-4.6470	-31.035	44.533	68.502	1804.0	-0.55790	506.56	0.23104	0.026938	0.00029530	3386.4	11.324	12.310	111.86	28.560	36.898	205.81	161.53	3.7422	0.0044381
119.03	0.00030672	20.620	0.048497	-4.6225	-4.6225	-30.828	44.511	68.513	1801.4	-0.55758	501.97	0.23071	0.026878	0.00031005	3225.3	11.334	12.323	111.54	28.585	36.923	206.10	160.73	3.7534	0.0044609
119.39	0.00032289	20.607	0.048528	-4.5980	-4.5979	-30.623	44.489	68.524	1798.8	-0.55725	497.44	0.23037	0.026819	0.00032542	3072.9	11.344	12.336	111.22	28.609	36.948	206.39	159.92	3.7646	0.0044837
119.75	0.00033980	20.594	0.048559	-4.5734	-4.5734	-30.417	44.468	68.535	1796.2	-0.55692	492.98	0.23003	0.026759	0.00034144	2928.7	11.354	12.350	110.91	28.634	36.974	206.68	159.09	3.7758	0.0045065
120.10	0.00035748	20.580	0.048590	-4.5489	-4.5488	-30.212	44.447	68.547	1793.7	-0.55658	488.59	0.22970	0.026700	0.00035814	2792.2	11.365	12.363	110.60	28.658	37.000	206.97	158.25	3.7870	0.0045294
120.46	0.00037595	20.567	0.048621	-4.5243	-4.5243	-30.008	44.427	68.559	1791.1	-0.55624	484.27	0.22936	0.026640	0.00037553	2662.9	11.375	12.376	110.29	28.683	37.026	207.26	157.38	3.7982	0.0045522
120.82	0.00039524	20.554	0.048652	-4.4997	-4.4997	-29.805	44.406	68.571	1788.5	-0.55590	480.01	0.22902	0.026581	0.00039364	2540.4	11.385	12.389	109.98	28.708	37.052	207.54	156.51	3.8094	0.0045752
121.18	0.00041538	20.541	0.048683	-4.4752	-4.4751	-29.602	44.386	68.584	1785.9	-0.55555	475.81	0.22869	0.026521	0.00041249	2424.3	11.395	12.402	109.68	28.733	37.078	207.83	155.61	3.8206	0.0045981
121.54	0.00043641	20.528	0.048715	-4.4506	-4.4506	-29.399	44.366	68.597	1783.3	-0.55519	471.67	0.22835	0.026462	0.00043210	2314.3	11.405	12.415	109.37	28.758	37.105	208.12	154.71	3.8318	0.0046211
121.89	0.00045836	20.515	0.048746	-4.4260	-4.4260	-29.197	44.346	68.610	1780.7	-0.55484	467.59	0.22801	0.026402	0.00045251	2209.9	11.416	12.428	109.07	28.783	37.131	208.40	153.78	3.8430	0.0046441
122.25	0.00048126	20.501	0.048777	-4.4014	-4.4014	-28.996	44.327	68.623	1778.1	-0.55448	463.58	0.22767	0.026343	0.00047373	2110.9	11.426	12.442	108.78	28.808	37.158	208.69	152.84	3.8542	0.0046672
122.61	0.00050514	20.488	0.048809	-4.3768	-4.3768	-28.795	44.308	68.637	1775.5	-0.55412	459.62	0.22733	0.026283	0.00049579	2017.0	11.436	12.455	108.48	28.834	37.185	208.97	151.89	3.8654	0.0046902
122.97	0.00053004	20.475	0.048840	-4.3523	-4.3522	-28.595	44.289	68.650	1773.0	-0.55375	455.72	0.22699	0.026224	0.00051873	1927.8	11.446	12.468	108.19	28.859	37.212	209.25	150.92	3.8766	0.0047134
123.33	0.00055599	20.462	0.048872	-4.3277	-4.3276	-28.395	44.270	68.664	1770.4	-0.55338	451.87	0.22665	0.026165	0.00054256	1843.1	11.456	12.481	107.90	28.885	37.239	209.54	149.93	3.8878	0.0047365
123.69	0.00058303	20.448	0.048904	-4.3031	-4.3030	-28.196	44.252	68.678	1767.8	-0.55300	448.08	0.22631	0.026105	0.00056732	1762.7	11.467	12.494	107.61	28.911	37.266	209.82	148.93	3.8990	0.0047597
124.04	0.00061121	20.435	0.048935	-4.2784	-4.2784	-27.997	44.234	68.693	1765.2	-0.55263	444.34	0.22597	0.026046	0.00059303	1686.3	11.477	12.508	107.33	28.936	37.293	210.10	147.92	3.9102	0.0047829
124.40	0.00064055	20.422	0.048967	-4.2538	-4.2538	-27.799	44.216	68.707	1762.6	-0.55225	440.66	0.22563	0.025986	0.00061972	1613.6	11.487	12.521	107.04	28.962	37.321	210.38	146.89	3.9214	0.0048061
124.76	0.00067110	20.409	0.048999	-4.2292	-4.2292	-27.601	44.198	68.722	1760.0	-0.55186	437.02	0.22529	0.025927	0.00064743	1544.6	11.497	12.534	106.76	28.988	37.349	210.66	145.85	3.9325	0.0048294
125.12	0.00070290	20.395	0.049031	-4.2046	-4.2046	-27.404	44.181	68.737	1757.4	-0.55147	433.44	0.22494	0.025868	0.00067619	1478.9	11.508	12.547	106.48	29.015	37.377	210.94	144.79	3.9437	0.0048527
125.48	0.00073598	20.382	0.049062	-4.1800	-4.1799	-27.208	44.163	68.752	1754.8	-0.55108	429.91	0.22460	0.025808	0.00070602	1416.4	11.518	12.560	106.21	29.041	37.405	211.22	143.73	3.9549	0.0048760
125.84	0.00077040	20.369	0.049094	-4.1553	-4.1553	-27.012	44.146	68.768	1752.2	-0.55069	426.43	0.22426	0.025749	0.00073695	1356.9	11.528	12.574	105.93	29.067	37.433	211.50	142.65	3.9661	0.0048993
126.19	0.00080620	20.356	0.049126	-4.1307	-4.1307	-26.816	44.129	68.783	1749.6	-0.55029	422.99	0.22391	0.025690	0.00076903	1300.3	11.539	12.587	105.66	29.094	37.461	211.78	141.56	3.9773	0.0049227
126.55	0.00084342	20.342	0.049158	-4.1061	-4.1060	-26.621	44.113	68.799	1747.0	-0.54989	419.61	0.22357	0.025630	0.00080228	1246.5	11.549	12.600	105.39	29.120	37.489	212.05	140.45	3.9885	0.0049462
126.91	0.00088210	20.329	0.049190	-4.0814	-4.0814	-26.427	44.096	68.815	1744.4	-0.54948	416.27	0.22323	0.025571	0.00083673	1195.1	11.559	12.613	105.12	29.147	37.518	212.33	139.34	3.9996	0.0049696
127.27	0.00092230	20.316	0.049223	-4.0567	-4.0567	-26.233	44.080	68.831	1741.8	-0.54907	412.97	0.22288	0.025512	0.00087243	1146.2	11.569	12.627	104.85	29.174	37.547	212.61	138.22	4.0108	0.0049931
127.63	0.00096407	20.303	0.049255	-4.0321	-4.0320	-26.039	44.064	68.847	1739.3	-0.54866	409.72	0.22254	0.025452	0.00090941	1099.6	11.580	12.640	104.59	29.200	37.576	212.88	137.08	4.0220	0.0050166
127.98	0.0010074	20.289	0.049287	-4.0074	-4.0074	-25.846	44.048	68.864	1736.7	-0.54825	406.51	0.22219	0.025393	0.00094770	1055.2	11.590	12.653	104.33	29.227	37.605	213.16	135.94	4.0332	0.0050402
128.34	0.0010525	20.276	0.049319	-3.9827	-3.9827	-25.654	44.032	68.880	1734.1	-0.54783	403.35	0.22185	0.025334	0.00098734	1012.8	11.600	12.666	104.07	29.254	37.634	213.43	134.79	4.0444	0.0050638
128.70	0.0010992	20.263	0.049352	-3.9581	-3.9580	-25.462	44.017	68.897	1731.5	-0.54741	400.23	0.22150	0.025274	0.0010284	972.41	11.611	12.680	103.81	29.281	37.663	213.70	133.63	4.0555	0.0050874
129.06	0.0011478	20.249	0.049384	-3.9334	-3.9333	-25.270	44.001	68.914	1728.9	-0.54698	397.15	0.22116	0.025215	0.0010708	933.86	11.621	12.693	103.56	29.309	37.692	213.98	132.47	4.0667	0.0051111
129.42	0.0011981	20.236	0.049417	-3.9087	-3.9086	-25.079	43.986	68.931	1726.3	-0.54655	394.11	0.22081	0.025156	0.0011147	897.07	11.631	12.706	103.30	29.336	37.722	214.25	131.29	4.0779	0.0051348
129.78	0.0012503	20.223	0.049449	-3.8840	-3.8839	-24.889	43.971	68.948	1723.7	-0.54612	391.11	0.22047	0.025097	0.0011602	861.95	11.642	12.719	103.05	29.363	37.751	214.52	130.12	4.0890	0.0051585
130.13	0.0013045	20.209	0.049482	-3.8593	-3.8592	-24.698	43.956	68.966	1721.0	-0.54569	388.15	0.22012	0.025037	0.0012071	828.41	11.652	12.733	102.80	29.391	37.781	214.79	128.93	4.1002	0.0051822
130.49	0.0013606	20.196	0.049514	-3.8346	-3.8345	-24.509	43.942	68.983	1718.4	-0.54525	385.23	0.21977	0.024978	0.0012557	796.38	11.662	12.746	102.55	29.418	37.811	215.06	127.74	4.1114	0.0052060
130.85	0.0014188	20.183	0.049547	-3.8099	-3.8098	-24.320	43.927	69.001	1715.8	-0.54481	382.35	0.21943	0.024919	0.0013059	765.77	11.673	12.759	102.30	29.446	37.841	215.33	126.55	4.1225	0.0052299
131.21	0.0014791	20.169	0.049580	-3.7851	-3.7851	-24.131	43.913	69.019	1713.2	-0.54437	379.50	0.21908	0.024860	0.0013577	736.53	11.683	12.772	102.06	29.473	37.871	215.60	125.35	4.1337	0.0052537
131.57	0.0015416	20.156	0.049613	-3.7604	-3.7603	-23.943	43.898	69.037	1710.6	-0.54392	376.69	0.21873	0.024801	0.0014113	708.58	11.693	12.786	101.82	29.501	37.901	215.87	124.15	4.1449	0.0052776
131.93	0.0016063	20.143	0.049646	-3.7357	-3.7356	-23.755	43.884	69.055	1708.0	-0.54347	373.92	0.21838	0.024741	0.0014666	681.85	11.704	12.799	101.58	29.529	37.931	216.14	122.95	4.1560	0.0053016
132.28	0.0016734	20.129	0.049678	-3.7109	-3.7109	-23.568	43.871	69.073	1705.4	-0.54301	371.18	0.21803	0.024682	0.0015237	656.28	11.714	12.812	101.34	29.556	37.961	216.40	121.74	4.1672	0.0053255
132.64	0.0017427	20.116	0.049711	-3.6862	-3.6861	-23.381	43.857	69.091	1702.8	-0.54256	368.48	0.21769	0.024623	0.0015827	631.83	11.724	12.826	101.10	29.584	37.992	216.67	120.54	4.1783	0.0053495
133.00	0.0018146	20.103	0.049744	-3.6614	-3.6613	-23.195	43.843	69.110	1700.2	-0.54210	365.81	0.21734	0.024564	0.0016436	608.43	11.735	12.839	100.87	29.612	38.022	216.94	119.33	4.1895	0.0053736
133.36	0.0018889	20.089	0.049778	-3.6367	-3.6366	-23.009	43.830	69.129	1697.6	-0.54163	363.18	0.21699	0.024505	0.0017064	586.04	11.745	12.852	100.63	29.640	38.053	217.20	118.12	4.2006	0.0053977
133.72	0.0019658	20.076	0.049811	-3.6119	-3.6118	-22.823	43.817	69.147	1695.0	-0.54117	360.57	0.21664	0.024446	0.0017712	564.60	11.756	12.865	100.40	29.667	38.083	217.47	116.92	4.2118	0.0054218
134.08	0.0020453	20.063	0.049844	-3.5871	-3.5870	-22.638	43.804	69.166	1692.4	-0.54070	358.00	0.21629	0.024387	0.0018380	544.07	11.766	12.879	100.17	29.695	38.114	217.73	115.71	4.2230	0.0054459
134.43	0.0021275	20.049	0.049877	-3.5623	-3.5622	-22.454	43.791	69.186	1689.8	-0.54023	355.46	0.21594	0.024327	0.0019069	524.41	11.776	12.892	99.944	29.723	38.144	217.99	114.51	4.2341	0.0054701
134.79	0.0022126	20.036	0.049911	-3.5376	-3.5374	-22.269	43.778	69.205	1687.2	-0.53975	352.96	0.21559	0.024268	0.0019780	505.57	11.787	12.905	99.717	29.751	38.175	218.26	113.31	4.2452	0.0054943
135.15	0.0023005	20.022	0.049944	-3.5128	-3.5126	-22.086	43.765	69.224	1684.5	-0.53927	350.48	0.21524	0.024209	0.0020512	487.51	11.797	12.919	99.492	29.779	38.206	218.52	112.11	4.2564	0.0055186
135.51	0.0023913	20.009	0.049977	-3.4880	-3.4878	-21.902	43.753	69.244	1681.9	-0.53879	348.03	0.21489	0.024150	0.0021267	470.21	11.808	12.932	99.269	29.807	38.237	218.78	110.91	4.2675	0.0055429
135.87	0.0024851	19.996	0.050011	-3.4632	-3.4630	-21.720	43.740	69.263	1679.3	-0.53830	345.62	0.21454	0.024091	0.0022045	453.62	11.818	12.945	99.048	29.835	38.267	219.04	109.72	4.2787	0.0055672
136.22	0.0025821	19.982	0.050045	-3.4383	-3.4382	-21.537	43.728	69.283	1676.7	-0.53781	343.23	0.21419	0.024032	0.0022846	437.71	11.828	12.959	98.828	29.863	38.298	219.30	108.54	4.2898	0.0055916
136.58	0.0026822	19.969	0.050078	-3.4135	-3.4134	-21.355	43.716	69.303	1674.1	-0.53732	340.87	0.21384	0.023973	0.0023671	422.45	11.839	12.972	98.610	29.891	38.329	219.56	107.35	4.3010	0.0056160
136.94	0.0027856	19.955	0.050112	-3.3887	-3.3885	-21.174	43.704	69.323	1671.5	-0.53682	338.54	0.21349	0.023914	0.0024521	407.81	11.849	12.985	98.394	29.918	38.360	219.82	106.18	4.3121	0.0056405
137.30	0.0028924	19.942	0.050146	-3.3638	-3.3637	-20.992	43.692	69.343	1668.8	-0.53633	336.24	0.21314	0.023855	0.0025396	393.77	11.860	12.999	98.179	29.946	38.391	220.08	105.01	4.3232	0.0056650
137.66	0.0030025	19.928	0.050180	-3.3390	-3.3388	-20.812	43.680	69.363	1666.2	-0.53582	333.96	0.21279	0.023796	0.0026296	380.28	11.870	13.012	97.966	29.974	38.422	220.34	103.85	4.3344	0.0056895
138.02	0.0031162	19.915	0.050213	-3.3141	-3.3140	-20.631	43.669	69.384	1663.6	-0.53532	331.71	0.21244	0.023737	0.0027223	367.34	11.880	13.025	97.754	30.002	38.452	220.60	102.69	4.3455	0.0057141
138.37	0.0032335	19.902	0.050247	-3.2893	-3.2891	-20.452	43.657	69.404	1661.0	-0.53481	329.49	0.21209	0.023678	0.0028177	354.90	11.891	13.038	97.544	30.029	38.483	220.85	101.54	4.3566	0.0057387
138.73	0.0033545	19.888	0.050281	-3.2644	-3.2643	-20.272	43.646	69.425	1658.4	-0.53430	327.29	0.21174	0.023619	0.0029158	342.96	11.901	13.052	97.336	30.057	38.514	221.11	100.40	4.3678	0.0057633
139.09	0.0034793	19.875	0.050315	-3.2395	-3.2394	-20.093	43.635	69.446	1655.7	-0.53378	325.12	0.21138	0.023560	0.0030167	331.49	11.912	13.065	97.129	30.084	38.545	221.36	99.267	4.3789	0.0057880
139.45	0.0036079	19.861	0.050350	-3.2147	-3.2145	-19.914	43.624	69.467	1653.1	-0.53326	322.97	0.21103	0.023501	0.0031204	320.47	11.922	13.078	96.923	30.112	38.575	221.62	98.143	4.3900	0.0058127
139.81	0.0037406	19.848	0.050384	-3.1898	-3.1896	-19.736	43.613	69.488	1650.5	-0.53274	320.85	0.21068	0.023442	0.0032271	309.88	11.933	13.092	96.719	30.139	38.606	221.87	97.028	4.4012	0.0058375
140.17	0.0038773	19.834	0.050418	-3.1649	-3.1647	-19.558	43.602	69.509	1647.9	-0.53222	318.76	0.21033	0.023383	0.0033367	299.69	11.943	13.105	96.517	30.167	38.637	222.13	95.923	4.4123	0.0058623
140.52	0.0040182	19.821	0.050452	-3.1400	-3.1398	-19.381	43.591	69.530	1645.3	-0.53169	316.68	0.20998	0.023324	0.0034495	289.90	11.954	13.118	96.316	30.194	38.667	222.38	94.827	4.4234	0.0058871
140.88	0.0041633	19.807	0.050487	-3.1151	-3.1149	-19.204	43.581	69.551	1642.6	-0.53115	314.63	0.20962	0.023265	0.0035653	280.48	11.964	13.132	96.117	30.221	38.698	222.63	93.742	4.4345	0.0059120
141.24	0.0043129	19.794	0.050521	-3.0901	-3.0899	-19.027	43.570	69.573	1640.0	-0.53062	312.60	0.20927	0.023206	0.0036843	271.43	11.974	13.145	95.919	30.248	38.728	222.88	92.667	4.4456	0.0059370
141.60	0.0044669	19.780	0.050556	-3.0652	-3.0650	-18.851	43.560	69.595	1637.4	-0.53008	310.60	0.20892	0.023148	0.0038065	262.71	11.985	13.158	95.722	30.275	38.759	223.14	91.602	4.4568	0.0059620
141.96	0.0046254	19.767	0.050590	-3.0403	-3.0401	-18.675	43.550	69.616	1634.7	-0.52954	308.62	0.20857	0.023089	0.0039320	254.32	11.995	13.172	95.527	30.302	38.789	223.39	90.549	4.4679	0.0059870
142.32	0.0047887	19.753	0.050625	-3.0153	-3.0151	-18.500	43.539	69.638	1632.1	-0.52899	306.66	0.20822	0.023030	0.0040609	246.25	12.006	13.185	95.334	30.329	38.820	223.64	89.508	4.4790	0.0060120
142.67	0.0049568	19.740	0.050660	-2.9904	-2.9901	-18.324	43.530	69.660	1629.5	-0.52844	304.72	0.20786	0.022971	0.0041933	238.48	12.016	13.198	95.141	30.356	38.850	223.88	88.477	4.4901	0.0060371
143.03	0.0051297	19.726	0.050695	-2.9654	-2.9652	-18.150	43.520	69.682	1626.9	-0.52789	302.80	0.20751	0.022912	0.0043291	230.99	12.027	13.212	94.950	30.383	38.880	224.13	87.459	4.5012	0.0060623
143.39	0.0053077	19.712	0.050729	-2.9405	-2.9402	-17.975	43.510	69.705	1624.2	-0.52733	300.90	0.20716	0.022853	0.0044686	223.79	12.037	13.225	94.761	30.409	38.910	224.38	86.453	4.5123	0.0060875
143.75	0.0054908	19.699	0.050764	-2.9155	-2.9152	-17.801	43.500	69.727	1621.6	-0.52677	299.03	0.20680	0.022795	0.0046116	216.84	12.048	13.238	94.573	30.435	38.940	224.63	85.459	4.5234	0.0061127
144.11	0.0056791	19.685	0.050799	-2.8905	-2.8902	-17.628	43.491	69.750	1619.0	-0.52621	297.17	0.20645	0.022736	0.0047584	210.15	12.058	13.252	94.386	30.462	38.970	224.87	84.478	4.5345	0.0061380
144.46	0.0058728	19.672	0.050834	-2.8655	-2.8652	-17.455	43.481	69.772	1616.3	-0.52564	295.33	0.20610	0.022677	0.0049090	203.71	12.069	13.265	94.201	30.488	39.000	225.12	83.509	4.5456	0.0061633
144.82	0.0060720	19.658	0.050870	-2.8405	-2.8402	-17.282	43.472	69.795	1613.7	-0.52507	293.52	0.20575	0.022618	0.0050635	197.49	12.079	13.278	94.017	30.514	39.030	225.37	82.553	4.5567	0.0061887
145.18	0.0062768	19.644	0.050905	-2.8155	-2.8152	-17.109	43.463	69.818	1611.1	-0.52450	291.72	0.20539	0.022559	0.0052219	191.50	12.090	13.292	93.834	30.540	39.059	225.61	81.610	4.5678	0.0062141
145.54	0.0064873	19.631	0.050940	-2.7905	-2.7902	-16.937	43.454	69.841	1608.4	-0.52392	289.94	0.20504	0.022501	0.0053843	185.73	12.100	13.305	93.653	30.566	39.089	225.85	80.680	4.5789	0.0062395
145.90	0.0067036	19.617	0.050975	-2.7655	-2.7651	-16.766	43.445	69.864	1605.8	-0.52334	288.18	0.20469	0.022442	0.0055508	180.16	12.111	13.318	93.473	30.591	39.118	226.10	79.763	4.5900	0.0062650
146.26	0.0069259	19.604	0.051011	-2.7405	-2.7401	-16.594	43.436	69.888	1603.1	-0.52275	286.44	0.20433	0.022383	0.0057214	174.78	12.121	13.332	93.294	30.617	39.148	226.34	78.860	4.6011	0.0062906
146.61	0.0071543	19.590	0.051046	-2.7154	-2.7151	-16.423	43.428	69.911	1600.5	-0.52216	284.72	0.20398	0.022325	0.0058963	169.60	12.132	13.345	93.117	30.642	39.177	226.58	77.970	4.6122	0.0063162
146.97	0.0073888	19.576	0.051082	-2.6904	-2.6900	-16.253	43.419	69.935	1597.9	-0.52157	283.01	0.20363	0.022266	0.0060755	164.60	12.142	13.358	92.940	30.667	39.206	226.82	77.093	4.6233	0.0063418
147.33	0.0076298	19.563	0.051118	-2.6653	-2.6649	-16.082	43.411	69.958	1595.2	-0.52097	281.33	0.20327	0.022207	0.0062591	159.77	12.153	13.372	92.765	30.693	39.235	227.06	76.231	4.6344	0.0063675
147.69	0.0078772	19.549	0.051153	-2.6403	-2.6399	-15.912	43.402	69.982	1592.6	-0.52037	279.66	0.20292	0.022148	0.0064472	155.11	12.163	13.385	92.592	30.718	39.264	227.30	75.381	4.6455	0.0063933
148.05	0.0081312	19.535	0.051189	-2.6152	-2.6148	-15.743	43.394	70.006	1589.9	-0.51977	278.00	0.20256	0.022090	0.0066398	150.61	12.174	13.398	92.419	30.742	39.293	227.54	74.546	4.6566	0.0064190
148.41	0.0083920	19.522	0.051225	-2.5901	-2.5897	-15.574	43.386	70.030	1587.3	-0.51916	276.36	0.20221	0.022031	0.0068370	146.26	12.184	13.412	92.248	30.767	39.322	227.78	73.723	4.6677	0.0064449
148.76	0.0086597	19.508	0.051261	-2.5650	-2.5646	-15.405	43.378	70.054	1584.7	-0.51855	274.74	0.20186	0.021973	0.0070390	142.07	12.195	13.425	92.078	30.792	39.351	228.02	72.915	4.6787	0.0064707
149.12	0.0089343	19.494	0.051297	-2.5399	-2.5395	-15.236	43.370	70.079	1582.0	-0.51793	273.14	0.20150	0.021914	0.0072458	138.01	12.205	13.438	91.909	30.816	39.379	228.26	72.120	4.6898	0.0064967
149.48	0.0092162	19.481	0.051333	-2.5148	-2.5143	-15.068	43.362	70.103	1579.4	-0.51731	271.55	0.20115	0.021855	0.0074574	134.10	12.216	13.452	91.742	30.841	39.408	228.49	71.339	4.7009	0.0065227
149.84	0.0095053	19.467	0.051369	-2.4897	-2.4892	-14.900	43.355	70.128	1576.7	-0.51669	269.98	0.20080	0.021797	0.0076740	130.31	12.226	13.465	91.575	30.865	39.436	228.73	70.572	4.7120	0.0065487
150.20	0.0098019	19.453	0.051405	-2.4646	-2.4641	-14.733	43.347	70.153	1574.1	-0.51606	268.42	0.20044	0.021738	0.0078956	126.65	12.237	13.478	91.410	30.889	39.465	228.97	69.818	4.7231	0.0065748
150.56	0.010106	19.440	0.051441	-2.4394	-2.4389	-14.566	43.339	70.177	1571.4	-0.51543	266.88	0.20009	0.021680	0.0081224	123.12	12.247	13.492	91.246	30.913	39.493	229.20	69.077	4.7341	0.0066009
150.91	0.010418	19.426	0.051478	-2.4143	-2.4138	-14.399	43.332	70.203	1568.8	-0.51479	265.36	0.19974	0.021621	0.0083544	119.70	12.258	13.505	91.083	30.937	39.522	229.43	68.351	4.7452	0.0066271
151.27	0.010738	19.412	0.051514	-2.3891	-2.3886	-14.233	43.325	70.228	1566.1	-0.51415	263.84	0.19938	0.021562	0.0085917	116.39	12.268	13.518	90.921	30.960	39.550	229.67	67.637	4.7563	0.0066533
151.63	0.011066	19.398	0.051551	-2.3640	-2.3634	-14.066	43.318	70.253	1563.5	-0.51351	262.35	0.19903	0.021504	0.0088344	113.19	12.279	13.531	90.761	30.984	39.578	229.90	66.937	4.7674	0.0066796
151.99	0.011402	19.385	0.051587	-2.3388	-2.3382	-13.901	43.311	70.279	1560.8	-0.51286	260.86	0.19867	0.021445	0.0090826	110.10	12.289	13.545	90.601	31.007	39.606	230.13	66.250	4.7784	0.0067059
152.35	0.011746	19.371	0.051624	-2.3136	-2.3130	-13.735	43.304	70.304	1558.2	-0.51221	259.40	0.19832	0.021387	0.0093363	107.11	12.300	13.558	90.443	31.031	39.634	230.36	65.576	4.7895	0.0067323
152.70	0.012099	19.357	0.051661	-2.2885	-2.2878	-13.570	43.297	70.330	1555.5	-0.51155	257.94	0.19797	0.021328	0.0095958	104.21	12.310	13.571	90.285	31.054	39.662	230.59	64.915	4.8005	0.0067587
153.06	0.012461	19.343	0.051698	-2.2633	-2.2626	-13.405	43.290	70.356	1552.9	-0.51089	256.50	0.19761	0.021270	0.0098609	101.41	12.321	13.585	90.129	31.077	39.690	230.82	64.268	4.8116	0.0067852
153.42	0.012831	19.330	0.051734	-2.2381	-2.2374	-13.241	43.284	70.382	1550.2	-0.51023	255.07	0.19726	0.021212	0.010132	98.698	12.332	13.598	89.974	31.100	39.718	231.05	63.633	4.8227	0.0068117
153.78	0.013210	19.316	0.051771	-2.2129	-2.2122	-13.077	43.277	70.408	1547.6	-0.50956	253.66	0.19691	0.021153	0.010409	96.072	12.342	13.611	89.820	31.123	39.746	231.28	63.011	4.8337	0.0068383
154.14	0.013599	19.302	0.051808	-2.1876	-2.1869	-12.913	43.271	70.434	1544.9	-0.50888	252.26	0.19655	0.021095	0.010692	93.529	12.353	13.624	89.667	31.146	39.774	231.51	62.401	4.8448	0.0068650
154.50	0.013997	19.288	0.051846	-2.1624	-2.1617	-12.749	43.265	70.461	1542.2	-0.50821	250.87	0.19620	0.021036	0.010981	91.067	12.363	13.638	89.515	31.169	39.802	231.73	61.804	4.8558	0.0068917
154.85	0.014404	19.274	0.051883	-2.1372	-2.1364	-12.586	43.259	70.488	1539.6	-0.50752	249.50	0.19585	0.020978	0.011276	88.682	12.374	13.651	89.364	31.192	39.830	231.96	61.219	4.8669	0.0069184
155.21	0.014821	19.260	0.051920	-2.1119	-2.1111	-12.423	43.253	70.514	1536.9	-0.50684	248.13	0.19549	0.020919	0.011578	86.372	12.384	13.664	89.214	31.214	39.858	232.18	60.646	4.8779	0.0069452
155.57	0.015248	19.247	0.051957	-2.0866	-2.0859	-12.261	43.247	70.541	1534.3	-0.50615	246.79	0.19514	0.020861	0.011886	84.133	12.395	13.678	89.066	31.237	39.885	232.41	60.085	4.8890	0.0069721
155.93	0.015684	19.233	0.051995	-2.0614	-2.0606	-12.098	43.241	70.568	1531.6	-0.50545	245.45	0.19479	0.020803	0.012200	81.964	12.405	13.691	88.918	31.259	39.913	232.63	59.536	4.9000	0.0069990
156.29	0.016131	19.219	0.052032	-2.0361	-2.0353	-11.936	43.235	70.596	1528.9	-0.50475	244.12	0.19443	0.020744	0.012522	79.862	12.416	13.704	88.771	31.282	39.941	232.85	58.999	4.9111	0.0070260
156.65	0.016589	19.205	0.052070	-2.0108	-2.0099	-11.775	43.230	70.623	1526.3	-0.50405	242.81	0.19408	0.020686	0.012849	77.824	12.426	13.717	88.625	31.304	39.969	233.08	58.473	4.9221	0.0070530
157.00	0.017056	19.191	0.052108	-1.9855	-1.9846	-11.614	43.224	70.651	1523.6	-0.50334	241.51	0.19373	0.020628	0.013184	75.849	12.437	13.731	88.481	31.327	39.997	233.30	57.959	4.9332	0.0070801
157.36	0.017535	19.177	0.052145	-1.9602	-1.9593	-11.453	43.219	70.678	1520.9	-0.50263	240.22	0.19337	0.020569	0.013526	73.934	12.447	13.744	88.337	31.349	40.025	233.52	57.455	4.9442	0.0071072
157.72	0.018024	19.163	0.052183	-1.9349	-1.9339	-11.292	43.213	70.706	1518.3	-0.50191	238.94	0.19302	0.020511	0.013874	72.076	12.458	13.757	88.194	31.371	40.054	233.74	56.963	4.9553	0.0071344
158.08	0.018525	19.149	0.052221	-1.9096	-1.9086	-11.131	43.208	70.734	1515.6	-0.50118	237.67	0.19267	0.020453	0.014230	70.275	12.468	13.770	88.052	31.393	40.082	233.96	56.481	4.9663	0.0071617
158.44	0.019036	19.135	0.052259	-1.8842	-1.8832	-10.971	43.203	70.762	1512.9	-0.50046	236.41	0.19232	0.020395	0.014593	68.527	12.479	13.783	87.911	31.416	40.110	234.17	56.010	4.9774	0.0071890
158.80	0.019559	19.121	0.052297	-1.8589	-1.8579	-10.811	43.198	70.791	1510.3	-0.49973	235.17	0.19196	0.020336	0.014963	66.832	12.489	13.797	87.771	31.438	40.139	234.39	55.550	4.9884	0.0072164
159.15	0.020094	19.107	0.052335	-1.8335	-1.8325	-10.652	43.193	70.819	1507.6	-0.49899	233.93	0.19161	0.020278	0.015340	65.187	12.500	13.810	87.632	31.460	40.167	234.61	55.100	4.9994	0.0072438
159.51	0.020641	19.094	0.052374	-1.8082	-1.8071	-10.493	43.189	70.848	1504.9	-0.49825	232.71	0.19126	0.020220	0.015726	63.591	12.510	13.823	87.494	31.482	40.196	234.82	54.660	5.0105	0.0072713
159.87	0.021199	19.080	0.052412	-1.7828	-1.7817	-10.334	43.184	70.877	1502.3	-0.49750	231.49	0.19090	0.020162	0.016118	62.041	12.521	13.836	87.357	31.505	40.225	235.04	54.229	5.0215	0.0072989
160.23	0.021770	19.066	0.052451	-1.7574	-1.7562	-10.175	43.180	70.906	1499.6	-0.49675	230.29	0.19055	0.020104	0.016519	60.537	12.531	13.849	87.221	31.527	40.254	235.25	53.809	5.0325	0.0073265
160.59	0.022353	19.052	0.052489	-1.7320	-1.7308	-10.017	43.175	70.935	1496.9	-0.49599	229.10	0.19020	0.020045	0.016927	59.077	12.542	13.863	87.086	31.549	40.283	235.46	53.397	5.0435	0.0073541
160.94	0.022949	19.038	0.052528	-1.7066	-1.7054	-9.8589	43.171	70.965	1494.2	-0.49523	227.91	0.18985	0.019987	0.017343	57.659	12.552	13.876	86.951	31.571	40.312	235.68	52.995	5.0546	0.0073819
161.30	0.023557	19.024	0.052566	-1.6812	-1.6799	-9.7011	43.167	70.994	1491.6	-0.49447	226.74	0.18950	0.019929	0.017768	56.282	12.563	13.889	86.818	31.594	40.341	235.89	52.603	5.0656	0.0074097
161.66	0.024179	19.010	0.052605	-1.6557	-1.6545	-9.5436	43.163	71.024	1488.9	-0.49369	225.58	0.18914	0.019871	0.018200	54.945	12.573	13.902	86.685	31.616	40.371	236.10	52.219	5.0766	0.0074375
162.02	0.024813	18.996	0.052644	-1.6303	-1.6290	-9.3864	43.159	71.054	1486.2	-0.49292	224.42	0.18879	0.019813	0.018641	53.646	12.584	13.915	86.553	31.639	40.401	236.31	51.844	5.0877	0.0074654
162.38	0.025461	18.981	0.052683	-1.6049	-1.6035	-9.2295	43.155	71.084	1483.5	-0.49214	223.28	0.18844	0.019755	0.019090	52.384	12.594	13.928	86.423	31.661	40.431	236.52	51.477	5.0987	0.0074934
162.74	0.026123	18.967	0.052722	-1.5794	-1.5780	-9.0729	43.151	71.114	1480.8	-0.49135	222.15	0.18809	0.019697	0.019548	51.157	12.605	13.941	86.293	31.684	40.461	236.72	51.118	5.1097	0.0075214
163.09	0.026799	18.953	0.052761	-1.5539	-1.5525	-8.9166	43.148	71.145	1478.2	-0.49056	221.02	0.18774	0.019639	0.020014	49.966	12.615	13.954	86.163	31.707	40.491	236.93	50.768	5.1207	0.0075496
163.45	0.027488	18.939	0.052800	-1.5284	-1.5270	-8.7605	43.144	71.175	1475.5	-0.48976	219.90	0.18738	0.019581	0.020489	48.807	12.626	13.968	86.035	31.729	40.522	237.14	50.426	5.1317	0.0075777
163.81	0.028192	18.925	0.052840	-1.5030	-1.5015	-8.6047	43.141	71.206	1472.8	-0.48896	218.80	0.18703	0.019523	0.020972	47.682	12.636	13.981	85.908	31.752	40.553	237.34	50.091	5.1428	0.0076060
164.17	0.028910	18.911	0.052879	-1.4775	-1.4759	-8.4492	43.138	71.237	1470.1	-0.48815	217.70	0.18668	0.019465	0.021465	46.587	12.647	13.994	85.781	31.775	40.584	237.55	49.764	5.1538	0.0076343
164.53	0.029643	18.897	0.052919	-1.4519	-1.4504	-8.2940	43.134	71.268	1467.4	-0.48734	216.61	0.18633	0.019407	0.021967	45.523	12.657	14.007	85.655	31.799	40.616	237.75	49.444	5.1648	0.0076626
164.89	0.030391	18.883	0.052958	-1.4264	-1.4248	-8.1390	43.131	71.299	1464.7	-0.48652	215.53	0.18598	0.019349	0.022478	44.488	12.668	14.020	85.530	31.822	40.647	237.95	49.131	5.1758	0.0076910
165.24	0.031153	18.869	0.052998	-1.4009	-1.3992	-7.9843	43.128	71.331	1462.1	-0.48570	214.45	0.18563	0.019291	0.022998	43.482	12.678	14.033	85.406	31.845	40.679	238.15	48.826	5.1868	0.0077195
165.60	0.031931	18.855	0.053038	-1.3753	-1.3736	-7.8299	43.126	71.363	1459.4	-0.48487	213.39	0.18528	0.019233	0.023528	42.503	12.689	14.046	85.283	31.869	40.712	238.35	48.527	5.1978	0.0077481
165.96	0.032725	18.840	0.053078	-1.3498	-1.3480	-7.6757	43.123	71.395	1456.7	-0.48404	212.34	0.18493	0.019175	0.024067	41.551	12.699	14.059	85.160	31.892	40.744	238.55	48.234	5.2088	0.0077767
166.32	0.033534	18.826	0.053118	-1.3242	-1.3224	-7.5218	43.120	71.427	1454.0	-0.48320	211.29	0.18458	0.019117	0.024616	40.624	12.710	14.072	85.038	31.916	40.777	238.75	47.948	5.2198	0.0078054
166.68	0.034360	18.812	0.053158	-1.2986	-1.2968	-7.3682	43.118	71.459	1451.3	-0.48235	210.25	0.18422	0.019059	0.025174	39.723	12.720	14.085	84.917	31.940	40.811	238.95	47.669	5.2309	0.0078342
167.03	0.035201	18.798	0.053198	-1.2731	-1.2712	-7.2148	43.115	71.491	1448.6	-0.48150	209.22	0.18387	0.019001	0.025743	38.846	12.731	14.098	84.797	31.965	40.845	239.14	47.395	5.2419	0.0078630
167.39	0.036059	18.784	0.053238	-1.2475	-1.2455	-7.0617	43.113	71.524	1445.9	-0.48064	208.19	0.18352	0.018944	0.026321	37.992	12.741	14.111	84.677	31.989	40.879	239.34	47.127	5.2529	0.0078919
167.75	0.036934	18.769	0.053278	-1.2218	-1.2199	-6.9089	43.111	71.557	1443.2	-0.47978	207.18	0.18317	0.018886	0.026910	37.161	12.751	14.124	84.559	32.014	40.913	239.53	46.865	5.2639	0.0079208
168.11	0.037826	18.755	0.053319	-1.1962	-1.1942	-6.7563	43.109	71.590	1440.5	-0.47891	206.17	0.18282	0.018828	0.027509	36.352	12.762	14.137	84.441	32.038	40.948	239.73	46.608	5.2749	0.0079499
168.47	0.038734	18.741	0.053359	-1.1706	-1.1685	-6.6039	43.107	71.623	1437.8	-0.47804	205.17	0.18247	0.018770	0.028118	35.565	12.772	14.150	84.324	32.063	40.983	239.92	46.357	5.2859	0.0079790
168.83	0.039660	18.727	0.053400	-1.1449	-1.1428	-6.4518	43.105	71.657	1435.1	-0.47716	204.18	0.18212	0.018712	0.028738	34.798	12.783	14.163	84.207	32.089	41.019	240.11	46.111	5.2969	0.0080082
169.18	0.040604	18.712	0.053441	-1.1193	-1.1171	-6.3000	43.104	71.691	1432.4	-0.47628	203.19	0.18177	0.018655	0.029368	34.051	12.793	14.176	84.091	32.114	41.055	240.30	45.870	5.3079	0.0080374
169.54	0.041565	18.698	0.053482	-1.0936	-1.0914	-6.1484	43.102	71.724	1429.7	-0.47538	202.22	0.18142	0.018597	0.030009	33.323	12.804	14.189	83.976	32.140	41.091	240.49	45.634	5.3189	0.0080667
169.90	0.042545	18.684	0.053523	-1.0679	-1.0656	-5.9971	43.101	71.759	1427.0	-0.47449	201.25	0.18108	0.018539	0.030661	32.615	12.814	14.202	83.862	32.166	41.128	240.68	45.403	5.3299	0.0080961
170.26	0.043543	18.669	0.053564	-1.0422	-1.0399	-5.8461	43.099	71.793	1424.3	-0.47358	200.28	0.18073	0.018481	0.031324	31.925	12.824	14.214	83.748	32.192	41.165	240.87	45.176	5.3409	0.0081255
170.62	0.044559	18.655	0.053605	-1.0165	-1.0141	-5.6952	43.098	71.827	1421.6	-0.47267	199.33	0.18038	0.018424	0.031998	31.252	12.835	14.227	83.636	32.218	41.203	241.05	44.953	5.3519	0.0081551
170.98	0.045595	18.641	0.053646	-0.99081	-0.98837	-5.5446	43.097	71.862	1418.9	-0.47176	198.38	0.18003	0.018366	0.032683	30.597	12.845	14.240	83.523	32.245	41.241	241.24	44.735	5.3629	0.0081847
171.33	0.046649	18.626	0.053687	-0.96508	-0.96258	-5.3943	43.096	71.897	1416.2	-0.47084	197.43	0.17968	0.018308	0.033380	29.958	12.855	14.253	83.412	32.272	41.280	241.42	44.521	5.3739	0.0082143
171.69	0.047722	18.612	0.053729	-0.93934	-0.93678	-5.2442	43.095	71.932	1413.5	-0.46991	196.50	0.17933	0.018251	0.034088	29.336	12.866	14.266	83.301	32.299	41.319	241.61	44.311	5.3849	0.0082441
172.05	0.048816	18.598	0.053770	-0.91359	-0.91097	-5.0944	43.094	71.968	1410.8	-0.46898	195.57	0.17898	0.018193	0.034808	28.729	12.876	14.279	83.191	32.326	41.358	241.79	44.104	5.3959	0.0082739
172.41	0.049928	18.583	0.053812	-0.88783	-0.88514	-4.9448	43.094	72.003	1408.1	-0.46804	194.65	0.17863	0.018135	0.035540	28.138	12.887	14.291	83.082	32.354	41.398	241.97	43.902	5.4069	0.0083038
172.77	0.051061	18.569	0.053854	-0.86205	-0.85930	-4.7954	43.093	72.039	1405.4	-0.46709	193.73	0.17829	0.018078	0.036283	27.561	12.897	14.304	82.973	32.382	41.439	242.15	43.702	5.4179	0.0083338
173.13	0.052215	18.554	0.053896	-0.83626	-0.83344	-4.6463	43.093	72.075	1402.7	-0.46614	192.82	0.17794	0.018020	0.037039	26.999	12.907	14.317	82.865	32.410	41.480	242.33	43.507	5.4289	0.0083638
173.48	0.053389	18.540	0.053937	-0.81046	-0.80758	-4.4974	43.092	72.111	1400.0	-0.46518	191.92	0.17759	0.017963	0.037806	26.451	12.918	14.330	82.757	32.439	41.522	242.50	43.314	5.4399	0.0083939
173.84	0.054583	18.526	0.053980	-0.78464	-0.78170	-4.3487	43.092	72.148	1397.3	-0.46421	191.02	0.17724	0.017905	0.038586	25.916	12.928	14.342	82.651	32.468	41.564	242.68	43.125	5.4509	0.0084241
174.20	0.055799	18.511	0.054022	-0.75882	-0.75580	-4.2003	43.092	72.184	1394.6	-0.46324	190.13	0.17690	0.017848	0.039379	25.394	12.938	14.355	82.545	32.497	41.606	242.86	42.939	5.4619	0.0084544
174.56	0.057036	18.497	0.054064	-0.73298	-0.72989	-4.0521	43.092	72.221	1391.8	-0.46226	189.25	0.17655	0.017790	0.040184	24.886	12.948	14.368	82.439	32.526	41.650	243.03	42.755	5.4729	0.0084847
174.92	0.058295	18.482	0.054106	-0.70712	-0.70397	-3.9041	43.092	72.259	1389.1	-0.46127	188.37	0.17620	0.017733	0.041001	24.389	12.959	14.381	82.334	32.556	41.693	243.20	42.575	5.4839	0.0085152
175.27	0.059575	18.468	0.054149	-0.68126	-0.67803	-3.7564	43.093	72.296	1386.4	-0.46028	187.50	0.17586	0.017675	0.041832	23.905	12.969	14.393	82.230	32.586	41.738	243.38	42.397	5.4949	0.0085457
175.63	0.060878	18.453	0.054191	-0.65538	-0.65208	-3.6089	43.093	72.334	1383.7	-0.45928	186.64	0.17551	0.017618	0.042675	23.433	12.979	14.406	82.126	32.617	41.782	243.55	42.222	5.5059	0.0085762
175.99	0.062203	18.439	0.054234	-0.62949	-0.62612	-3.4616	43.094	72.371	1381.0	-0.45828	185.78	0.17516	0.017560	0.043532	22.972	12.990	14.419	82.024	32.647	41.828	243.72	42.049	5.5168	0.0086069
176.35	0.063551	18.424	0.054277	-0.60359	-0.60014	-3.3146	43.094	72.410	1378.2	-0.45727	184.92	0.17482	0.017503	0.044402	22.522	13.000	14.431	81.921	32.679	41.874	243.89	41.878	5.5278	0.0086376
176.71	0.064922	18.409	0.054320	-0.57767	-0.57415	-3.1677	43.095	72.448	1375.5	-0.45625	184.07	0.17447	0.017446	0.045285	22.082	13.010	14.444	81.819	32.710	41.920	244.05	41.710	5.5388	0.0086685
177.07	0.066315	18.395	0.054363	-0.55174	-0.54814	-3.0211	43.096	72.487	1372.8	-0.45522	183.23	0.17412	0.017388	0.046182	21.653	13.020	14.456	81.718	32.742	41.967	244.22	41.544	5.5498	0.0086994
177.42	0.067733	18.380	0.054406	-0.52580	-0.52212	-2.8748	43.097	72.525	1370.1	-0.45419	182.40	0.17378	0.017331	0.047092	21.235	13.031	14.469	81.618	32.774	42.015	244.39	41.380	5.5608	0.0087303
177.78	0.069174	18.366	0.054449	-0.49985	-0.49608	-2.7286	43.098	72.564	1367.4	-0.45315	181.56	0.17343	0.017274	0.048017	20.826	13.041	14.481	81.518	32.806	42.063	244.55	41.218	5.5718	0.0087614
178.14	0.070639	18.351	0.054493	-0.47388	-0.47003	-2.5827	43.099	72.604	1364.6	-0.45210	180.74	0.17309	0.017216	0.048955	20.427	13.051	14.494	81.419	32.839	42.112	244.71	41.058	5.5828	0.0087925
178.50	0.072128	18.336	0.054536	-0.44789	-0.44396	-2.4369	43.101	72.643	1361.9	-0.45105	179.92	0.17274	0.017159	0.049907	20.037	13.061	14.507	81.320	32.872	42.161	244.87	40.900	5.5938	0.0088238
178.86	0.073642	18.322	0.054580	-0.42190	-0.41788	-2.2914	43.102	72.683	1359.2	-0.44998	179.10	0.17240	0.017102	0.050874	19.657	13.072	14.519	81.222	32.906	42.211	245.03	40.744	5.6048	0.0088551
179.22	0.075181	18.307	0.054624	-0.39589	-0.39178	-2.1461	43.104	72.723	1356.5	-0.44891	178.29	0.17205	0.017045	0.051855	19.285	13.082	14.532	81.124	32.939	42.262	245.19	40.589	5.6158	0.0088865
179.57	0.076745	18.292	0.054668	-0.36987	-0.36567	-2.0011	43.105	72.763	1353.7	-0.44784	177.49	0.17171	0.016987	0.052850	18.921	13.092	14.544	81.027	32.974	42.313	245.35	40.435	5.6268	0.0089179
179.93	0.078334	18.278	0.054712	-0.34383	-0.33954	-1.8562	43.107	72.804	1351.0	-0.44675	176.69	0.17136	0.016930	0.053860	18.567	13.102	14.556	80.931	33.008	42.365	245.51	40.284	5.6378	0.0089495
180.29	0.079949	18.263	0.054756	-0.31778	-0.31340	-1.7115	43.109	72.845	1348.3	-0.44566	175.90	0.17102	0.016873	0.054885	18.220	13.112	14.569	80.835	33.043	42.417	245.66	40.133	5.6488	0.0089811
180.65	0.081590	18.248	0.054800	-0.29171	-0.28724	-1.5671	43.111	72.886	1345.5	-0.44457	175.11	0.17067	0.016816	0.055925	17.881	13.122	14.581	80.739	33.078	42.470	245.82	39.984	5.6598	0.0090129
181.01	0.083258	18.233	0.054844	-0.26564	-0.26107	-1.4229	43.114	72.927	1342.8	-0.44346	174.32	0.17033	0.016759	0.056980	17.550	13.133	14.594	80.645	33.114	42.524	245.97	39.837	5.6708	0.0090447
181.37	0.084952	18.219	0.054889	-0.23954	-0.23488	-1.2788	43.116	72.969	1340.1	-0.44235	173.55	0.16999	0.016702	0.058050	17.226	13.143	14.606	80.550	33.150	42.578	246.12	39.690	5.6818	0.0090766
181.72	0.086672	18.204	0.054933	-0.21344	-0.20868	-1.1350	43.118	73.011	1337.3	-0.44122	172.77	0.16964	0.016645	0.059136	16.910	13.153	14.618	80.457	33.186	42.633	246.27	39.545	5.6928	0.0091086
182.08	0.088420	18.189	0.054978	-0.18732	-0.18246	-0.99139	43.121	73.053	1334.6	-0.44010	172.00	0.16930	0.016587	0.060237	16.601	13.163	14.631	80.364	33.223	42.689	246.42	39.401	5.7038	0.0091406
182.44	0.090195	18.174	0.055023	-0.16118	-0.15622	-0.84798	43.124	73.095	1331.8	-0.43896	171.24	0.16896	0.016530	0.061354	16.299	13.173	14.643	80.271	33.260	42.745	246.57	39.258	5.7148	0.0091728
182.80	0.091998	18.160	0.055068	-0.13503	-0.12997	-0.70476	43.126	73.138	1329.1	-0.43781	170.48	0.16862	0.016473	0.062487	16.003	13.183	14.655	80.179	33.297	42.801	246.72	39.116	5.7258	0.0092051
183.16	0.093829	18.145	0.055113	-0.10887	-0.10370	-0.56175	43.129	73.181	1326.4	-0.43666	169.72	0.16827	0.016416	0.063636	15.714	13.193	14.668	80.087	33.335	42.859	246.87	38.975	5.7369	0.0092374
183.51	0.095689	18.130	0.055158	-0.082692	-0.077414	-0.41895	43.132	73.224	1323.6	-0.43550	168.97	0.16793	0.016359	0.064801	15.432	13.203	14.680	79.996	33.373	42.916	247.01	38.834	5.7479	0.0092698
183.87	0.097577	18.115	0.055203	-0.056500	-0.051113	-0.27633	43.136	73.268	1320.9	-0.43433	168.23	0.16759	0.016302	0.065982	15.156	13.213	14.692	79.906	33.411	42.975	247.15	38.695	5.7589	0.0093023
184.23	0.099493	18.100	0.055249	-0.030293	-0.024796	-0.13392	43.139	73.311	1318.1	-0.43316	167.49	0.16725	0.016245	0.067180	14.885	13.223	14.704	79.816	33.450	43.034	247.30	38.556	5.7699	0.0093349
184.59	0.10144	18.085	0.055294	-0.0040711	0.0015379	0.0082975	43.142	73.356	1315.4	-0.43197	166.75	0.16690	0.016189	0.068394	14.621	13.233	14.717	79.726	33.489	43.094	247.44	38.419	5.7809	0.0093676
184.95	0.10341	18.070	0.055340	0.022165	0.027888	0.15032	43.146	73.400	1312.6	-0.43078	166.02	0.16656	0.016132	0.069625	14.363	13.244	14.729	79.637	33.528	43.154	247.58	38.282	5.7919	0.0094004
185.31	0.10542	18.055	0.055386	0.048417	0.054256	0.29215	43.150	73.444	1309.9	-0.42958	165.29	0.16622	0.016075	0.070873	14.110	13.254	14.741	79.549	33.568	43.215	247.71	38.145	5.8029	0.0094333
185.66	0.10746	18.040	0.055432	0.074683	0.080640	0.43378	43.154	73.489	1307.1	-0.42837	164.57	0.16588	0.016018	0.072139	13.862	13.264	14.753	79.461	33.608	43.277	247.85	38.010	5.8140	0.0094663
186.02	0.10952	18.025	0.055478	0.10097	0.10704	0.57523	43.157	73.535	1304.4	-0.42715	163.85	0.16554	0.015961	0.073421	13.620	13.274	14.765	79.373	33.649	43.339	247.99	37.875	5.8250	0.0094993
186.38	0.11162	18.010	0.055524	0.12726	0.13346	0.71648	43.162	73.580	1301.6	-0.42592	163.14	0.16520	0.015904	0.074721	13.383	13.284	14.777	79.286	33.689	43.402	248.12	37.740	5.8360	0.0095325
186.74	0.11375	17.995	0.055570	0.15357	0.15989	0.85755	43.166	73.626	1298.9	-0.42469	162.43	0.16486	0.015847	0.076038	13.151	13.294	14.789	79.200	33.730	43.465	248.26	37.606	5.8470	0.0095657
187.10	0.11590	17.980	0.055617	0.17990	0.18635	0.99843	43.170	73.672	1296.1	-0.42344	161.72	0.16452	0.015791	0.077373	12.924	13.303	14.801	79.114	33.772	43.529	248.39	37.473	5.8581	0.0095991
187.46	0.11810	17.965	0.055663	0.20624	0.21282	1.1391	43.174	73.718	1293.4	-0.42219	161.02	0.16418	0.015734	0.078726	12.702	13.313	14.814	79.028	33.814	43.594	248.52	37.340	5.8691	0.0096325
187.81	0.12032	17.950	0.055710	0.23260	0.23930	1.2796	43.179	73.765	1290.6	-0.42093	160.32	0.16384	0.015677	0.080097	12.485	13.323	14.826	78.943	33.856	43.659	248.65	37.208	5.8801	0.0096661
188.17	0.12257	17.935	0.055757	0.25898	0.26581	1.4199	43.184	73.812	1287.8	-0.41966	159.63	0.16350	0.015621	0.081487	12.272	13.333	14.838	78.858	33.898	43.725	248.78	37.076	5.8912	0.0096997
188.53	0.12486	17.920	0.055804	0.28537	0.29233	1.5601	43.189	73.859	1285.1	-0.41838	158.94	0.16316	0.015564	0.082894	12.064	13.343	14.849	78.774	33.941	43.791	248.90	36.945	5.9022	0.0097334
188.89	0.12718	17.905	0.055851	0.31177	0.31887	1.7000	43.193	73.907	1282.3	-0.41709	158.25	0.16282	0.015507	0.084321	11.859	13.353	14.861	78.690	33.984	43.858	249.03	36.814	5.9132	0.0097672
189.25	0.12953	17.890	0.055898	0.33819	0.34543	1.8398	43.199	73.955	1279.6	-0.41580	157.57	0.16248	0.015451	0.085766	11.660	13.363	14.873	78.607	34.027	43.926	249.15	36.683	5.9243	0.0098012
189.61	0.13192	17.874	0.055946	0.36463	0.37201	1.9794	43.204	74.003	1276.8	-0.41449	156.89	0.16214	0.015394	0.087229	11.464	13.373	14.885	78.524	34.071	43.994	249.27	36.553	5.9353	0.0098352
189.96	0.13434	17.859	0.055993	0.39108	0.39860	2.1188	43.209	74.051	1274.0	-0.41317	156.22	0.16181	0.015337	0.088712	11.272	13.383	14.897	78.442	34.115	44.063	249.40	36.423	5.9464	0.0098693
190.32	0.13680	17.844	0.056041	0.41755	0.42522	2.2581	43.215	74.100	1271.3	-0.41185	155.55	0.16147	0.015281	0.090214	11.085	13.393	14.909	78.360	34.160	44.132	249.52	36.294	5.9574	0.0099035
190.68	0.13929	17.829	0.056089	0.44404	0.45185	2.3971	43.220	74.149	1268.5	-0.41051	154.88	0.16113	0.015224	0.091736	10.901	13.403	14.921	78.278	34.204	44.202	249.64	36.165	5.9685	0.0099378
191.04	0.14181	17.814	0.056137	0.47054	0.47850	2.5360	43.226	74.199	1265.7	-0.40917	154.22	0.16079	0.015168	0.093277	10.721	13.412	14.933	78.197	34.249	44.273	249.75	36.036	5.9795	0.0099723
191.40	0.14437	17.798	0.056185	0.49706	0.50517	2.6747	43.232	74.249	1263.0	-0.40782	153.56	0.16046	0.015111	0.094837	10.544	13.422	14.944	78.117	34.294	44.344	249.87	35.908	5.9906	0.010007
191.75	0.14696	17.783	0.056233	0.52359	0.53185	2.8133	43.238	74.299	1260.2	-0.40646	152.91	0.16012	0.015055	0.096418	10.372	13.432	14.956	78.036	34.340	44.416	249.98	35.780	6.0017	0.010041
192.11	0.14959	17.768	0.056282	0.55014	0.55856	2.9517	43.244	74.349	1257.4	-0.40508	152.26	0.15978	0.014998	0.098018	10.202	13.442	14.968	77.957	34.386	44.488	250.10	35.652	6.0127	0.010076
192.47	0.15226	17.752	0.056330	0.57671	0.58529	3.0899	43.250	74.400	1254.6	-0.40370	151.61	0.15944	0.014942	0.099639	10.036	13.452	14.980	77.877	34.432	44.561	250.21	35.525	6.0238	0.010111
192.83	0.15496	17.737	0.056379	0.60329	0.61203	3.2279	43.256	74.451	1251.9	-0.40231	150.96	0.15911	0.014886	0.10128	9.8736	13.461	14.991	77.798	34.478	44.634	250.32	35.398	6.0349	0.010146
193.19	0.15770	17.722	0.056428	0.62990	0.63879	3.3658	43.263	74.503	1249.1	-0.40091	150.32	0.15877	0.014829	0.10294	9.7142	13.471	15.003	77.720	34.525	44.708	250.43	35.271	6.0460	0.010181
193.55	0.16048	17.706	0.056477	0.65651	0.66558	3.5035	43.269	74.554	1246.3	-0.39950	149.69	0.15844	0.014773	0.10462	9.5580	13.481	15.015	77.642	34.571	44.783	250.54	35.144	6.0570	0.010216
193.90	0.16329	17.691	0.056526	0.68315	0.69238	3.6410	43.276	74.606	1243.5	-0.39807	149.05	0.15810	0.014717	0.10633	9.4048	13.491	15.026	77.564	34.619	44.858	250.65	35.018	6.0681	0.010251
194.26	0.16615	17.676	0.056575	0.70980	0.71920	3.7784	43.283	74.659	1240.7	-0.39664	148.42	0.15777	0.014660	0.10805	9.2547	13.500	15.038	77.487	34.666	44.934	250.75	34.892	6.0792	0.010287
194.62	0.16904	17.660	0.056625	0.73647	0.74604	3.9156	43.290	74.712	1238.0	-0.39520	147.80	0.15743	0.014604	0.10980	9.1076	13.510	15.050	77.410	34.714	45.010	250.86	34.766	6.0903	0.010322
194.98	0.17196	17.645	0.056674	0.76316	0.77291	4.0526	43.297	74.765	1235.2	-0.39375	147.17	0.15710	0.014548	0.11157	8.9633	13.520	15.061	77.334	34.762	45.087	250.96	34.641	6.1014	0.010358
195.34	0.17493	17.629	0.056724	0.78987	0.79979	4.1895	43.304	74.818	1232.4	-0.39228	146.55	0.15676	0.014491	0.11336	8.8218	13.529	15.073	77.257	34.810	45.164	251.06	34.516	6.1125	0.010393
195.70	0.17794	17.614	0.056774	0.81659	0.82669	4.3262	43.312	74.872	1229.6	-0.39081	145.94	0.15643	0.014435	0.11517	8.6831	13.539	15.084	77.182	34.858	45.242	251.16	34.391	6.1236	0.010429
196.05	0.18098	17.598	0.056824	0.84333	0.85361	4.4628	43.319	74.926	1226.8	-0.38933	145.32	0.15609	0.014379	0.11700	8.5471	13.549	15.096	77.107	34.907	45.321	251.26	34.266	6.1347	0.010465
196.41	0.18407	17.583	0.056874	0.87009	0.88055	4.5992	43.327	74.981	1224.0	-0.38783	144.71	0.15576	0.014323	0.11885	8.4137	13.558	15.107	77.032	34.956	45.400	251.36	34.142	6.1459	0.010501
196.77	0.18719	17.567	0.056925	0.89686	0.90752	4.7354	43.335	75.036	1221.2	-0.38633	144.10	0.15542	0.014267	0.12073	8.2829	13.568	15.119	76.957	35.005	45.479	251.45	34.018	6.1570	0.010537
197.13	0.19036	17.552	0.056975	0.92366	0.93450	4.8715	43.343	75.091	1218.5	-0.38481	143.50	0.15509	0.014211	0.12263	8.1546	13.578	15.130	76.883	35.054	45.559	251.55	33.895	6.1681	0.010573
197.49	0.19357	17.536	0.057026	0.95047	0.96151	5.0075	43.351	75.147	1215.7	-0.38328	142.90	0.15476	0.014155	0.12455	8.0287	13.587	15.141	76.809	35.104	45.640	251.64	33.771	6.1793	0.010610
197.85	0.19681	17.520	0.057077	0.97730	0.98853	5.1432	43.359	75.203	1212.9	-0.38174	142.30	0.15442	0.014099	0.12650	7.9052	13.597	15.153	76.736	35.153	45.721	251.73	33.648	6.1904	0.010646
198.20	0.20010	17.505	0.057128	1.0041	1.0156	5.2789	43.367	75.259	1210.1	-0.38019	141.71	0.15409	0.014043	0.12847	7.7841	13.606	15.164	76.663	35.203	45.803	251.82	33.525	6.2015	0.010683
198.56	0.20343	17.489	0.057179	1.0310	1.0426	5.4144	43.376	75.316	1207.3	-0.37863	141.12	0.15376	0.013987	0.13046	7.6652	13.616	15.175	76.590	35.254	45.885	251.91	33.403	6.2127	0.010719
198.92	0.20681	17.473	0.057230	1.0579	1.0697	5.5497	43.384	75.373	1204.5	-0.37706	140.53	0.15343	0.013931	0.13248	7.5486	13.626	15.187	76.518	35.304	45.968	252.00	33.281	6.2239	0.010756
199.28	0.21022	17.458	0.057282	1.0848	1.0968	5.6849	43.393	75.431	1201.7	-0.37547	139.94	0.15310	0.013875	0.13451	7.4342	13.635	15.198	76.446	35.354	46.051	252.09	33.159	6.2350	0.010793
199.64	0.21368	17.442	0.057334	1.1117	1.1240	5.8199	43.402	75.489	1198.9	-0.37388	139.36	0.15276	0.013819	0.13658	7.3219	13.645	15.209	76.374	35.405	46.134	252.17	33.037	6.2462	0.010830
199.99	0.21718	17.426	0.057385	1.1387	1.1511	5.9548	43.411	75.547	1196.1	-0.37227	138.78	0.15243	0.013763	0.13866	7.2117	13.654	15.220	76.303	35.456	46.219	252.26	32.916	6.2574	0.010867
200.35	0.22072	17.410	0.057437	1.1656	1.1783	6.0895	43.420	75.606	1193.3	-0.37065	138.20	0.15210	0.013707	0.14078	7.1035	13.664	15.232	76.232	35.507	46.303	252.34	32.795	6.2685	0.010904
200.71	0.22431	17.394	0.057490	1.1926	1.2055	6.2241	43.429	75.665	1190.5	-0.36902	137.63	0.15177	0.013651	0.14291	6.9973	13.673	15.243	76.162	35.559	46.389	252.42	32.674	6.2797	0.010942
201.07	0.22794	17.379	0.057542	1.2196	1.2327	6.3586	43.439	75.724	1187.7	-0.36738	137.06	0.15144	0.013595	0.14507	6.8931	13.683	15.254	76.092	35.610	46.474	252.50	32.554	6.2909	0.010979
201.43	0.23162	17.363	0.057595	1.2466	1.2600	6.4929	43.448	75.784	1184.9	-0.36572	136.49	0.15111	0.013540	0.14726	6.7908	13.692	15.265	76.022	35.662	46.561	252.58	32.434	6.3021	0.011017
201.79	0.23534	17.347	0.057647	1.2737	1.2872	6.6271	43.458	75.844	1182.1	-0.36406	135.93	0.15078	0.013484	0.14947	6.6904	13.702	15.276	75.952	35.714	46.647	252.65	32.315	6.3133	0.011055
202.14	0.23911	17.331	0.057700	1.3007	1.3145	6.7611	43.468	75.905	1179.2	-0.36238	135.37	0.15045	0.013428	0.15170	6.5918	13.711	15.287	75.883	35.765	46.735	252.73	32.195	6.3246	0.011093
202.50	0.24292	17.315	0.057753	1.3278	1.3418	6.8950	43.478	75.966	1176.4	-0.36068	134.81	0.15012	0.013373	0.15396	6.4950	13.720	15.298	75.814	35.818	46.822	252.80	32.077	6.3358	0.011131
202.86	0.24678	17.299	0.057806	1.3549	1.3692	7.0287	43.488	76.028	1173.6	-0.35898	134.25	0.14979	0.013317	0.15625	6.4000	13.730	15.309	75.746	35.870	46.911	252.88	31.958	6.3470	0.011169
203.22	0.25069	17.283	0.057860	1.3820	1.3965	7.1624	43.498	76.090	1170.8	-0.35726	133.70	0.14946	0.013261	0.15856	6.3066	13.739	15.320	75.678	35.922	46.999	252.95	31.840	6.3583	0.011207
203.58	0.25464	17.267	0.057914	1.4091	1.4239	7.2958	43.508	76.152	1168.0	-0.35553	133.14	0.14913	0.013206	0.16090	6.2150	13.749	15.331	75.610	35.975	47.089	253.02	31.723	6.3695	0.011245
203.94	0.25864	17.251	0.057967	1.4363	1.4513	7.4292	43.519	76.215	1165.2	-0.35379	132.60	0.14881	0.013150	0.16327	6.1249	13.758	15.342	75.542	36.028	47.178	253.08	31.605	6.3808	0.011284
204.29	0.26268	17.235	0.058021	1.4635	1.4787	7.5624	43.529	76.278	1162.4	-0.35203	132.05	0.14848	0.013095	0.16566	6.0365	13.767	15.353	75.475	36.080	47.268	253.15	31.488	6.3920	0.011322
204.65	0.26678	17.219	0.058075	1.4907	1.5062	7.6955	43.540	76.342	1159.5	-0.35026	131.51	0.14815	0.013039	0.16808	5.9497	13.777	15.364	75.408	36.133	47.359	253.22	31.372	6.4033	0.011361
205.01	0.27092	17.203	0.058130	1.5179	1.5336	7.8284	43.551	76.406	1156.7	-0.34848	130.97	0.14783	0.012984	0.17052	5.8644	13.786	15.375	75.342	36.186	47.450	253.28	31.256	6.4146	0.011400
205.37	0.27511	17.187	0.058184	1.5451	1.5611	7.9612	43.562	76.470	1153.9	-0.34668	130.43	0.14750	0.012928	0.17299	5.7806	13.795	15.385	75.276	36.240	47.542	253.34	31.140	6.4259	0.011439
205.73	0.27935	17.171	0.058239	1.5724	1.5886	8.0939	43.573	76.535	1151.1	-0.34487	129.89	0.14718	0.012873	0.17549	5.6982	13.804	15.396	75.210	36.293	47.634	253.40	31.025	6.4372	0.011478
206.08	0.28363	17.154	0.058294	1.5997	1.6162	8.2265	43.584	76.600	1148.2	-0.34305	129.36	0.14685	0.012817	0.17802	5.6174	13.814	15.407	75.144	36.347	47.727	253.46	30.910	6.4485	0.011517
206.44	0.28797	17.138	0.058349	1.6270	1.6438	8.3589	43.596	76.666	1145.4	-0.34121	128.83	0.14653	0.012762	0.18057	5.5379	13.823	15.418	75.079	36.400	47.820	253.52	30.796	6.4598	0.011557
206.80	0.29236	17.122	0.058404	1.6543	1.6714	8.4912	43.607	76.733	1142.6	-0.33936	128.30	0.14620	0.012706	0.18316	5.4598	13.832	15.428	75.014	36.454	47.914	253.58	30.682	6.4711	0.011596
207.16	0.29680	17.106	0.058460	1.6816	1.6990	8.6234	43.619	76.799	1139.8	-0.33750	127.78	0.14588	0.012651	0.18577	5.3831	13.841	15.439	74.949	36.508	48.008	253.63	30.569	6.4825	0.011636
207.52	0.30128	17.089	0.058516	1.7090	1.7266	8.7554	43.631	76.867	1136.9	-0.33562	127.25	0.14555	0.012596	0.18841	5.3077	13.851	15.450	74.885	36.561	48.102	253.69	30.456	6.4938	0.011675
207.88	0.30582	17.073	0.058571	1.7364	1.7543	8.8873	43.643	76.934	1134.1	-0.33372	126.73	0.14523	0.012541	0.19107	5.2336	13.860	15.460	74.821	36.615	48.197	253.74	30.343	6.5052	0.011715
208.23	0.31041	17.057	0.058628	1.7638	1.7820	9.0192	43.655	77.002	1131.3	-0.33182	126.22	0.14490	0.012485	0.19377	5.1607	13.869	15.471	74.757	36.670	48.293	253.79	30.231	6.5166	0.011755
208.59	0.31506	17.040	0.058684	1.7912	1.8097	9.1508	43.667	77.071	1128.4	-0.32989	125.70	0.14458	0.012430	0.19650	5.0891	13.878	15.481	74.693	36.724	48.389	253.84	30.120	6.5279	0.011796
208.95	0.31975	17.024	0.058740	1.8186	1.8374	9.2824	43.679	77.140	1125.6	-0.32796	125.19	0.14426	0.012375	0.19925	5.0188	13.887	15.492	74.630	36.778	48.485	253.89	30.009	6.5393	0.011836
209.31	0.32450	17.008	0.058797	1.8461	1.8652	9.4138	43.692	77.210	1122.7	-0.32600	124.68	0.14393	0.012320	0.20204	4.9496	13.896	15.502	74.567	36.832	48.583	253.94	29.898	6.5507	0.011876
209.67	0.32929	16.991	0.058854	1.8736	1.8930	9.5452	43.705	77.280	1119.9	-0.32404	124.17	0.14361	0.012265	0.20485	4.8816	13.905	15.513	74.504	36.887	48.680	253.98	29.788	6.5621	0.011917
210.03	0.33415	16.975	0.058911	1.9011	1.9208	9.6764	43.717	77.350	1117.1	-0.32206	123.66	0.14329	0.012210	0.20769	4.8148	13.914	15.523	74.442	36.941	48.778	254.03	29.679	6.5736	0.011958
210.38	0.33905	16.958	0.058968	1.9287	1.9487	9.8075	43.730	77.421	1114.2	-0.32006	123.16	0.14297	0.012155	0.21057	4.7490	13.923	15.534	74.380	36.996	48.877	254.07	29.570	6.5850	0.011998
210.74	0.34401	16.942	0.059026	1.9562	1.9765	9.9385	43.743	77.493	1111.4	-0.31804	122.66	0.14264	0.012100	0.21347	4.6844	13.933	15.544	74.318	37.051	48.976	254.11	29.461	6.5964	0.012039
211.10	0.34903	16.925	0.059083	1.9838	2.0044	10.069	43.757	77.565	1108.5	-0.31602	122.16	0.14232	0.012045	0.21641	4.6209	13.942	15.554	74.256	37.105	49.075	254.15	29.354	6.6079	0.012081
211.46	0.35409	16.909	0.059141	2.0114	2.0324	10.200	43.770	77.637	1105.7	-0.31397	121.66	0.14200	0.011990	0.21938	4.5584	13.951	15.565	74.195	37.160	49.175	254.19	29.246	6.6194	0.012122
211.82	0.35922	16.892	0.059200	2.0390	2.0603	10.331	43.784	77.710	1102.8	-0.31191	121.17	0.14168	0.011935	0.22237	4.4969	13.960	15.575	74.134	37.215	49.276	254.22	29.139	6.6309	0.012163
212.18	0.36440	16.875	0.059258	2.0667	2.0883	10.461	43.797	77.784	1100.0	-0.30983	120.67	0.14136	0.011880	0.22540	4.4365	13.969	15.585	74.073	37.270	49.377	254.26	29.033	6.6424	0.012205
212.53	0.36963	16.859	0.059317	2.0944	2.1163	10.592	43.811	77.858	1097.1	-0.30774	120.18	0.14104	0.011825	0.22846	4.3771	13.977	15.595	74.013	37.325	49.478	254.29	28.927	6.6539	0.012247
212.89	0.37492	16.842	0.059375	2.1221	2.1443	10.722	43.825	77.933	1094.3	-0.30563	119.69	0.14072	0.011770	0.23156	4.3186	13.986	15.606	73.952	37.380	49.580	254.32	28.822	6.6654	0.012288
213.25	0.38027	16.825	0.059434	2.1498	2.1724	10.852	43.839	78.008	1091.4	-0.30350	119.21	0.14040	0.011716	0.23468	4.2611	13.995	15.616	73.892	37.436	49.683	254.35	28.717	6.6769	0.012331
213.61	0.38567	16.809	0.059494	2.1775	2.2005	10.982	43.853	78.083	1088.6	-0.30136	118.72	0.14008	0.011661	0.23784	4.2046	14.004	15.626	73.833	37.491	49.786	254.38	28.613	6.6885	0.012373
213.97	0.39113	16.792	0.059553	2.2053	2.2286	11.112	43.868	78.160	1085.7	-0.29920	118.24	0.13976	0.011606	0.24103	4.1489	14.013	15.636	73.773	37.546	49.889	254.41	28.510	6.7001	0.012415
214.32	0.39665	16.775	0.059613	2.2331	2.2567	11.242	43.882	78.236	1082.9	-0.29703	117.76	0.13944	0.011551	0.24425	4.0942	14.022	15.646	73.714	37.601	49.994	254.44	28.407	6.7117	0.012458
214.68	0.40223	16.758	0.059673	2.2609	2.2849	11.372	43.897	78.314	1080.0	-0.29483	117.29	0.13912	0.011497	0.24750	4.0403	14.031	15.656	73.655	37.657	50.098	254.46	28.304	6.7233	0.012500
215.04	0.40786	16.741	0.059733	2.2887	2.3131	11.502	43.912	78.392	1077.1	-0.29262	116.81	0.13880	0.011442	0.25079	3.9873	14.040	15.666	73.596	37.712	50.204	254.48	28.202	6.7349	0.012543
215.40	0.41355	16.724	0.059793	2.3166	2.3413	11.631	43.926	78.470	1074.3	-0.29039	116.34	0.13849	0.011388	0.25412	3.9352	14.048	15.676	73.537	37.768	50.309	254.51	28.101	6.7465	0.012586
215.76	0.41931	16.707	0.059854	2.3445	2.3696	11.761	43.942	78.549	1071.4	-0.28814	115.87	0.13817	0.011333	0.25747	3.8839	14.057	15.686	73.479	37.823	50.416	254.53	28.000	6.7581	0.012629
216.12	0.42512	16.690	0.059915	2.3724	2.3979	11.890	43.957	78.629	1068.5	-0.28588	115.40	0.13785	0.011279	0.26086	3.8334	14.066	15.696	73.421	37.879	50.522	254.54	27.900	6.7698	0.012672
216.47	0.43099	16.673	0.059976	2.4003	2.4262	12.019	43.972	78.709	1065.7	-0.28359	114.93	0.13753	0.011224	0.26429	3.7837	14.075	15.706	73.363	37.935	50.630	254.56	27.801	6.7815	0.012716
216.83	0.43692	16.656	0.060037	2.4283	2.4545	12.149	43.988	78.789	1062.8	-0.28129	114.46	0.13722	0.011170	0.26775	3.7349	14.084	15.715	73.306	37.991	50.738	254.58	27.702	6.7932	0.012759
217.19	0.44291	16.639	0.060099	2.4563	2.4829	12.278	44.003	78.871	1059.9	-0.27897	114.00	0.13690	0.011115	0.27124	3.6867	14.092	15.725	73.248	38.046	50.846	254.59	27.604	6.8049	0.012803
217.55	0.44897	16.622	0.060160	2.4843	2.5113	12.407	44.019	78.953	1057.0	-0.27663	113.54	0.13658	0.011061	0.27477	3.6394	14.101	15.735	73.191	38.102	50.956	254.60	27.506	6.8166	0.012847
217.91	0.45508	16.605	0.060222	2.5123	2.5397	12.536	44.035	79.035	1054.2	-0.27427	113.08	0.13627	0.011006	0.27834	3.5928	14.110	15.745	73.134	38.158	51.065	254.61	27.409	6.8283	0.012891
218.27	0.46126	16.588	0.060285	2.5404	2.5682	12.664	44.051	79.118	1051.3	-0.27190	112.62	0.13595	0.010952	0.28194	3.5469	14.118	15.754	73.077	38.214	51.176	254.62	27.312	6.8401	0.012935
218.62	0.46750	16.571	0.060347	2.5685	2.5967	12.793	44.067	79.202	1048.4	-0.26950	112.17	0.13564	0.010898	0.28558	3.5017	14.127	15.764	73.021	38.270	51.287	254.63	27.216	6.8519	0.012980
218.98	0.47380	16.554	0.060410	2.5966	2.6252	12.922	44.084	79.286	1045.5	-0.26708	111.71	0.13532	0.010844	0.28925	3.4572	14.136	15.774	72.964	38.326	51.398	254.64	27.121	6.8637	0.013024
219.34	0.48016	16.536	0.060473	2.6247	2.6538	13.050	44.100	79.371	1042.6	-0.26464	111.26	0.13501	0.010789	0.29296	3.4134	14.144	15.783	72.908	38.382	51.510	254.64	27.026	6.8755	0.013069
219.70	0.48659	16.519	0.060536	2.6529	2.6824	13.179	44.117	79.457	1039.8	-0.26219	110.81	0.13469	0.010735	0.29671	3.3703	14.153	15.793	72.852	38.438	51.623	254.65	26.932	6.8873	0.013114
220.06	0.49308	16.502	0.060600	2.6811	2.7110	13.307	44.134	79.543	1036.9	-0.25971	110.36	0.13438	0.010681	0.30049	3.3279	14.161	15.802	72.797	38.494	51.736	254.65	26.839	6.8992	0.013159
220.42	0.49964	16.484	0.060664	2.7093	2.7396	13.435	44.151	79.630	1034.0	-0.25721	109.92	0.13406	0.010627	0.30431	3.2861	14.170	15.812	72.741	38.551	51.850	254.65	26.746	6.9111	0.013204
220.77	0.50626	16.467	0.060728	2.7376	2.7683	13.563	44.168	79.718	1031.1	-0.25469	109.47	0.13375	0.010573	0.30817	3.2449	14.178	15.821	72.686	38.607	51.965	254.65	26.653	6.9230	0.013250
221.13	0.51294	16.449	0.060792	2.7658	2.7970	13.692	44.185	79.806	1028.2	-0.25215	109.03	0.13343	0.010519	0.31207	3.2044	14.187	15.830	72.631	38.663	52.080	254.64	26.562	6.9349	0.013295
221.49	0.51969	16.432	0.060857	2.7941	2.8258	13.820	44.203	79.895	1025.3	-0.24959	108.59	0.13312	0.010465	0.31601	3.1645	14.195	15.840	72.576	38.720	52.196	254.64	26.471	6.9468	0.013341
221.85	0.52651	16.414	0.060922	2.8225	2.8545	13.948	44.220	79.984	1022.4	-0.24701	108.15	0.13281	0.010411	0.31998	3.1252	14.204	15.849	72.521	38.776	52.313	254.63	26.380	6.9588	0.013387
222.21	0.53339	16.397	0.060987	2.8508	2.8833	14.075	44.238	80.075	1019.5	-0.24441	107.71	0.13250	0.010357	0.32399	3.0865	14.212	15.858	72.467	38.833	52.430	254.62	26.290	6.9708	0.013433
222.56	0.54033	16.379	0.061052	2.8792	2.9122	14.203	44.256	80.165	1016.6	-0.24178	107.28	0.13218	0.010303	0.32805	3.0483	14.220	15.868	72.413	38.889	52.549	254.61	26.201	6.9828	0.013479
222.92	0.54735	16.362	0.061118	2.9076	2.9410	14.331	44.274	80.257	1013.7	-0.23913	106.84	0.13187	0.010250	0.33214	3.0108	14.229	15.877	72.358	38.946	52.667	254.60	26.112	6.9948	0.013526
223.28	0.55443	16.344	0.061184	2.9360	2.9700	14.458	44.292	80.349	1010.8	-0.23646	106.41	0.13156	0.010196	0.33627	2.9738	14.237	15.886	72.305	39.002	52.787	254.59	26.024	7.0069	0.013573
223.64	0.56158	16.326	0.061250	2.9645	2.9989	14.586	44.310	80.442	1007.9	-0.23377	105.98	0.13125	0.010142	0.34044	2.9373	14.245	15.895	72.251	39.059	52.907	254.58	25.937	7.0189	0.013619
224.00	0.56880	16.309	0.061317	2.9930	3.0279	14.713	44.329	80.536	1005.0	-0.23105	105.55	0.13094	0.010088	0.34466	2.9014	14.254	15.904	72.197	39.116	53.028	254.56	25.850	7.0310	0.013666
224.36	0.57608	16.291	0.061384	3.0215	3.0569	14.841	44.347	80.631	1002.1	-0.22831	105.13	0.13063	0.010035	0.34891	2.8661	14.262	15.913	72.144	39.173	53.150	254.54	25.764	7.0431	0.013714
224.71	0.58344	16.273	0.061451	3.0500	3.0859	14.968	44.366	80.726	999.21	-0.22555	104.70	0.13031	0.0099810	0.35321	2.8312	14.270	15.922	72.091	39.230	53.272	254.52	25.678	7.0553	0.013761
225.07	0.59086	16.255	0.061518	3.0786	3.1150	15.095	44.385	80.822	996.30	-0.22276	104.28	0.13000	0.0099274	0.35754	2.7969	14.279	15.931	72.038	39.287	53.395	254.50	25.593	7.0675	0.013809
225.43	0.59835	16.238	0.061586	3.1072	3.1441	15.223	44.404	80.918	993.39	-0.21995	103.86	0.12969	0.0098739	0.36192	2.7630	14.287	15.940	71.985	39.344	53.519	254.48	25.509	7.0797	0.013857
225.79	0.60591	16.220	0.061654	3.1359	3.1732	15.350	44.423	81.016	990.48	-0.21712	103.44	0.12938	0.0098204	0.36634	2.7297	14.295	15.949	71.932	39.401	53.644	254.46	25.425	7.0919	0.013905
226.15	0.61355	16.202	0.061722	3.1645	3.2024	15.477	44.443	81.114	987.56	-0.21425	103.02	0.12907	0.0097669	0.37080	2.6969	14.303	15.958	71.879	39.458	53.770	254.43	25.342	7.1041	0.013953
226.51	0.62125	16.184	0.061791	3.1932	3.2316	15.604	44.462	81.213	984.65	-0.21137	102.60	0.12877	0.0097135	0.37531	2.6645	14.311	15.967	71.827	39.515	53.896	254.40	25.259	7.1164	0.014001
226.86	0.62903	16.166	0.061860	3.2219	3.2609	15.731	44.482	81.313	981.73	-0.20846	102.19	0.12846	0.0096601	0.37986	2.6326	14.319	15.975	71.775	39.572	54.023	254.38	25.177	7.1287	0.014050
227.22	0.63687	16.148	0.061929	3.2507	3.2901	15.857	44.502	81.413	978.81	-0.20552	101.77	0.12815	0.0096067	0.38445	2.6011	14.327	15.984	71.723	39.630	54.152	254.35	25.096	7.1410	0.014099
227.58	0.64479	16.130	0.061998	3.2795	3.3194	15.984	44.522	81.515	975.88	-0.20256	101.36	0.12784	0.0095534	0.38909	2.5701	14.335	15.993	71.671	39.687	54.281	254.31	25.015	7.1534	0.014148
227.94	0.65278	16.111	0.062068	3.3083	3.3488	16.111	44.542	81.617	972.96	-0.19957	100.95	0.12753	0.0095001	0.39377	2.5396	14.343	16.001	71.619	39.745	54.410	254.28	24.935	7.1658	0.014197
228.30	0.66084	16.093	0.062138	3.3371	3.3782	16.237	44.562	81.720	970.03	-0.19656	100.54	0.12722	0.0094469	0.39849	2.5095	14.351	16.010	71.567	39.802	54.541	254.24	24.855	7.1782	0.014247
228.66	0.66898	16.075	0.062209	3.3660	3.4076	16.364	44.582	81.824	967.10	-0.19351	100.13	0.12692	0.0093937	0.40326	2.4798	14.359	16.018	71.516	39.860	54.673	254.21	24.776	7.1906	0.014296
229.01	0.67719	16.057	0.062279	3.3949	3.4371	16.491	44.603	81.929	964.17	-0.19044	99.726	0.12661	0.0093406	0.40807	2.4505	14.367	16.027	71.465	39.918	54.805	254.17	24.698	7.2031	0.014346
229.37	0.68547	16.038	0.062350	3.4238	3.4666	16.617	44.624	82.034	961.24	-0.18735	99.322	0.12630	0.0092875	0.41294	2.4217	14.375	16.035	71.413	39.975	54.939	254.13	24.620	7.2156	0.014396
229.73	0.69383	16.020	0.062422	3.4528	3.4961	16.743	44.645	82.141	958.31	-0.18422	98.919	0.12599	0.0092344	0.41784	2.3933	14.383	16.044	71.362	40.033	55.073	254.09	24.543	7.2282	0.014447
230.09	0.70226	16.002	0.062494	3.4818	3.5257	16.870	44.666	82.248	955.37	-0.18107	98.518	0.12569	0.0091814	0.42279	2.3652	14.391	16.052	71.312	40.091	55.209	254.04	24.466	7.2407	0.014497
230.45	0.71077	15.983	0.062566	3.5108	3.5553	16.996	44.687	82.356	952.43	-0.17789	98.118	0.12538	0.0091284	0.42779	2.3376	14.399	16.060	71.261	40.149	55.345	254.00	24.390	7.2533	0.014548
230.80	0.71935	15.965	0.062638	3.5399	3.5849	17.122	44.709	82.465	949.49	-0.17468	97.720	0.12508	0.0090755	0.43284	2.3103	14.407	16.069	71.210	40.208	55.483	253.95	24.315	7.2660	0.014599
231.16	0.72801	15.946	0.062711	3.5690	3.6146	17.248	44.730	82.575	946.55	-0.17144	97.323	0.12477	0.0090226	0.43794	2.2834	14.415	16.077	71.160	40.266	55.621	253.90	24.240	7.2786	0.014650
231.52	0.73675	15.928	0.062784	3.5981	3.6444	17.375	44.752	82.686	943.60	-0.16817	96.927	0.12447	0.0089698	0.44308	2.2569	14.422	16.085	71.109	40.324	55.761	253.85	24.165	7.2913	0.014702
231.88	0.74556	15.909	0.062857	3.6273	3.6741	17.501	44.774	82.798	940.66	-0.16487	96.533	0.12416	0.0089170	0.44827	2.2308	14.430	16.093	71.059	40.383	55.901	253.80	24.091	7.3041	0.014753
232.24	0.75445	15.890	0.062931	3.6564	3.7039	17.627	44.796	82.911	937.71	-0.16154	96.141	0.12386	0.0088642	0.45351	2.2050	14.438	16.101	71.009	40.441	56.043	253.74	24.018	7.3169	0.014805
232.60	0.76342	15.872	0.063005	3.6857	3.7338	17.753	44.818	83.024	934.76	-0.15817	95.750	0.12355	0.0088115	0.45880	2.1796	14.445	16.109	70.959	40.500	56.186	253.69	23.945	7.3297	0.014857
232.95	0.77246	15.853	0.063080	3.7149	3.7637	17.879	44.840	83.139	931.80	-0.15478	95.360	0.12325	0.0087589	0.46413	2.1545	14.453	16.117	70.909	40.559	56.330	253.63	23.873	7.3425	0.014910
233.31	0.78158	15.834	0.063154	3.7442	3.7936	18.004	44.863	83.255	928.85	-0.15136	94.972	0.12294	0.0087063	0.46952	2.1298	14.461	16.125	70.859	40.618	56.475	253.57	23.802	7.3554	0.014962
233.67	0.79079	15.815	0.063230	3.7735	3.8235	18.130	44.886	83.371	925.89	-0.14790	94.585	0.12264	0.0086537	0.47496	2.1054	14.468	16.133	70.810	40.677	56.621	253.51	23.731	7.3683	0.015015
234.03	0.80007	15.796	0.063305	3.8029	3.8535	18.256	44.908	83.489	922.93	-0.14441	94.199	0.12234	0.0086012	0.48045	2.0814	14.476	16.141	70.760	40.736	56.768	253.45	23.660	7.3813	0.015068
234.39	0.80943	15.778	0.063381	3.8323	3.8836	18.382	44.931	83.608	919.97	-0.14089	93.815	0.12203	0.0085487	0.48599	2.0577	14.483	16.149	70.711	40.795	56.917	253.38	23.590	7.3943	0.015122
234.75	0.81887	15.759	0.063457	3.8617	3.9137	18.507	44.955	83.727	917.00	-0.13733	93.432	0.12173	0.0084962	0.49158	2.0342	14.491	16.157	70.661	40.854	57.067	253.32	23.521	7.4073	0.015176
235.10	0.82839	15.740	0.063534	3.8912	3.9438	18.633	44.978	83.848	914.04	-0.13374	93.051	0.12143	0.0084439	0.49723	2.0112	14.498	16.164	70.612	40.914	57.218	253.25	23.452	7.4204	0.015229
235.46	0.83799	15.721	0.063611	3.9207	3.9740	18.759	45.002	83.970	911.07	-0.13012	92.671	0.12113	0.0083915	0.50292	1.9884	14.506	16.172	70.563	40.974	57.370	253.18	23.384	7.4335	0.015284
235.82	0.84767	15.701	0.063689	3.9502	4.0042	18.884	45.025	84.093	908.10	-0.12646	92.292	0.12082	0.0083392	0.50867	1.9659	14.513	16.179	70.514	41.033	57.524	253.11	23.316	7.4467	0.015338
236.18	0.85744	15.682	0.063766	3.9797	4.0344	19.010	45.049	84.217	905.12	-0.12276	91.915	0.12052	0.0082870	0.51448	1.9437	14.520	16.187	70.465	41.093	57.678	253.04	23.249	7.4599	0.015393
236.54	0.86729	15.663	0.063845	4.0093	4.0647	19.135	45.073	84.342	902.15	-0.11903	91.539	0.12022	0.0082348	0.52033	1.9218	14.528	16.194	70.416	41.153	57.835	252.96	23.182	7.4731	0.015448
236.89	0.87721	15.644	0.063923	4.0390	4.0950	19.261	45.097	84.468	899.17	-0.11526	91.164	0.11992	0.0081826	0.52624	1.9003	14.535	16.202	70.367	41.214	57.992	252.88	23.116	7.4864	0.015503
237.25	0.88723	15.624	0.064002	4.0686	4.1254	19.386	45.122	84.596	896.19	-0.11146	90.790	0.11962	0.0081305	0.53221	1.8790	14.542	16.209	70.319	41.274	58.151	252.81	23.050	7.4997	0.015558
237.61	0.89732	15.605	0.064082	4.0984	4.1559	19.512	45.146	84.724	893.20	-0.10762	90.418	0.11932	0.0080785	0.53823	1.8579	14.549	16.217	70.270	41.334	58.312	252.73	22.985	7.5131	0.015614
237.97	0.90750	15.586	0.064161	4.1281	4.1863	19.637	45.171	84.854	890.22	-0.10374	90.047	0.11902	0.0080265	0.54431	1.8372	14.557	16.224	70.222	41.395	58.473	252.64	22.920	7.5266	0.015670
238.33	0.91776	15.566	0.064242	4.1579	4.2168	19.762	45.196	84.985	887.23	-0.099822	89.677	0.11872	0.0079745	0.55044	1.8167	14.564	16.231	70.173	41.456	58.637	252.56	22.856	7.5400	0.015726
238.69	0.92811	15.547	0.064322	4.1877	4.2474	19.888	45.221	85.117	884.24	-0.095866	89.309	0.11842	0.0079226	0.55663	1.7965	14.571	16.238	70.125	41.517	58.801	252.47	22.792	7.5536	0.015783
239.04	0.93854	15.527	0.064403	4.2175	4.2780	20.013	45.246	85.250	881.25	-0.091869	88.942	0.11812	0.0078708	0.56288	1.7766	14.578	16.245	70.077	41.578	58.968	252.39	22.729	7.5671	0.015840
239.40	0.94906	15.508	0.064485	4.2474	4.3086	20.138	45.272	85.385	878.25	-0.087833	88.576	0.11782	0.0078190	0.56919	1.7569	14.585	16.252	70.029	41.639	59.135	252.30	22.667	7.5807	0.015897
239.76	0.95967	15.488	0.064567	4.2774	4.3393	20.264	45.297	85.520	875.25	-0.083756	88.211	0.11752	0.0077672	0.57555	1.7375	14.592	16.259	69.980	41.701	59.305	252.21	22.604	7.5944	0.015955
240.12	0.97036	15.468	0.064649	4.3073	4.3701	20.389	45.323	85.657	872.25	-0.079637	87.847	0.11722	0.0077155	0.58197	1.7183	14.599	16.266	69.932	41.762	59.476	252.11	22.543	7.6081	0.016012
240.48	0.98113	15.448	0.064732	4.3373	4.4008	20.514	45.349	85.796	869.25	-0.075477	87.485	0.11692	0.0076639	0.58845	1.6994	14.606	16.273	69.884	41.824	59.648	252.02	22.482	7.6219	0.016070
240.84	0.99200	15.428	0.064815	4.3674	4.4317	20.639	45.375	85.935	866.24	-0.071274	87.124	0.11662	0.0076123	0.59500	1.6807	14.613	16.280	69.837	41.886	59.823	251.92	22.421	7.6357	0.016129
241.19	1.0029	15.409	0.064899	4.3975	4.4626	20.764	45.401	86.076	863.23	-0.067028	86.764	0.11633	0.0075607	0.60160	1.6622	14.620	16.287	69.789	41.948	59.999	251.82	22.361	7.6496	0.016187
241.55	1.0140	15.389	0.064983	4.4276	4.4935	20.890	45.428	86.219	860.22	-0.062738	86.405	0.11603	0.0075092	0.60826	1.6440	14.627	16.294	69.741	42.011	60.176	251.72	22.301	7.6636	0.016247
241.91	1.0251	15.369	0.065068	4.4577	4.5245	21.015	45.455	86.362	857.21	-0.058403	86.047	0.11573	0.0074578	0.61499	1.6260	14.633	16.300	69.693	42.073	60.356	251.62	22.241	7.6776	0.016306
242.27	1.0363	15.349	0.065153	4.4880	4.5555	21.140	45.481	86.507	854.19	-0.054024	85.691	0.11543	0.0074064	0.62177	1.6083	14.640	16.307	69.645	42.136	60.537	251.51	22.183	7.6916	0.016365
242.63	1.0476	15.328	0.065238	4.5182	4.5865	21.265	45.508	86.654	851.17	-0.049598	85.336	0.11514	0.0073551	0.62862	1.5908	14.647	16.313	69.598	42.199	60.720	251.41	22.124	7.7057	0.016425
242.99	1.0590	15.308	0.065324	4.5485	4.6177	21.390	45.536	86.802	848.15	-0.045126	84.981	0.11484	0.0073038	0.63554	1.5735	14.654	16.320	69.550	42.262	60.905	251.30	22.066	7.7199	0.016486
243.34	1.0705	15.288	0.065411	4.5788	4.6488	21.515	45.563	86.951	845.12	-0.040607	84.628	0.11454	0.0072526	0.64251	1.5564	14.660	16.326	69.503	42.326	61.092	251.19	22.009	7.7341	0.016546
243.70	1.0821	15.268	0.065498	4.6092	4.6800	21.640	45.591	87.102	842.09	-0.036040	84.276	0.11425	0.0072014	0.64956	1.5395	14.667	16.333	69.455	42.389	61.280	251.08	21.952	7.7484	0.016607
244.06	1.0938	15.247	0.065585	4.6396	4.7113	21.765	45.619	87.254	839.06	-0.031424	83.925	0.11395	0.0071503	0.65666	1.5229	14.673	16.339	69.408	42.453	61.471	250.96	21.895	7.7627	0.016669
244.42	1.1055	15.227	0.065673	4.6700	4.7426	21.890	45.647	87.408	836.02	-0.026759	83.576	0.11366	0.0070992	0.66383	1.5064	14.680	16.345	69.360	42.517	61.664	250.85	21.839	7.7771	0.016730
244.78	1.1174	15.206	0.065761	4.7005	4.7740	22.015	45.675	87.564	832.99	-0.022043	83.227	0.11336	0.0070482	0.67107	1.4902	14.686	16.351	69.313	42.582	61.858	250.73	21.783	7.7916	0.016792
245.13	1.1293	15.186	0.065850	4.7310	4.8054	22.140	45.703	87.721	829.95	-0.017276	82.879	0.11307	0.0069973	0.67838	1.4741	14.693	16.357	69.266	42.646	62.055	250.61	21.728	7.8062	0.016855
245.49	1.1413	15.165	0.065940	4.7616	4.8369	22.265	45.732	87.880	826.90	-0.012458	82.533	0.11277	0.0069464	0.68575	1.4583	14.699	16.363	69.218	42.711	62.254	250.49	21.673	7.8208	0.016918
245.85	1.1535	15.145	0.066030	4.7922	4.8684	22.391	45.760	88.040	823.85	-0.0075865	82.187	0.11248	0.0068955	0.69319	1.4426	14.705	16.369	69.171	42.776	62.455	250.36	21.618	7.8354	0.016981
246.21	1.1657	15.124	0.066120	4.8229	4.9000	22.516	45.789	88.202	820.80	-0.0026618	81.843	0.11218	0.0068448	0.70070	1.4271	14.712	16.375	69.124	42.841	62.658	250.24	21.564	7.8502	0.017044
246.57	1.1780	15.103	0.066211	4.8536	4.9316	22.641	45.819	88.365	817.75	0.0023174	81.500	0.11189	0.0067940	0.70828	1.4119	14.718	16.381	69.076	42.907	62.864	250.11	21.511	7.8650	0.017108
246.93	1.1904	15.082	0.066303	4.8844	4.9633	22.766	45.848	88.531	814.69	0.0073518	81.157	0.11159	0.0067434	0.71593	1.3968	14.724	16.387	69.029	42.973	63.072	249.98	21.457	7.8799	0.017172
247.28	1.2029	15.061	0.066395	4.9152	4.9950	22.891	45.878	88.698	811.63	0.012442	80.816	0.11130	0.0066928	0.72365	1.3819	14.730	16.393	68.982	43.039	63.282	249.85	21.405	7.8948	0.017237
247.64	1.2155	15.040	0.066488	4.9460	5.0268	23.016	45.907	88.867	808.57	0.017590	80.476	0.11101	0.0066422	0.73145	1.3672	14.736	16.398	68.935	43.105	63.494	249.72	21.352	7.9099	0.017302
248.00	1.2282	15.019	0.066581	4.9769	5.0587	23.141	45.937	89.037	805.50	0.022796	80.137	0.11071	0.0065918	0.73931	1.3526	14.743	16.404	68.888	43.172	63.709	249.58	21.300	7.9250	0.017368
248.36	1.2410	14.998	0.066675	5.0078	5.0906	23.266	45.968	89.210	802.43	0.028060	79.798	0.11042	0.0065413	0.74725	1.3382	14.749	16.409	68.840	43.238	63.927	249.44	21.248	7.9401	0.017433
248.72	1.2539	14.977	0.066769	5.0388	5.1225	23.391	45.998	89.384	799.36	0.033385	79.461	0.11013	0.0064910	0.75526	1.3240	14.755	16.415	68.793	43.306	64.147	249.30	21.197	7.9554	0.017500
249.08	1.2669	14.956	0.066864	5.0698	5.1545	23.516	46.029	89.560	796.28	0.038771	79.125	0.10984	0.0064407	0.76335	1.3100	14.760	16.420	68.746	43.373	64.369	249.16	21.146	7.9707	0.017566
249.43	1.2800	14.934	0.066960	5.1009	5.1866	23.641	46.059	89.739	793.20	0.044218	78.789	0.10954	0.0063904	0.77151	1.2962	14.766	16.425	68.699	43.441	64.594	249.02	21.096	7.9861	0.017633
249.79	1.2932	14.913	0.067056	5.1320	5.2187	23.767	46.090	89.919	790.12	0.049729	78.455	0.10925	0.0063402	0.77975	1.2825	14.772	16.431	68.652	43.509	64.822	248.87	21.046	8.0016	0.017701
250.15	1.3064	14.892	0.067152	5.1632	5.2509	23.892	46.122	90.101	787.03	0.055303	78.122	0.10896	0.0062901	0.78806	1.2689	14.778	16.436	68.604	43.577	65.053	248.72	20.996	8.0172	0.017769
250.51	1.3198	14.870	0.067250	5.1944	5.2831	24.017	46.153	90.285	783.94	0.060943	77.789	0.10867	0.0062401	0.79645	1.2556	14.784	16.441	68.557	43.645	65.286	248.57	20.946	8.0329	0.017837
250.87	1.3333	14.848	0.067348	5.2257	5.3155	24.142	46.185	90.471	780.84	0.066649	77.458	0.10838	0.0061901	0.80492	1.2424	14.789	16.446	68.510	43.714	65.522	248.42	20.897	8.0486	0.017906
251.23	1.3469	14.827	0.067446	5.2570	5.3478	24.267	46.217	90.660	777.74	0.072423	77.127	0.10809	0.0061401	0.81347	1.2293	14.795	16.451	68.463	43.783	65.761	248.27	20.849	8.0645	0.017975
251.58	1.3605	14.805	0.067545	5.2883	5.3802	24.393	46.249	90.850	774.64	0.078265	76.797	0.10779	0.0060903	0.82210	1.2164	14.801	16.456	68.415	43.853	66.003	248.11	20.800	8.0804	0.018045
251.94	1.3743	14.783	0.067645	5.3197	5.4127	24.518	46.281	91.043	771.53	0.084178	76.469	0.10750	0.0060405	0.83082	1.2036	14.806	16.460	68.368	43.923	66.248	247.95	20.752	8.0964	0.018116
252.30	1.3882	14.761	0.067746	5.3512	5.4453	24.643	46.314	91.238	768.42	0.090161	76.141	0.10721	0.0059907	0.83961	1.1910	14.812	16.465	68.321	43.993	66.496	247.79	20.705	8.1125	0.018186
252.66	1.4022	14.739	0.067847	5.3827	5.4779	24.769	46.347	91.435	765.31	0.096216	75.814	0.10692	0.0059410	0.84848	1.1786	14.817	16.470	68.273	44.063	66.747	247.63	20.657	8.1287	0.018257
253.02	1.4163	14.717	0.067948	5.4143	5.5105	24.894	46.380	91.635	762.19	0.10235	75.488	0.10663	0.0058914	0.85744	1.1663	14.822	16.474	68.226	44.134	67.002	247.47	20.610	8.1450	0.018329
253.37	1.4305	14.695	0.068051	5.4459	5.5432	25.020	46.413	91.837	759.06	0.10855	75.162	0.10634	0.0058419	0.86649	1.1541	14.828	16.479	68.178	44.205	67.260	247.30	20.564	8.1614	0.018401
253.73	1.4447	14.673	0.068154	5.4776	5.5760	25.145	46.447	92.041	755.94	0.11483	74.838	0.10605	0.0057924	0.87562	1.1421	14.833	16.483	68.131	44.277	67.521	247.13	20.518	8.1779	0.018474
254.09	1.4591	14.650	0.068258	5.5093	5.6089	25.271	46.481	92.248	752.81	0.12119	74.515	0.10576	0.0057430	0.88483	1.1302	14.838	16.487	68.083	44.349	67.785	246.96	20.472	8.1945	0.018547
254.45	1.4736	14.628	0.068362	5.5411	5.6418	25.396	46.515	92.457	749.67	0.12762	74.192	0.10548	0.0056937	0.89413	1.1184	14.843	16.491	68.036	44.421	68.053	246.78	20.426	8.2112	0.018621
254.81	1.4882	14.605	0.068468	5.5729	5.6748	25.522	46.549	92.669	746.53	0.13414	73.870	0.10519	0.0056444	0.90353	1.1068	14.848	16.496	67.988	44.493	68.325	246.61	20.381	8.2280	0.018695
255.17	1.5029	14.583	0.068574	5.6048	5.7078	25.648	46.583	92.883	743.39	0.14074	73.549	0.10490	0.0055952	0.91301	1.0953	14.853	16.500	67.941	44.566	68.600	246.43	20.336	8.2449	0.018770
255.52	1.5177	14.560	0.068680	5.6367	5.7410	25.773	46.618	93.100	740.24	0.14742	73.229	0.10461	0.0055461	0.92258	1.0839	14.858	16.504	67.893	44.639	68.879	246.25	20.291	8.2619	0.018846
255.88	1.5327	14.538	0.068788	5.6687	5.7741	25.899	46.653	93.320	737.08	0.15419	72.909	0.10432	0.0054970	0.93224	1.0727	14.863	16.507	67.845	44.713	69.161	246.07	20.247	8.2790	0.018922
256.24	1.5477	14.515	0.068896	5.7008	5.8074	26.025	46.689	93.542	733.93	0.16105	72.591	0.10403	0.0054480	0.94199	1.0616	14.868	16.511	67.797	44.787	69.448	245.88	20.202	8.2962	0.018998
256.60	1.5628	14.492	0.069005	5.7329	5.8407	26.151	46.724	93.768	730.77	0.16799	72.273	0.10374	0.0053991	0.95184	1.0506	14.873	16.515	67.749	44.861	69.738	245.70	20.159	8.3136	0.019075
256.96	1.5780	14.469	0.069114	5.7650	5.8741	26.277	46.760	93.996	727.60	0.17502	71.956	0.10346	0.0053502	0.96178	1.0397	14.878	16.518	67.701	44.936	70.033	245.51	20.115	8.3310	0.019153
257.32	1.5934	14.446	0.069225	5.7973	5.9076	26.403	46.796	94.227	724.43	0.18215	71.640	0.10317	0.0053015	0.97182	1.0290	14.882	16.522	67.653	45.011	70.332	245.32	20.072	8.3486	0.019231
257.67	1.6088	14.423	0.069336	5.8295	5.9411	26.529	46.833	94.461	721.25	0.18936	71.324	0.10288	0.0052528	0.98196	1.0184	14.887	16.525	67.605	45.086	70.634	245.12	20.029	8.3663	0.019310
258.03	1.6244	14.399	0.069448	5.8619	5.9747	26.655	46.869	94.698	718.07	0.19668	71.010	0.10259	0.0052041	0.99219	1.0079	14.891	16.529	67.557	45.162	70.942	244.93	19.986	8.3841	0.019390
258.39	1.6401	14.376	0.069561	5.8943	6.0084	26.781	46.906	94.939	714.89	0.20409	70.696	0.10231	0.0051556	1.0025	0.99748	14.896	16.532	67.508	45.238	71.254	244.73	19.944	8.4021	0.019470
258.75	1.6559	14.352	0.069675	5.9267	6.0421	26.907	46.943	95.182	711.70	0.21159	70.382	0.10202	0.0051071	1.0130	0.98721	14.900	16.535	67.460	45.315	71.570	244.53	19.902	8.4202	0.019551
259.11	1.6717	14.329	0.069789	5.9593	6.0759	27.034	46.981	95.429	708.50	0.21920	70.070	0.10173	0.0050587	1.0235	0.97705	14.905	16.538	67.411	45.392	71.891	244.33	19.860	8.4384	0.019632
259.47	1.6877	14.305	0.069905	5.9918	6.1098	27.160	47.019	95.679	705.31	0.22692	69.758	0.10145	0.0050104	1.0341	0.96700	14.909	16.541	67.363	45.469	72.216	244.12	19.819	8.4567	0.019714
259.82	1.7039	14.281	0.070021	6.0245	6.1438	27.286	47.057	95.933	702.10	0.23473	69.447	0.10116	0.0049621	1.0449	0.95706	14.913	16.544	67.314	45.547	72.547	243.92	19.778	8.4752	0.019797
260.18	1.7201	14.258	0.070138	6.0572	6.1778	27.413	47.095	96.189	698.89	0.24266	69.136	0.10087	0.0049139	1.0557	0.94723	14.917	16.547	67.265	45.626	72.883	243.71	19.737	8.4938	0.019881
260.54	1.7364	14.234	0.070256	6.0900	6.2119	27.540	47.134	96.450	695.68	0.25069	68.827	0.10059	0.0048658	1.0667	0.93750	14.921	16.549	67.216	45.704	73.223	243.50	19.696	8.5125	0.019965
260.90	1.7529	14.210	0.070375	6.1228	6.2461	27.666	47.173	96.714	692.46	0.25883	68.517	0.10030	0.0048178	1.0777	0.92788	14.925	16.552	67.167	45.783	73.569	243.28	19.655	8.5314	0.020050
261.26	1.7694	14.185	0.070495	6.1557	6.2804	27.793	47.212	96.982	689.24	0.26709	68.209	0.10002	0.0047699	1.0889	0.91836	14.929	16.554	67.118	45.863	73.921	243.06	19.615	8.5505	0.020136
261.61	1.7861	14.161	0.070616	6.1886	6.3148	27.920	47.251	97.254	686.01	0.27546	67.901	0.099731	0.0047220	1.1002	0.90895	14.933	16.557	67.069	45.943	74.278	242.85	19.575	8.5697	0.020222
261.97	1.8029	14.137	0.070737	6.2217	6.3492	28.047	47.291	97.529	682.77	0.28396	67.594	0.099445	0.0046742	1.1116	0.89963	14.937	16.559	67.019	46.024	74.640	242.63	19.536	8.5890	0.020310
262.33	1.8198	14.112	0.070860	6.2548	6.3837	28.174	47.332	97.809	679.53	0.29257	67.288	0.099160	0.0046265	1.1231	0.89041	14.941	16.561	66.969	46.104	75.008	242.40	19.496	8.6085	0.020398
262.69	1.8368	14.088	0.070984	6.2879	6.4183	28.301	47.372	98.093	676.29	0.30130	66.982	0.098875	0.0045789	1.1347	0.88130	14.944	16.563	66.920	46.186	75.383	242.18	19.457	8.6281	0.020486
263.05	1.8539	14.063	0.071108	6.3212	6.4530	28.429	47.413	98.380	673.04	0.31017	66.677	0.098590	0.0045314	1.1464	0.87227	14.948	16.565	66.870	46.268	75.763	241.95	19.418	8.6479	0.020576
263.41	1.8712	14.038	0.071234	6.3545	6.4878	28.556	47.454	98.672	669.79	0.31916	66.372	0.098305	0.0044839	1.1583	0.86334	14.951	16.567	66.820	46.350	76.150	241.72	19.379	8.6679	0.020666
263.76	1.8885	14.013	0.071361	6.3878	6.5226	28.684	47.495	98.969	666.53	0.32828	66.068	0.098021	0.0044365	1.1703	0.85451	14.955	16.568	66.770	46.433	76.543	241.48	19.341	8.6880	0.020758
264.12	1.9060	13.988	0.071489	6.4213	6.5575	28.811	47.537	99.270	663.26	0.33753	65.764	0.097736	0.0043893	1.1824	0.84577	14.958	16.570	66.719	46.517	76.943	241.25	19.302	8.7083	0.020850
264.48	1.9236	13.963	0.071617	6.4548	6.5926	28.939	47.579	99.575	659.99	0.34693	65.462	0.097451	0.0043421	1.1946	0.83711	14.961	16.571	66.669	46.601	77.349	241.01	19.264	8.7288	0.020943
264.84	1.9413	13.938	0.071747	6.4884	6.6277	29.067	47.622	99.886	656.72	0.35646	65.159	0.097167	0.0042950	1.2069	0.82855	14.964	16.573	66.618	46.685	77.763	240.77	19.226	8.7495	0.021037
265.20	1.9592	13.912	0.071878	6.5220	6.6629	29.195	47.664	100.20	653.43	0.36613	64.857	0.096883	0.0042479	1.2194	0.82008	14.967	16.574	66.567	46.770	78.184	240.53	19.189	8.7703	0.021132
265.56	1.9771	13.887	0.072010	6.5558	6.6981	29.323	47.707	100.52	650.15	0.37596	64.556	0.096599	0.0042010	1.2320	0.81169	14.970	16.575	66.516	46.856	78.612	240.28	19.151	8.7913	0.021228
265.91	1.9952	13.861	0.072143	6.5896	6.7335	29.451	47.751	100.85	646.86	0.38593	64.256	0.096315	0.0041542	1.2447	0.80339	14.973	16.576	66.465	46.942	79.048	240.03	19.114	8.8125	0.021324
266.27	2.0134	13.836	0.072278	6.6235	6.7690	29.579	47.794	101.18	643.56	0.39605	63.955	0.096031	0.0041074	1.2576	0.79517	14.976	16.577	66.414	47.029	79.491	239.78	19.077	8.8339	0.021422
266.63	2.0317	13.810	0.072413	6.6574	6.8046	29.708	47.838	101.51	640.26	0.40633	63.656	0.095747	0.0040607	1.2706	0.78704	14.979	16.578	66.362	47.116	79.943	239.53	19.040	8.8555	0.021521
266.99	2.0501	13.784	0.072550	6.6915	6.8402	29.837	47.883	101.85	636.95	0.41677	63.357	0.095464	0.0040142	1.2837	0.77899	14.981	16.578	66.310	47.204	80.403	239.27	19.003	8.8773	0.021621
267.35	2.0687	13.757	0.072688	6.7256	6.8760	29.965	47.928	102.20	633.64	0.42738	63.058	0.095180	0.0039677	1.2970	0.77102	14.984	16.579	66.258	47.293	80.872	239.02	18.967	8.8993	0.021722
267.71	2.0874	13.731	0.072827	6.7598	6.9118	30.094	47.973	102.55	630.32	0.43815	62.760	0.094897	0.0039213	1.3104	0.76313	14.986	16.579	66.206	47.383	81.349	238.75	18.930	8.9214	0.021824
268.06	2.1062	13.705	0.072968	6.7941	6.9478	30.223	48.018	102.91	626.99	0.44910	62.462	0.094614	0.0038750	1.3239	0.75532	14.988	16.579	66.153	47.473	81.835	238.49	18.894	8.9439	0.021927
268.42	2.1251	13.678	0.073109	6.8284	6.9838	30.353	48.064	103.28	623.66	0.46022	62.165	0.094330	0.0038288	1.3376	0.74759	14.991	16.579	66.101	47.563	82.331	238.22	18.858	8.9665	0.022031
268.78	2.1442	13.651	0.073252	6.8629	7.0200	30.482	48.110	103.65	620.33	0.47151	61.868	0.094047	0.0037827	1.3515	0.73993	14.993	16.579	66.048	47.655	82.837	237.96	18.822	8.9893	0.022136
269.14	2.1633	13.625	0.073397	6.8974	7.0562	30.612	48.156	104.03	616.98	0.48300	61.571	0.093764	0.0037367	1.3655	0.73235	14.995	16.579	65.994	47.747	83.352	237.69	18.786	9.0124	0.022243
269.50	2.1826	13.598	0.073542	6.9320	7.0926	30.741	48.203	104.41	613.64	0.49467	61.275	0.093481	0.0036908	1.3796	0.72484	14.997	16.579	65.941	47.840	83.878	237.41	18.750	9.0357	0.022350
269.85	2.2021	13.570	0.073690	6.9668	7.1290	30.871	48.250	104.80	610.28	0.50654	60.980	0.093198	0.0036450	1.3939	0.71741	14.999	16.578	65.887	47.933	84.414	237.13	18.715	9.0592	0.022459
270.21	2.2216	13.543	0.073838	7.0015	7.1656	31.001	48.297	105.20	606.93	0.51860	60.684	0.092915	0.0035992	1.4084	0.71005	15.000	16.578	65.833	48.028	84.961	236.86	18.679	9.0830	0.022569
270.57	2.2413	13.516	0.073988	7.0364	7.2023	31.131	48.345	105.60	603.56	0.53087	60.389	0.092633	0.0035536	1.4230	0.70276	15.002	16.577	65.779	48.123	85.519	236.57	18.644	9.1070	0.022681
270.93	2.2611	13.488	0.074139	7.0714	7.2390	31.262	48.393	106.02	600.19	0.54335	60.095	0.092350	0.0035081	1.4377	0.69554	15.003	16.576	65.725	48.219	86.089	236.29	18.608	9.1313	0.022794
271.29	2.2810	13.460	0.074292	7.1065	7.2759	31.392	48.442	106.44	596.81	0.55604	59.801	0.092067	0.0034627	1.4527	0.68839	15.005	16.575	65.670	48.316	86.671	236.00	18.573	9.1558	0.022908
271.65	2.3011	13.432	0.074447	7.1416	7.3129	31.523	48.490	106.87	593.43	0.56895	59.507	0.091785	0.0034174	1.4678	0.68131	15.006	16.574	65.615	48.413	87.265	235.71	18.538	9.1806	0.023023
272.00	2.3213	13.404	0.074603	7.1769	7.3501	31.654	48.539	107.30	590.04	0.58208	59.213	0.091502	0.0033722	1.4830	0.67429	15.007	16.572	65.559	48.512	87.872	235.42	18.503	9.2056	0.023140
272.36	2.3416	13.376	0.074760	7.2122	7.3873	31.786	48.589	107.75	586.64	0.59545	58.920	0.091220	0.0033271	1.4985	0.66735	15.008	16.571	65.504	48.611	88.492	235.12	18.468	9.2310	0.023259
272.72	2.3620	13.348	0.074919	7.2477	7.4246	31.917	48.639	108.20	583.24	0.60906	58.627	0.090937	0.0032822	1.5141	0.66047	15.009	16.569	65.448	48.712	89.126	234.82	18.433	9.2566	0.023379
273.08	2.3826	13.319	0.075080	7.2832	7.4621	32.049	48.689	108.67	579.83	0.62290	58.334	0.090655	0.0032373	1.5299	0.65365	15.010	16.567	65.391	48.813	89.774	234.52	18.398	9.2825	0.023500
273.44	2.4033	13.290	0.075242	7.3189	7.4997	32.181	48.740	109.14	576.42	0.63700	58.042	0.090373	0.0031925	1.5458	0.64689	15.011	16.565	65.335	48.915	90.436	234.22	18.364	9.3086	0.023623
273.80	2.4242	13.261	0.075407	7.3546	7.5374	32.313	48.791	109.62	572.99	0.65136	57.750	0.090090	0.0031479	1.5620	0.64020	15.011	16.563	65.278	49.019	91.114	233.91	18.329	9.3351	0.023748
274.15	2.4452	13.232	0.075572	7.3905	7.5753	32.445	48.842	110.11	569.56	0.66598	57.458	0.089808	0.0031033	1.5783	0.63357	15.012	16.561	65.220	49.123	91.807	233.60	18.294	9.3619	0.023875
274.51	2.4663	13.203	0.075740	7.4264	7.6132	32.578	48.894	110.62	566.13	0.68087	57.166	0.089526	0.0030589	1.5949	0.62701	15.012	16.558	65.162	49.228	92.516	233.29	18.259	9.3890	0.024003
274.87	2.4875	13.174	0.075910	7.4625	7.6513	32.710	48.946	111.13	562.68	0.69604	56.875	0.089244	0.0030146	1.6116	0.62050	15.012	16.555	65.104	49.335	93.243	232.97	18.224	9.4165	0.024133
275.23	2.5089	13.144	0.076081	7.4987	7.6896	32.843	48.998	111.65	559.23	0.71150	56.583	0.088961	0.0029704	1.6285	0.61405	15.012	16.553	65.046	49.442	93.986	232.65	18.190	9.4442	0.024264
275.59	2.5304	13.114	0.076254	7.5350	7.7279	32.977	49.051	112.19	555.77	0.72726	56.292	0.088679	0.0029263	1.6457	0.60766	15.012	16.549	64.987	49.551	94.748	232.33	18.155	9.4723	0.024398
275.94	2.5521	13.084	0.076430	7.5714	7.7664	33.110	49.104	112.73	552.30	0.74332	56.001	0.088397	0.0028823	1.6630	0.60133	15.012	16.546	64.928	49.660	95.528	232.00	18.120	9.5008	0.024533
276.30	2.5738	13.054	0.076607	7.6079	7.8051	33.244	49.158	113.29	548.82	0.75969	55.710	0.088115	0.0028385	1.6805	0.59505	15.011	16.543	64.868	49.771	96.327	231.67	18.085	9.5296	0.024671
276.66	2.5958	13.023	0.076786	7.6445	7.8438	33.379	49.212	113.86	545.34	0.77639	55.419	0.087833	0.0027948	1.6983	0.58883	15.011	16.539	64.808	49.883	97.147	231.34	18.050	9.5587	0.024810
277.02	2.6178	12.992	0.076968	7.6813	7.8828	33.513	49.267	114.45	541.84	0.79342	55.128	0.087550	0.0027512	1.7163	0.58266	15.010	16.535	64.747	49.996	97.988	231.01	18.015	9.5882	0.024952
277.38	2.6400	12.962	0.077151	7.7182	7.9218	33.648	49.322	115.05	538.34	0.81079	54.838	0.087268	0.0027077	1.7345	0.57655	15.009	16.531	64.686	50.110	98.850	230.67	17.980	9.6182	0.025096
277.74	2.6623	12.930	0.077337	7.7552	7.9610	33.783	49.378	115.66	534.83	0.82852	54.547	0.086986	0.0026644	1.7529	0.57049	15.008	16.527	64.624	50.226	99.734	230.33	17.945	9.6485	0.025242
278.09	2.6848	12.899	0.077525	7.7923	8.0004	33.918	49.434	116.29	531.30	0.84661	54.257	0.086704	0.0026212	1.7715	0.56448	15.007	16.522	64.562	50.343	100.64	229.98	17.910	9.6792	0.025390
278.45	2.7074	12.867	0.077715	7.8295	8.0399	34.054	49.491	116.93	527.77	0.86508	53.966	0.086422	0.0025781	1.7904	0.55853	15.006	16.518	64.500	50.461	101.57	229.64	17.875	9.7103	0.025541
278.81	2.7302	12.836	0.077908	7.8669	8.0796	34.190	49.548	117.59	524.23	0.88393	53.675	0.086139	0.0025351	1.8096	0.55262	15.004	16.513	64.437	50.580	102.53	229.29	17.839	9.7418	0.025694
279.17	2.7531	12.804	0.078103	7.9044	8.1194	34.326	49.606	118.26	520.67	0.90319	53.385	0.085857	0.0024923	1.8289	0.54677	15.002	16.508	64.373	50.701	103.52	228.93	17.804	9.7738	0.025849
279.53	2.7761	12.771	0.078301	7.9421	8.1594	34.463	49.665	118.95	517.10	0.92286	53.094	0.085575	0.0024496	1.8486	0.54096	15.001	16.502	64.309	50.823	104.53	228.57	17.768	9.8062	0.026007
279.89	2.7993	12.739	0.078501	7.9799	8.1996	34.600	49.724	119.66	513.53	0.94295	52.803	0.085293	0.0024071	1.8684	0.53521	14.999	16.497	64.245	50.946	105.57	228.21	17.732	9.8391	0.026168
280.24	2.8226	12.706	0.078704	8.0178	8.2399	34.738	49.784	120.39	509.94	0.96349	52.512	0.085010	0.0023646	1.8886	0.52950	14.996	16.491	64.180	51.071	106.64	227.85	17.696	9.8725	0.026332
280.60	2.8461	12.673	0.078909	8.0559	8.2804	34.875	49.845	121.14	506.33	0.98449	52.221	0.084728	0.0023224	1.9090	0.52384	14.994	16.485	64.114	51.198	107.74	227.48	17.660	9.9063	0.026498
280.96	2.8697	12.639	0.079117	8.0941	8.3211	35.014	49.907	121.91	502.72	1.0060	51.930	0.084446	0.0022802	1.9297	0.51822	14.991	16.479	64.048	51.325	108.87	227.11	17.624	9.9406	0.026668
281.32	2.8935	12.606	0.079328	8.1324	8.3620	35.152	49.969	122.70	499.09	1.0279	51.638	0.084163	0.0022382	1.9507	0.51265	14.989	16.472	63.981	51.455	110.04	226.74	17.587	9.9755	0.026840
281.68	2.9174	12.572	0.079542	8.1710	8.4030	35.291	50.032	123.51	495.45	1.0504	51.346	0.083881	0.0021964	1.9719	0.50712	14.986	16.465	63.913	51.586	111.24	226.36	17.550	10.011	0.027016
282.04	2.9415	12.538	0.079759	8.2096	8.4442	35.431	50.097	124.34	491.79	1.0733	51.055	0.083599	0.0021547	1.9935	0.50164	14.982	16.458	63.845	51.718	112.49	225.98	17.513	10.047	0.027195
282.39	2.9657	12.503	0.079979	8.2485	8.4857	35.571	50.162	125.20	488.12	1.0969	50.762	0.083316	0.0021132	2.0153	0.49620	14.979	16.451	63.776	51.852	113.76	225.59	17.476	10.083	0.027377
282.75	2.9900	12.468	0.080202	8.2875	8.5273	35.711	50.228	126.08	484.43	1.1209	50.470	0.083034	0.0020718	2.0375	0.49080	14.975	16.443	63.706	51.988	115.09	225.20	17.438	10.120	0.027563
283.11	3.0145	12.433	0.080429	8.3267	8.5691	35.852	50.296	126.99	480.73	1.1456	50.177	0.082751	0.0020305	2.0600	0.48545	14.972	16.435	63.636	52.126	116.45	224.81	17.400	10.158	0.027752
283.47	3.0392	12.398	0.080659	8.3660	8.6111	35.993	50.364	127.93	477.01	1.1709	49.884	0.082469	0.0019894	2.0828	0.48013	14.968	16.427	63.565	52.265	117.86	224.42	17.362	10.196	0.027945
283.83	3.0640	12.362	0.080892	8.4055	8.6534	36.135	50.434	128.90	473.28	1.1968	49.590	0.082187	0.0019485	2.1059	0.47486	14.963	16.418	63.493	52.406	119.31	224.02	17.324	10.235	0.028142
284.18	3.0889	12.326	0.081129	8.4452	8.6958	36.278	50.506	129.89	469.52	1.2233	49.296	0.081904	0.0019078	2.1294	0.46962	14.959	16.409	63.421	52.549	120.82	223.61	17.285	10.275	0.028344
284.54	3.1140	12.290	0.081369	8.4851	8.7385	36.420	50.578	130.92	465.75	1.2505	49.001	0.081622	0.0018672	2.1532	0.46442	14.954	16.400	63.347	52.694	122.38	223.21	17.245	10.315	0.028549
284.90	3.1393	12.253	0.081614	8.5252	8.7814	36.564	50.652	131.99	461.96	1.2784	48.706	0.081340	0.0018267	2.1774	0.45926	14.949	16.391	63.273	52.840	123.99	222.79	17.206	10.356	0.028759
285.26	3.1647	12.216	0.081862	8.5654	8.8245	36.708	50.728	133.09	458.16	1.3071	48.410	0.081057	0.0017865	2.2020	0.45414	14.944	16.381	63.198	52.989	125.66	222.38	17.166	10.397	0.028973
285.62	3.1903	12.178	0.082114	8.6059	8.8679	36.852	50.806	134.22	454.33	1.3365	48.114	0.080775	0.0017464	2.2269	0.44905	14.938	16.371	63.122	53.140	127.39	221.96	17.125	10.440	0.029192
285.98	3.2160	12.140	0.082371	8.6466	8.9115	36.998	50.885	135.40	450.48	1.3666	47.817	0.080493	0.0017065	2.2523	0.44400	14.933	16.360	63.045	53.293	129.19	221.54	17.084	10.483	0.029416
286.33	3.2419	12.102	0.082631	8.6875	8.9553	37.143	50.966	136.62	446.61	1.3976	47.519	0.080211	0.0016667	2.2780	0.43898	14.926	16.350	62.967	53.448	131.05	221.11	17.043	10.527	0.029646
286.69	3.2679	12.063	0.082897	8.7286	8.9995	37.290	51.049	137.88	442.72	1.4295	47.221	0.079930	0.0016272	2.3042	0.43400	14.920	16.338	62.888	53.605	132.99	220.68	17.001	10.572	0.029880
287.05	3.2941	12.024	0.083167	8.7699	9.0438	37.437	51.134	139.19	438.81	1.4623	46.922	0.079648	0.0015878	2.3307	0.42905	14.913	16.327	62.808	53.765	135.01	220.25	16.958	10.617	0.030120
287.41	3.3205	11.984	0.083442	8.8114	9.0885	37.585	51.221	140.55	434.88	1.4959	46.622	0.079367	0.0015486	2.3578	0.42413	14.906	16.315	62.728	53.927	137.10	219.81	16.915	10.664	0.030367
287.77	3.3470	11.944	0.083721	8.8532	9.1334	37.733	51.310	141.96	430.92	1.5306	46.321	0.079086	0.0015096	2.3853	0.41924	14.899	16.302	62.646	54.092	139.29	219.36	16.871	10.711	0.030619
288.13	3.3737	11.904	0.084006	8.8952	9.1787	37.883	51.402	143.43	426.94	1.5662	46.019	0.078805	0.0014708	2.4132	0.41438	14.892	16.290	62.562	54.259	141.56	218.92	16.827	10.759	0.030878
288.48	3.4005	11.863	0.084297	8.9375	9.2242	38.033	51.496	144.96	422.93	1.6030	45.716	0.078525	0.0014322	2.4417	0.40955	14.884	16.276	62.478	54.429	143.93	218.47	16.782	10.809	0.031143
288.84	3.4275	11.821	0.084593	8.9801	9.2700	38.184	51.593	146.55	418.90	1.6408	45.412	0.078245	0.0013938	2.4706	0.40475	14.875	16.263	62.393	54.602	146.41	218.01	16.736	10.859	0.031415
289.20	3.4547	11.779	0.084894	9.0229	9.3162	38.335	51.693	148.21	414.85	1.6798	45.107	0.077966	0.0013556	2.5001	0.39998	14.867	16.248	62.306	54.778	149.00	217.55	16.689	10.911	0.031695
289.56	3.4820	11.737	0.085202	9.0660	9.3626	38.488	51.796	149.95	410.76	1.7200	44.800	0.077687	0.0013176	2.5301	0.39524	14.858	16.234	62.218	54.957	151.71	217.08	16.642	10.963	0.031983
289.92	3.5095	11.694	0.085516	9.1093	9.4095	38.641	51.902	151.76	406.66	1.7615	44.493	0.077409	0.0012798	2.5607	0.39052	14.848	16.219	62.128	55.139	154.55	216.61	16.593	11.017	0.032279
290.28	3.5372	11.650	0.085837	9.1530	9.4566	38.796	52.011	153.65	402.52	1.8043	44.183	0.077131	0.0012422	2.5919	0.38582	14.838	16.203	62.037	55.324	157.52	216.14	16.544	11.072	0.032583
290.63	3.5651	11.606	0.086165	9.1970	9.5042	38.951	52.124	155.64	398.35	1.8485	43.873	0.076855	0.0012049	2.6236	0.38115	14.828	16.187	61.945	55.513	160.65	215.66	16.494	11.128	0.032897
290.99	3.5931	11.561	0.086499	9.2413	9.5521	39.108	52.241	157.72	394.16	1.8942	43.561	0.076579	0.0011678	2.6560	0.37650	14.817	16.170	61.851	55.705	163.93	215.17	16.442	11.185	0.033220
291.35	3.6212	11.515	0.086842	9.2859	9.6004	39.265	52.361	159.90	389.93	1.9414	43.247	0.076304	0.0011309	2.6891	0.37188	14.806	16.153	61.755	55.901	167.38	214.68	16.390	11.244	0.033554
291.71	3.6496	11.469	0.087192	9.3309	9.6491	39.424	52.485	162.20	385.67	1.9903	42.931	0.076031	0.0010943	2.7228	0.36727	14.795	16.135	61.658	56.102	171.02	214.19	16.336	11.305	0.033898
292.07	3.6781	11.422	0.087550	9.3762	9.6983	39.584	52.614	164.62	381.38	2.0409	42.614	0.075760	0.0010579	2.7572	0.36269	14.782	16.116	61.559	56.306	174.86	213.69	16.282	11.366	0.034253
292.42	3.7068	11.374	0.087917	9.4219	9.7478	39.745	52.747	167.16	377.06	2.0934	42.294	0.075489	0.0010217	2.7924	0.35812	14.770	16.097	61.458	56.515	178.92	213.18	16.225	11.430	0.034621
292.78	3.7357	11.326	0.088293	9.4680	9.7979	39.907	52.885	169.86	372.71	2.1477	41.973	0.075221	0.00098579	2.8283	0.35357	14.757	16.077	61.355	56.729	183.22	212.67	16.168	11.495	0.035002
293.14	3.7648	11.277	0.088679	9.5146	9.8484	40.071	53.028	172.70	368.31	2.2041	41.649	0.074955	0.00095015	2.8650	0.34904	14.743	16.057	61.250	56.948	187.78	212.15	16.109	11.562	0.035396
293.50	3.7940	11.227	0.089075	9.5615	9.8995	40.236	53.177	175.72	363.89	2.2626	41.323	0.074692	0.00091478	2.9026	0.34452	14.729	16.036	61.143	57.172	192.62	211.63	16.048	11.630	0.035805
293.86	3.8234	11.176	0.089481	9.6089	9.9510	40.403	53.331	178.93	359.42	2.3235	40.994	0.074431	0.00087967	2.9411	0.34001	14.714	16.014	61.034	57.402	197.77	211.10	15.986	11.701	0.036229
294.22	3.8530	11.124	0.089899	9.6568	10.003	40.571	53.491	182.34	354.91	2.3867	40.662	0.074174	0.00084485	2.9805	0.33551	14.698	15.991	60.922	57.637	203.26	210.56	15.922	11.774	0.036670
294.57	3.8828	11.071	0.090328	9.7051	10.056	40.741	53.658	185.97	350.37	2.4526	40.328	0.073920	0.00081032	3.0209	0.33103	14.682	15.967	60.808	57.879	209.13	210.01	15.856	11.848	0.037130
294.93	3.9127	11.017	0.090770	9.7540	10.109	40.912	53.832	189.85	345.78	2.5212	39.990	0.073671	0.00077608	3.0623	0.32655	14.665	15.943	60.691	58.128	215.41	209.46	15.789	11.926	0.037608
295.29	3.9429	10.962	0.091226	9.8034	10.163	41.086	54.013	194.01	341.15	2.5927	39.649	0.073427	0.00074214	3.1048	0.32208	14.647	15.917	60.572	58.385	222.16	208.90	15.718	12.005	0.038108
295.65	3.9732	10.906	0.091696	9.8534	10.218	41.261	54.203	198.48	336.47	2.6674	39.305	0.073188	0.00070852	3.1485	0.31761	14.629	15.891	60.449	58.649	229.43	208.34	15.646	12.087	0.038630
296.01	4.0037	10.848	0.092181	9.9040	10.273	41.439	54.400	203.28	331.75	2.7454	38.957	0.072956	0.00067523	3.1934	0.31315	14.609	15.863	60.323	58.921	237.27	207.76	15.571	12.173	0.039177
296.37	4.0345	10.789	0.092683	9.9553	10.329	41.619	54.608	208.48	326.97	2.8271	38.604	0.072731	0.00064227	3.2396	0.30868	14.589	15.834	60.194	59.203	245.76	207.17	15.494	12.261	0.039751
296.72	4.0654	10.729	0.093202	10.007	10.386	41.801	54.825	214.10	322.14	2.9126	38.247	0.072515	0.00060965	3.2872	0.30421	14.568	15.804	60.062	59.494	254.98	206.58	15.413	12.352	0.040354
297.08	4.0965	10.668	0.093740	10.060	10.444	41.986	55.053	220.22	317.26	3.0023	37.886	0.072309	0.00057739	3.3362	0.29974	14.545	15.773	59.925	59.796	265.03	205.97	15.330	12.446	0.040989
297.44	4.1278	10.605	0.094299	10.114	10.503	42.174	55.293	226.90	312.31	3.0965	37.519	0.072115	0.00054549	3.3869	0.29526	14.522	15.741	59.784	60.110	276.03	205.36	15.243	12.545	0.041660
297.80	4.1592	10.540	0.094879	10.168	10.562	42.365	55.546	234.23	307.31	3.1957	37.146	0.071934	0.00051399	3.4392	0.29076	14.497	15.707	59.639	60.437	288.12	204.73	15.153	12.647	0.042370
298.16	4.1909	10.473	0.095484	10.223	10.623	42.559	55.814	242.29	302.24	3.3001	36.768	0.071770	0.00048287	3.4934	0.28625	14.472	15.671	59.489	60.778	301.47	204.09	15.058	12.754	0.043123
298.52	4.2228	10.404	0.096115	10.279	10.685	42.756	56.097	251.22	297.09	3.4103	36.382	0.071624	0.00045218	3.5496	0.28172	14.444	15.634	59.334	61.135	316.27	203.43	14.960	12.865	0.043925
298.87	4.2549	10.333	0.096774	10.337	10.749	42.958	56.399	261.16	291.88	3.5269	35.990	0.071500	0.00042191	3.6079	0.27717	14.416	15.595	59.174	61.508	332.79	202.75	14.857	12.982	0.044782
299.23	4.2872	10.260	0.097466	10.395	10.813	43.163	56.720	272.29	286.58	3.6504	35.589	0.071403	0.00039210	3.6686	0.27258	14.385	15.554	59.007	61.901	351.33	202.06	14.749	13.104	0.045700
299.59	4.3198	10.184	0.098192	10.455	10.879	43.373	57.063	284.85	281.19	3.7815	35.179	0.071336	0.00036275	3.7319	0.26796	14.353	15.511	58.833	62.316	372.28	201.35	14.635	13.233	0.046689
299.95	4.3525	10.105	0.098957	10.516	10.947	43.589	57.433	299.14	275.71	3.9211	34.760	0.071307	0.00033391	3.7981	0.26329	14.319	15.465	58.652	62.754	396.16	200.62	14.515	13.368	0.047760
300.31	4.3854	10.023	0.099766	10.579	11.017	43.810	57.831	315.52	270.12	4.0701	34.329	0.071321	0.00030558	3.8674	0.25857	14.283	15.417	58.462	63.221	423.59	199.86	14.388	13.512	0.048924
300.66	4.4186	9.9379	0.10062	10.644	11.088	44.037	58.263	334.52	264.42	4.2296	33.886	0.071389	0.00027781	3.9403	0.25379	14.244	15.366	58.264	63.719	455.43	199.06	14.254	13.664	0.050199
301.02	4.4520	9.8483	0.10154	10.710	11.162	44.272	58.734	356.81	258.60	4.4009	33.429	0.071521	0.00025062	4.0173	0.24893	14.203	15.311	58.054	64.255	492.82	198.24	14.111	13.826	0.051605
301.38	4.4856	9.7542	0.10252	10.779	11.239	44.514	59.251	383.34	252.63	4.5855	32.955	0.071732	0.00022405	4.0988	0.24398	14.158	15.253	57.833	64.833	537.32	197.37	13.959	14.000	0.053169
301.74	4.5195	9.6547	0.10358	10.850	11.318	44.767	59.824	415.42	246.51	4.7854	32.463	0.072041	0.00019815	4.1855	0.23892	14.110	15.190	57.597	65.462	591.13	196.45	13.796	14.188	0.054926
302.10	4.5535	9.5490	0.10472	10.925	11.402	45.031	60.465	455.01	240.21	5.0028	31.949	0.072473	0.00017296	4.2785	0.23373	14.058	15.122	57.346	66.153	657.47	195.46	13.620	14.391	0.056924
302.46	4.5879	9.4360	0.10598	11.003	11.489	45.308	61.190	505.06	233.70	5.2407	31.408	0.073064	0.00014855	4.3788	0.22837	14.000	15.048	57.075	66.919	741.18	194.40	13.429	14.614	0.059232
302.81	4.6224	9.3140	0.10737	11.085	11.582	45.601	62.020	570.31	226.95	5.5028	30.836	0.073865	0.00012500	4.4880	0.22281	13.937	14.967	56.781	67.778	849.95	193.24	13.221	14.859	0.061948
303.17	4.6573	9.1808	0.10892	11.173	11.680	45.915	62.988	658.81	219.92	5.7939	30.223	0.074957	0.00010239	4.6084	0.21699	13.866	14.877	56.458	68.758	996.71	191.95	12.991	15.135	0.065225
303.53	4.6923	9.0333	0.11070	11.268	11.788	46.256	64.142	785.34	212.53	6.1208	29.560	0.076477	8.0847e-05	4.7431	0.21083	13.786	14.775	56.098	69.897	1205.0	190.48	12.735	15.450	0.069311
303.89	4.7277	8.8663	0.11279	11.373	11.906	46.632	65.559	980.38	204.70	6.4932	28.830	0.078683	6.0521e-05	4.8973	0.20419	13.692	14.658	55.688	71.256	1522.5	188.75	12.445	15.818	0.074654
304.25	4.7633	8.6711	0.11533	11.491	12.040	47.061	67.373	1317.5	196.28	6.9265	28.003	0.082128	4.1642e-05	5.0799	0.19685	13.580	14.518	55.205	72.941	2062.1	186.62	12.107	16.269	0.082166
304.61	4.7993	8.4296	0.11863	11.632	12.202	47.578	69.855	2028.8	187.01	7.4480	27.032	0.088319	2.4560e-05	5.3090	0.18836	13.438	14.342	54.603	75.156	3169.9	183.79	11.697	16.864	0.094144
304.96	4.8355	8.0918	0.12358	11.822	12.420	48.278	73.721	4372.9	176.33	8.1227	25.812	0.10358	9.9371e-06	5.6349	0.17746	13.233	14.091	53.760	78.421	6637.9	179.44	11.154	17.805	0.11941
305.32	4.8722	6.8569	0.14584	12.490	13.200	50.820	undefined	undefined	undefined	0.0000	22.631	undefined	undefined	6.8569	0.14584	12.490	13.200	50.820	undefined	undefined	undefined	0.0000	22.631	undefined
