Temperature (K)	Pressure (MPa)	Density (l, mol/l)	Volume (l, l/mol)	Internal Energy (l, kJ/mol)	Enthalpy (l, kJ/mol)	Entropy (l, J/mol*K)	Cv (l, J/mol*K)	Cp (l, J/mol*K)	Sound Spd. (l, m/s)	Joule-Thomson (l, K/MPa)	Viscosity (l, uPa*s)	Therm. Cond. (l, W/m*K)	Surf. Tension (l, N/m)	Density (v, mol/l)	Volume (v, l/mol)	Internal Energy (v, kJ/mol)	Enthalpy (v, kJ/mol)	Entropy (v, J/mol*K)	Cv (v, J/mol*K)	Cp (v, J/mol*K)	Sound Spd. (v, m/s)	Joule-Thomson (v, K/MPa)	Viscosity (v, uPa*s)	Therm. Cond. (v, W/m*K)
90.694	0.011696	28.142	0.035534	-1.1526	-1.1522	-11.389	34.776	54.029	1538.6	-0.48191	193.57	0.21119	0.017063	0.015630	63.981	6.8310	7.5793	84.885	25.243	33.851	249.13	47.921	3.5978	0.0087984
90.861	0.011949	28.128	0.035552	-1.1436	-1.1432	-11.290	34.759	54.038	1537.1	-0.48156	192.58	0.21099	0.017030	0.015940	62.734	6.8349	7.5845	84.766	25.247	33.859	249.34	47.699	3.6034	0.0088174
91.027	0.012206	28.114	0.035569	-1.1346	-1.1342	-11.192	34.741	54.047	1535.6	-0.48120	191.61	0.21079	0.016997	0.016256	61.517	6.8389	7.5898	84.648	25.251	33.867	249.55	47.479	3.6089	0.0088364
91.193	0.012468	28.100	0.035587	-1.1256	-1.1252	-11.093	34.724	54.056	1534.1	-0.48084	190.64	0.21060	0.016964	0.016576	60.329	6.8428	7.5950	84.530	25.254	33.875	249.75	47.261	3.6145	0.0088554
91.360	0.012734	28.087	0.035604	-1.1166	-1.1162	-10.994	34.707	54.065	1532.6	-0.48047	189.69	0.21040	0.016931	0.016901	59.167	6.8467	7.6002	84.413	25.258	33.883	249.96	47.044	3.6200	0.0088744
91.526	0.013005	28.073	0.035622	-1.1076	-1.1072	-10.896	34.689	54.074	1531.1	-0.48011	188.75	0.21020	0.016898	0.017232	58.033	6.8507	7.6054	84.296	25.262	33.892	250.17	46.829	3.6256	0.0088934
91.693	0.013280	28.059	0.035639	-1.0986	-1.0982	-10.798	34.672	54.084	1529.5	-0.47974	187.82	0.21000	0.016865	0.017567	56.925	6.8546	7.6106	84.180	25.265	33.900	250.38	46.616	3.6311	0.0089125
91.859	0.013561	28.045	0.035657	-1.0896	-1.0892	-10.700	34.655	54.093	1528.0	-0.47937	186.90	0.20980	0.016831	0.017907	55.843	6.8585	7.6158	84.065	25.269	33.909	250.58	46.405	3.6367	0.0089316
92.026	0.013846	28.031	0.035674	-1.0806	-1.0801	-10.602	34.639	54.103	1526.5	-0.47899	185.99	0.20960	0.016798	0.018253	54.785	6.8625	7.6210	83.950	25.273	33.917	250.79	46.195	3.6423	0.0089508
92.192	0.014136	28.017	0.035692	-1.0716	-1.0711	-10.504	34.622	54.113	1525.0	-0.47861	185.09	0.20940	0.016765	0.018604	53.751	6.8664	7.6262	83.835	25.277	33.926	251.00	45.987	3.6478	0.0089699
92.359	0.014430	28.004	0.035710	-1.0626	-1.0621	-10.406	34.605	54.123	1523.5	-0.47824	184.19	0.20920	0.016732	0.018961	52.741	6.8703	7.6314	83.721	25.281	33.934	251.20	45.781	3.6534	0.0089891
92.525	0.014730	27.990	0.035727	-1.0536	-1.0531	-10.309	34.588	54.133	1521.9	-0.47785	183.31	0.20900	0.016699	0.019322	51.754	6.8742	7.6366	83.608	25.285	33.943	251.41	45.576	3.6590	0.0090083
92.691	0.015035	27.976	0.035745	-1.0446	-1.0441	-10.212	34.572	54.143	1520.4	-0.47747	182.44	0.20880	0.016666	0.019689	50.789	6.8781	7.6417	83.495	25.288	33.952	251.61	45.373	3.6646	0.0090276
92.858	0.015345	27.962	0.035763	-1.0356	-1.0351	-10.114	34.556	54.153	1518.9	-0.47708	181.57	0.20860	0.016633	0.020062	49.846	6.8820	7.6469	83.383	25.292	33.961	251.81	45.171	3.6702	0.0090468
93.024	0.015660	27.948	0.035781	-1.0266	-1.0260	-10.018	34.539	54.164	1517.4	-0.47669	180.72	0.20840	0.016600	0.020440	48.924	6.8859	7.6521	83.271	25.296	33.970	252.02	44.971	3.6758	0.0090661
93.191	0.015980	27.934	0.035799	-1.0176	-1.0170	-9.9207	34.523	54.174	1515.8	-0.47630	179.87	0.20819	0.016567	0.020824	48.022	6.8899	7.6573	83.160	25.300	33.979	252.22	44.773	3.6814	0.0090854
93.357	0.016306	27.920	0.035816	-1.0086	-1.0080	-9.8241	34.507	54.185	1514.3	-0.47591	179.03	0.20799	0.016534	0.021213	47.141	6.8938	7.6624	83.049	25.304	33.988	252.42	44.576	3.6870	0.0091048
93.524	0.016637	27.906	0.035834	-0.99955	-0.99896	-9.7276	34.491	54.195	1512.8	-0.47551	178.20	0.20779	0.016501	0.021608	46.279	6.8977	7.6676	82.939	25.308	33.998	252.62	44.381	3.6926	0.0091241
93.690	0.016973	27.892	0.035852	-0.99054	-0.98993	-9.6312	34.474	54.206	1511.2	-0.47511	177.38	0.20758	0.016468	0.022009	45.436	6.9016	7.6727	82.829	25.312	34.007	252.83	44.187	3.6982	0.0091435
93.857	0.017315	27.878	0.035870	-0.98152	-0.98089	-9.5350	34.458	54.217	1509.7	-0.47471	176.57	0.20738	0.016435	0.022416	44.612	6.9054	7.6779	82.720	25.316	34.016	253.03	43.995	3.7038	0.0091629
94.023	0.017662	27.864	0.035888	-0.97249	-0.97186	-9.4390	34.443	54.228	1508.2	-0.47430	175.76	0.20717	0.016402	0.022828	43.806	6.9093	7.6830	82.612	25.321	34.026	253.23	43.804	3.7094	0.0091824
94.190	0.018015	27.850	0.035906	-0.96347	-0.96282	-9.3431	34.427	54.239	1506.6	-0.47390	174.96	0.20697	0.016369	0.023247	43.017	6.9132	7.6882	82.503	25.325	34.036	253.43	43.615	3.7151	0.0092018
94.356	0.018373	27.836	0.035924	-0.95445	-0.95379	-9.2474	34.411	54.250	1505.1	-0.47349	174.17	0.20676	0.016336	0.023671	42.246	6.9171	7.6933	82.396	25.329	34.045	253.63	43.427	3.7207	0.0092213
94.522	0.018737	27.822	0.035942	-0.94542	-0.94475	-9.1518	34.395	54.262	1503.5	-0.47307	173.39	0.20656	0.016303	0.024102	41.491	6.9210	7.6984	82.289	25.333	34.055	253.83	43.241	3.7263	0.0092409
94.689	0.019108	27.808	0.035960	-0.93639	-0.93570	-9.0564	34.379	54.273	1502.0	-0.47266	172.61	0.20635	0.016270	0.024538	40.753	6.9249	7.7036	82.182	25.337	34.065	254.02	43.056	3.7320	0.0092604
94.855	0.019483	27.794	0.035978	-0.92736	-0.92666	-8.9611	34.364	54.284	1500.4	-0.47224	171.84	0.20614	0.016237	0.024981	40.030	6.9287	7.7087	82.076	25.342	34.075	254.22	42.872	3.7376	0.0092800
95.022	0.019865	27.780	0.035996	-0.91833	-0.91761	-8.8659	34.348	54.296	1498.9	-0.47182	171.08	0.20593	0.016204	0.025430	39.324	6.9326	7.7138	81.970	25.346	34.085	254.42	42.690	3.7433	0.0092996
95.188	0.020253	27.766	0.036015	-0.90929	-0.90856	-8.7709	34.333	54.308	1497.4	-0.47140	170.32	0.20573	0.016171	0.025885	38.632	6.9365	7.7189	81.865	25.350	34.095	254.62	42.509	3.7489	0.0093192
95.355	0.020647	27.752	0.036033	-0.90026	-0.89951	-8.6761	34.317	54.319	1495.8	-0.47097	169.57	0.20552	0.016138	0.026347	37.955	6.9404	7.7240	81.760	25.354	34.105	254.81	42.330	3.7546	0.0093389
95.521	0.021047	27.738	0.036051	-0.89122	-0.89046	-8.5814	34.302	54.331	1494.3	-0.47055	168.83	0.20531	0.016105	0.026815	37.292	6.9442	7.7291	81.656	25.359	34.115	255.01	42.152	3.7602	0.0093586
95.688	0.021453	27.724	0.036069	-0.88218	-0.88141	-8.4868	34.287	54.343	1492.7	-0.47012	168.09	0.20510	0.016072	0.027290	36.644	6.9481	7.7342	81.552	25.363	34.126	255.20	41.975	3.7659	0.0093783
95.854	0.021866	27.710	0.036088	-0.87314	-0.87235	-8.3924	34.272	54.355	1491.2	-0.46969	167.36	0.20489	0.016039	0.027771	36.009	6.9519	7.7393	81.449	25.368	34.136	255.40	41.800	3.7716	0.0093980
96.020	0.022285	27.696	0.036106	-0.86409	-0.86329	-8.2981	34.256	54.367	1489.6	-0.46925	166.64	0.20468	0.016005	0.028259	35.387	6.9558	7.7444	81.346	25.372	34.147	255.59	41.626	3.7772	0.0094178
96.187	0.022710	27.682	0.036124	-0.85505	-0.85423	-8.2040	34.241	54.379	1488.0	-0.46881	165.92	0.20447	0.015972	0.028753	34.779	6.9596	7.7495	81.244	25.377	34.157	255.79	41.453	3.7829	0.0094376
96.353	0.023142	27.668	0.036143	-0.84600	-0.84517	-8.1100	34.226	54.392	1486.5	-0.46838	165.21	0.20426	0.015939	0.029254	34.183	6.9635	7.7545	81.142	25.381	34.168	255.98	41.282	3.7886	0.0094574
96.520	0.023580	27.654	0.036161	-0.83695	-0.83610	-8.0162	34.211	54.404	1484.9	-0.46793	164.51	0.20405	0.015906	0.029762	33.600	6.9673	7.7596	81.040	25.386	34.179	256.17	41.112	3.7943	0.0094773
96.686	0.024025	27.640	0.036180	-0.82790	-0.82703	-7.9225	34.196	54.416	1483.4	-0.46749	163.81	0.20384	0.015873	0.030277	33.029	6.9712	7.7647	80.939	25.390	34.190	256.37	40.943	3.8000	0.0094972
96.853	0.024477	27.626	0.036198	-0.81885	-0.81796	-7.8289	34.181	54.429	1481.8	-0.46704	163.11	0.20363	0.015840	0.030799	32.469	6.9750	7.7697	80.839	25.395	34.201	256.56	40.775	3.8056	0.0095171
97.019	0.024935	27.612	0.036217	-0.80979	-0.80889	-7.7355	34.166	54.442	1480.2	-0.46659	162.43	0.20341	0.015807	0.031327	31.921	6.9788	7.7748	80.739	25.399	34.212	256.75	40.609	3.8113	0.0095370
97.186	0.025401	27.598	0.036235	-0.80073	-0.79981	-7.6422	34.152	54.454	1478.7	-0.46614	161.74	0.20320	0.015774	0.031863	31.384	6.9827	7.7798	80.639	25.404	34.223	256.94	40.443	3.8170	0.0095570
97.352	0.025873	27.583	0.036254	-0.79168	-0.79074	-7.5491	34.137	54.467	1477.1	-0.46569	161.07	0.20299	0.015741	0.032406	30.859	6.9865	7.7849	80.540	25.409	34.234	257.13	40.280	3.8227	0.0095770
97.519	0.026352	27.569	0.036272	-0.78261	-0.78166	-7.4561	34.122	54.480	1475.5	-0.46523	160.40	0.20277	0.015708	0.032956	30.344	6.9903	7.7899	80.441	25.413	34.246	257.32	40.117	3.8284	0.0095970
97.685	0.026838	27.555	0.036291	-0.77355	-0.77258	-7.3632	34.107	54.493	1474.0	-0.46477	159.73	0.20256	0.015675	0.033513	29.839	6.9941	7.7950	80.343	25.418	34.257	257.51	39.955	3.8341	0.0096170
97.851	0.027332	27.541	0.036310	-0.76449	-0.76349	-7.2705	34.093	54.506	1472.4	-0.46431	159.07	0.20235	0.015642	0.034077	29.345	6.9979	7.8000	80.245	25.423	34.268	257.70	39.795	3.8398	0.0096371
98.018	0.027832	27.527	0.036328	-0.75542	-0.75441	-7.1779	34.078	54.519	1470.8	-0.46384	158.41	0.20213	0.015609	0.034649	28.861	7.0018	7.8050	80.147	25.428	34.280	257.89	39.636	3.8456	0.0096572
98.184	0.028340	27.513	0.036347	-0.74635	-0.74532	-7.0854	34.064	54.532	1469.3	-0.46338	157.76	0.20192	0.015576	0.035229	28.386	7.0056	7.8100	80.050	25.432	34.292	258.08	39.478	3.8513	0.0096773
98.351	0.028856	27.498	0.036366	-0.73728	-0.73623	-6.9931	34.049	54.545	1467.7	-0.46291	157.12	0.20170	0.015543	0.035815	27.921	7.0094	7.8150	79.954	25.437	34.303	258.26	39.321	3.8570	0.0096975
98.517	0.029378	27.484	0.036385	-0.72820	-0.72713	-6.9009	34.035	54.559	1466.1	-0.46244	156.47	0.20149	0.015510	0.036410	27.465	7.0132	7.8201	79.857	25.442	34.315	258.45	39.165	3.8627	0.0097177
98.684	0.029909	27.470	0.036403	-0.71913	-0.71804	-6.8089	34.020	54.572	1464.5	-0.46196	155.84	0.20127	0.015477	0.037012	27.019	7.0170	7.8251	79.762	25.447	34.327	258.64	39.010	3.8685	0.0097379
98.850	0.030447	27.456	0.036422	-0.71005	-0.70894	-6.7170	34.006	54.585	1463.0	-0.46148	155.21	0.20106	0.015444	0.037621	26.581	7.0208	7.8301	79.666	25.452	34.339	258.82	38.857	3.8742	0.0097582
99.017	0.030992	27.441	0.036441	-0.70097	-0.69984	-6.6252	33.992	54.599	1461.4	-0.46100	154.58	0.20084	0.015412	0.038239	26.152	7.0245	7.8350	79.571	25.457	34.352	259.01	38.705	3.8799	0.0097785
99.183	0.031545	27.427	0.036460	-0.69189	-0.69074	-6.5335	33.977	54.613	1459.8	-0.46052	153.96	0.20062	0.015379	0.038864	25.731	7.0283	7.8400	79.477	25.462	34.364	259.19	38.553	3.8857	0.0097988
99.349	0.032106	27.413	0.036479	-0.68280	-0.68163	-6.4420	33.963	54.626	1458.2	-0.46004	153.34	0.20041	0.015346	0.039497	25.318	7.0321	7.8450	79.383	25.467	34.376	259.38	38.403	3.8914	0.0098191
99.516	0.032675	27.399	0.036498	-0.67372	-0.67252	-6.3506	33.949	54.640	1456.6	-0.45955	152.73	0.20019	0.015313	0.040138	24.914	7.0359	7.8500	79.289	25.472	34.389	259.56	38.254	3.8971	0.0098395
99.682	0.033252	27.384	0.036517	-0.66463	-0.66341	-6.2593	33.935	54.654	1455.1	-0.45906	152.12	0.19997	0.015280	0.040787	24.518	7.0397	7.8549	79.196	25.477	34.401	259.74	38.106	3.9029	0.0098599
99.849	0.033838	27.370	0.036536	-0.65554	-0.65430	-6.1682	33.921	54.668	1453.5	-0.45857	151.51	0.19976	0.015247	0.041444	24.129	7.0434	7.8599	79.103	25.482	34.414	259.93	37.959	3.9086	0.0098803
100.02	0.034431	27.356	0.036555	-0.64644	-0.64518	-6.0772	33.907	54.682	1451.9	-0.45807	150.91	0.19954	0.015214	0.042109	23.748	7.0472	7.8649	79.010	25.487	34.426	260.11	37.813	3.9144	0.0099008
100.18	0.035032	27.342	0.036574	-0.63735	-0.63607	-5.9863	33.893	54.696	1450.3	-0.45758	150.32	0.19932	0.015181	0.042783	23.374	7.0510	7.8698	78.918	25.492	34.439	260.29	37.668	3.9201	0.0099212
100.35	0.035642	27.327	0.036594	-0.62825	-0.62695	-5.8956	33.879	54.710	1448.7	-0.45708	149.72	0.19910	0.015148	0.043465	23.007	7.0547	7.8748	78.826	25.497	34.452	260.47	37.524	3.9259	0.0099418
100.51	0.036260	27.313	0.036613	-0.61915	-0.61782	-5.8050	33.865	54.724	1447.1	-0.45657	149.13	0.19888	0.015115	0.044155	22.648	7.0585	7.8797	78.735	25.502	34.465	260.65	37.381	3.9317	0.0099623
100.68	0.036887	27.299	0.036632	-0.61005	-0.60870	-5.7145	33.851	54.739	1445.5	-0.45607	148.55	0.19866	0.015082	0.044854	22.295	7.0622	7.8846	78.644	25.508	34.478	260.83	37.239	3.9374	0.0099829
100.85	0.037522	27.284	0.036651	-0.60094	-0.59957	-5.6241	33.837	54.753	1443.9	-0.45556	147.97	0.19844	0.015049	0.045561	21.949	7.0660	7.8896	78.554	25.513	34.491	261.01	37.099	3.9432	0.010003
101.01	0.038166	27.270	0.036671	-0.59184	-0.59044	-5.5339	33.823	54.767	1442.4	-0.45505	147.39	0.19822	0.015016	0.046276	21.609	7.0697	7.8945	78.463	25.518	34.505	261.19	36.959	3.9490	0.010024
101.18	0.038818	27.255	0.036690	-0.58273	-0.58130	-5.4438	33.809	54.782	1440.8	-0.45454	146.82	0.19800	0.014983	0.047001	21.276	7.0735	7.8994	78.374	25.523	34.518	261.37	36.820	3.9548	0.010045
101.35	0.039479	27.241	0.036709	-0.57362	-0.57217	-5.3538	33.795	54.797	1439.2	-0.45402	146.25	0.19778	0.014950	0.047734	20.950	7.0772	7.9043	78.284	25.529	34.532	261.55	36.682	3.9605	0.010066
101.51	0.040149	27.227	0.036729	-0.56450	-0.56303	-5.2640	33.781	54.811	1437.6	-0.45350	145.69	0.19756	0.014917	0.048475	20.629	7.0809	7.9092	78.195	25.534	34.545	261.72	36.545	3.9663	0.010086
101.68	0.040828	27.212	0.036748	-0.55539	-0.55389	-5.1742	33.768	54.826	1436.0	-0.45298	145.13	0.19734	0.014884	0.049226	20.314	7.0847	7.9141	78.107	25.540	34.559	261.90	36.409	3.9721	0.010107
101.85	0.041517	27.198	0.036768	-0.54627	-0.54474	-5.0846	33.754	54.841	1434.4	-0.45246	144.57	0.19712	0.014852	0.049985	20.006	7.0884	7.9190	78.018	25.545	34.573	262.08	36.274	3.9779	0.010128
102.01	0.042214	27.183	0.036787	-0.53715	-0.53560	-4.9951	33.740	54.856	1432.8	-0.45193	144.02	0.19690	0.014819	0.050754	19.703	7.0921	7.9239	77.930	25.550	34.586	262.25	36.140	3.9837	0.010149
102.18	0.042920	27.169	0.036807	-0.52803	-0.52645	-4.9058	33.727	54.871	1431.2	-0.45140	143.47	0.19668	0.014786	0.051532	19.406	7.0958	7.9287	77.843	25.556	34.600	262.43	36.006	3.9895	0.010169
102.35	0.043636	27.155	0.036826	-0.51890	-0.51730	-4.8165	33.713	54.886	1429.6	-0.45087	142.92	0.19646	0.014753	0.052318	19.114	7.0996	7.9336	77.756	25.561	34.614	262.60	35.874	3.9953	0.010190
102.51	0.044361	27.140	0.036846	-0.50977	-0.50814	-4.7274	33.699	54.901	1428.0	-0.45034	142.38	0.19623	0.014720	0.053114	18.827	7.1033	7.9385	77.669	25.567	34.629	262.78	35.743	4.0011	0.010211
102.68	0.045096	27.126	0.036865	-0.50065	-0.49898	-4.6384	33.686	54.916	1426.4	-0.44980	141.84	0.19601	0.014687	0.053919	18.546	7.1070	7.9433	77.582	25.572	34.643	262.95	35.612	4.0069	0.010232
102.84	0.045840	27.111	0.036885	-0.49151	-0.48982	-4.5495	33.672	54.931	1424.8	-0.44926	141.30	0.19579	0.014654	0.054734	18.270	7.1107	7.9482	77.496	25.578	34.657	263.12	35.483	4.0127	0.010253
103.01	0.046594	27.097	0.036905	-0.48238	-0.48066	-4.4608	33.659	54.946	1423.2	-0.44872	140.77	0.19557	0.014621	0.055558	17.999	7.1144	7.9530	77.411	25.583	34.672	263.29	35.354	4.0185	0.010274
103.18	0.047357	27.082	0.036925	-0.47324	-0.47149	-4.3722	33.645	54.962	1421.5	-0.44817	140.24	0.19534	0.014588	0.056391	17.733	7.1181	7.9579	77.325	25.589	34.686	263.47	35.226	4.0243	0.010295
103.34	0.048131	27.068	0.036944	-0.46410	-0.46232	-4.2836	33.632	54.977	1419.9	-0.44762	139.71	0.19512	0.014556	0.057234	17.472	7.1217	7.9627	77.240	25.595	34.701	263.64	35.099	4.0301	0.010316
103.51	0.048914	27.053	0.036964	-0.45496	-0.45315	-4.1952	33.619	54.993	1418.3	-0.44707	139.19	0.19490	0.014523	0.058086	17.216	7.1254	7.9675	77.155	25.600	34.716	263.81	34.973	4.0359	0.010337
103.68	0.049707	27.039	0.036984	-0.44582	-0.44398	-4.1070	33.605	55.008	1416.7	-0.44652	138.66	0.19467	0.014490	0.058949	16.964	7.1291	7.9723	77.071	25.606	34.731	263.98	34.848	4.0417	0.010359
103.84	0.050511	27.024	0.037004	-0.43667	-0.43480	-4.0188	33.592	55.024	1415.1	-0.44596	138.15	0.19445	0.014457	0.059821	16.717	7.1328	7.9771	76.987	25.612	34.746	264.15	34.724	4.0475	0.010380
104.01	0.051324	27.010	0.037024	-0.42752	-0.42562	-3.9308	33.578	55.040	1413.5	-0.44540	137.63	0.19422	0.014424	0.060702	16.474	7.1364	7.9820	76.903	25.618	34.761	264.32	34.600	4.0534	0.010401
104.18	0.052148	26.995	0.037044	-0.41837	-0.41644	-3.8428	33.565	55.056	1411.9	-0.44484	137.12	0.19400	0.014391	0.061594	16.235	7.1401	7.9867	76.820	25.623	34.776	264.49	34.478	4.0592	0.010422
104.34	0.052982	26.980	0.037064	-0.40922	-0.40725	-3.7550	33.552	55.072	1410.3	-0.44428	136.61	0.19377	0.014359	0.062496	16.001	7.1438	7.9915	76.737	25.629	34.791	264.65	34.356	4.0650	0.010444
104.51	0.053826	26.966	0.037084	-0.40006	-0.39806	-3.6673	33.539	55.087	1408.6	-0.44371	136.11	0.19355	0.014326	0.063408	15.771	7.1474	7.9963	76.654	25.635	34.807	264.82	34.235	4.0709	0.010465
104.68	0.054681	26.951	0.037104	-0.39090	-0.38887	-3.5798	33.525	55.104	1407.0	-0.44314	135.61	0.19332	0.014293	0.064330	15.545	7.1511	8.0011	76.572	25.641	34.822	264.99	34.115	4.0767	0.010486
104.84	0.055547	26.937	0.037124	-0.38174	-0.37968	-3.4923	33.512	55.120	1405.4	-0.44256	135.11	0.19310	0.014260	0.065262	15.323	7.1547	8.0059	76.490	25.647	34.838	265.15	33.995	4.0825	0.010508
105.01	0.056423	26.922	0.037144	-0.37258	-0.37048	-3.4050	33.499	55.136	1403.8	-0.44199	134.61	0.19287	0.014227	0.066204	15.105	7.1584	8.0106	76.409	25.653	34.854	265.32	33.877	4.0884	0.010529
105.18	0.057310	26.907	0.037165	-0.36341	-0.36128	-3.3177	33.486	55.152	1402.2	-0.44141	134.12	0.19265	0.014194	0.067157	14.890	7.1620	8.0154	76.327	25.659	34.870	265.48	33.759	4.0942	0.010550
105.34	0.058208	26.893	0.037185	-0.35424	-0.35208	-3.2306	33.473	55.168	1400.5	-0.44083	133.62	0.19242	0.014162	0.068120	14.680	7.1657	8.0201	76.246	25.664	34.886	265.65	33.642	4.1001	0.010572
105.51	0.059117	26.878	0.037205	-0.34507	-0.34287	-3.1436	33.460	55.185	1398.9	-0.44024	133.14	0.19220	0.014129	0.069094	14.473	7.1693	8.0249	76.166	25.670	34.902	265.81	33.526	4.1059	0.010593
105.67	0.060037	26.863	0.037225	-0.33590	-0.33366	-3.0567	33.447	55.201	1397.3	-0.43965	132.65	0.19197	0.014096	0.070079	14.270	7.1729	8.0296	76.085	25.676	34.918	265.98	33.410	4.1118	0.010615
105.84	0.060969	26.849	0.037246	-0.32672	-0.32445	-2.9699	33.434	55.218	1395.7	-0.43906	132.17	0.19174	0.014063	0.071074	14.070	7.1765	8.0344	76.005	25.683	34.934	266.14	33.296	4.1176	0.010637
106.01	0.061911	26.834	0.037266	-0.31754	-0.31523	-2.8833	33.421	55.234	1394.0	-0.43847	131.69	0.19152	0.014031	0.072079	13.874	7.1801	8.0391	75.925	25.689	34.951	266.30	33.182	4.1235	0.010658
106.17	0.062865	26.819	0.037287	-0.30836	-0.30602	-2.7967	33.408	55.251	1392.4	-0.43787	131.21	0.19129	0.013998	0.073096	13.681	7.1838	8.0438	75.846	25.695	34.967	266.46	33.069	4.1293	0.010680
106.34	0.063830	26.805	0.037307	-0.29918	-0.29679	-2.7103	33.395	55.268	1390.8	-0.43727	130.74	0.19106	0.013965	0.074123	13.491	7.1874	8.0485	75.767	25.701	34.984	266.62	32.956	4.1352	0.010702
106.51	0.064807	26.790	0.037328	-0.28999	-0.28757	-2.6239	33.382	55.285	1389.2	-0.43667	130.26	0.19083	0.013932	0.075162	13.305	7.1910	8.0532	75.688	25.707	35.000	266.78	32.845	4.1411	0.010723
106.67	0.065795	26.775	0.037348	-0.28080	-0.27834	-2.5377	33.369	55.302	1387.5	-0.43606	129.79	0.19061	0.013900	0.076211	13.121	7.1946	8.0579	75.610	25.713	35.017	266.94	32.734	4.1469	0.010745
106.84	0.066795	26.760	0.037369	-0.27161	-0.26911	-2.4516	33.356	55.319	1385.9	-0.43545	129.33	0.19038	0.013867	0.077272	12.941	7.1982	8.0626	75.531	25.719	35.034	267.10	32.624	4.1528	0.010767
107.01	0.067807	26.746	0.037389	-0.26241	-0.25988	-2.3656	33.343	55.336	1384.3	-0.43484	128.86	0.19015	0.013834	0.078343	12.764	7.2017	8.0673	75.454	25.726	35.051	267.26	32.514	4.1587	0.010789
107.17	0.068830	26.731	0.037410	-0.25322	-0.25064	-2.2797	33.330	55.353	1382.6	-0.43423	128.40	0.18992	0.013801	0.079427	12.590	7.2053	8.0719	75.376	25.732	35.069	267.42	32.405	4.1645	0.010811
107.34	0.069866	26.716	0.037431	-0.24402	-0.24140	-2.1939	33.317	55.370	1381.0	-0.43361	127.94	0.18969	0.013769	0.080521	12.419	7.2089	8.0766	75.299	25.738	35.086	267.58	32.297	4.1704	0.010832
107.51	0.070914	26.701	0.037452	-0.23482	-0.23216	-2.1082	33.304	55.388	1379.4	-0.43299	127.48	0.18947	0.013736	0.081627	12.251	7.2125	8.0812	75.222	25.744	35.103	267.73	32.190	4.1763	0.010854
107.67	0.071974	26.686	0.037472	-0.22561	-0.22291	-2.0227	33.292	55.405	1377.7	-0.43236	127.03	0.18924	0.013703	0.082744	12.085	7.2161	8.0859	75.145	25.751	35.121	267.89	32.083	4.1822	0.010876
107.84	0.073046	26.671	0.037493	-0.21640	-0.21366	-1.9372	33.279	55.422	1376.1	-0.43173	126.57	0.18901	0.013671	0.083873	11.923	7.2196	8.0905	75.069	25.757	35.138	268.05	31.977	4.1881	0.010898
108.00	0.074131	26.657	0.037514	-0.20719	-0.20441	-1.8519	33.266	55.440	1374.4	-0.43110	126.12	0.18878	0.013638	0.085014	11.763	7.2232	8.0952	74.993	25.763	35.156	268.20	31.872	4.1939	0.010920
108.17	0.075228	26.642	0.037535	-0.19798	-0.19516	-1.7666	33.253	55.458	1372.8	-0.43047	125.68	0.18855	0.013605	0.086166	11.606	7.2267	8.0998	74.917	25.770	35.174	268.36	31.768	4.1998	0.010942
108.34	0.076338	26.627	0.037556	-0.18876	-0.18590	-1.6815	33.241	55.475	1371.2	-0.42983	125.23	0.18832	0.013572	0.087330	11.451	7.2303	8.1044	74.841	25.776	35.192	268.51	31.664	4.2057	0.010965
108.50	0.077460	26.612	0.037577	-0.17955	-0.17664	-1.5964	33.228	55.493	1369.5	-0.42919	124.79	0.18809	0.013540	0.088506	11.299	7.2338	8.1090	74.766	25.783	35.210	268.66	31.561	4.2116	0.010987
108.67	0.078595	26.597	0.037598	-0.17032	-0.16737	-1.5115	33.215	55.511	1367.9	-0.42855	124.35	0.18786	0.013507	0.089694	11.149	7.2374	8.1136	74.691	25.789	35.228	268.82	31.458	4.2175	0.011009
108.84	0.079743	26.582	0.037619	-0.16110	-0.15810	-1.4267	33.203	55.529	1366.2	-0.42790	123.91	0.18763	0.013474	0.090894	11.002	7.2409	8.1182	74.616	25.796	35.247	268.97	31.356	4.2234	0.011031
109.00	0.080904	26.567	0.037640	-0.15187	-0.14883	-1.3419	33.190	55.547	1364.6	-0.42725	123.47	0.18740	0.013442	0.092106	10.857	7.2444	8.1228	74.542	25.802	35.265	269.12	31.255	4.2293	0.011053
109.17	0.082078	26.552	0.037661	-0.14265	-0.13955	-1.2573	33.177	55.565	1362.9	-0.42659	123.04	0.18717	0.013409	0.093331	10.715	7.2480	8.1274	74.468	25.809	35.284	269.27	31.154	4.2352	0.011076
109.34	0.083265	26.537	0.037683	-0.13341	-0.13028	-1.1728	33.165	55.583	1361.3	-0.42594	122.60	0.18694	0.013377	0.094568	10.574	7.2515	8.1320	74.394	25.816	35.303	269.42	31.054	4.2411	0.011098
109.50	0.084466	26.522	0.037704	-0.12418	-0.12099	-1.0884	33.152	55.601	1359.6	-0.42528	122.17	0.18671	0.013344	0.095817	10.437	7.2550	8.1365	74.321	25.822	35.321	269.57	30.955	4.2470	0.011120
109.67	0.085679	26.508	0.037725	-0.11494	-0.11171	-1.0041	33.140	55.620	1358.0	-0.42461	121.75	0.18648	0.013311	0.097078	10.301	7.2585	8.1411	74.247	25.829	35.340	269.72	30.856	4.2530	0.011143
109.84	0.086906	26.493	0.037746	-0.10570	-0.10242	-0.91987	33.127	55.638	1356.3	-0.42395	121.32	0.18625	0.013279	0.098353	10.168	7.2620	8.1456	74.174	25.835	35.360	269.87	30.758	4.2589	0.011165
110.00	0.088147	26.478	0.037768	-0.096458	-0.093129	-0.83576	33.115	55.657	1354.7	-0.42328	120.90	0.18602	0.013246	0.099639	10.036	7.2655	8.1502	74.102	25.842	35.379	270.02	30.661	4.2648	0.011188
110.17	0.089401	26.463	0.037789	-0.087213	-0.083834	-0.75176	33.102	55.675	1353.0	-0.42260	120.48	0.18579	0.013214	0.10094	9.9070	7.2690	8.1547	74.029	25.849	35.398	270.16	30.564	4.2707	0.011210
110.34	0.090670	26.448	0.037811	-0.077964	-0.074536	-0.66785	33.090	55.694	1351.4	-0.42192	120.06	0.18556	0.013181	0.10225	9.7799	7.2725	8.1592	73.957	25.856	35.418	270.31	30.468	4.2766	0.011233
110.50	0.091952	26.432	0.037832	-0.068712	-0.065234	-0.58405	33.077	55.713	1349.7	-0.42124	119.64	0.18533	0.013148	0.10358	9.6547	7.2760	8.1637	73.885	25.862	35.437	270.46	30.373	4.2825	0.011256
110.67	0.093247	26.417	0.037854	-0.059458	-0.055928	-0.50035	33.065	55.731	1348.1	-0.42056	119.22	0.18509	0.013116	0.10491	9.5316	7.2794	8.1682	73.813	25.869	35.457	270.60	30.278	4.2885	0.011278
110.83	0.094557	26.402	0.037875	-0.050201	-0.046620	-0.41674	33.052	55.750	1346.4	-0.41987	118.81	0.18486	0.013083	0.10627	9.4104	7.2829	8.1727	73.742	25.876	35.477	270.75	30.183	4.2944	0.011301
111.00	0.095882	26.387	0.037897	-0.040941	-0.037307	-0.33324	33.040	55.769	1344.8	-0.41918	118.40	0.18463	0.013051	0.10763	9.2911	7.2864	8.1772	73.671	25.883	35.497	270.89	30.089	4.3003	0.011324
111.17	0.097220	26.372	0.037919	-0.031678	-0.027992	-0.24984	33.028	55.788	1343.1	-0.41848	117.99	0.18440	0.013018	0.10901	9.1737	7.2898	8.1817	73.600	25.890	35.517	271.04	29.996	4.3063	0.011346
111.33	0.098573	26.357	0.037940	-0.022413	-0.018673	-0.16653	33.015	55.808	1341.4	-0.41779	117.58	0.18417	0.012986	0.11040	9.0582	7.2933	8.1862	73.529	25.897	35.537	271.18	29.904	4.3122	0.011369
111.50	0.099940	26.342	0.037962	-0.013144	-0.0093500	-0.083322	33.003	55.827	1339.8	-0.41708	117.17	0.18394	0.012953	0.11180	8.9444	7.2967	8.1906	73.459	25.904	35.557	271.32	29.812	4.3182	0.011392
111.67	0.10132	26.327	0.037984	-0.0038725	-2.3900e-05	-0.00021282	32.991	55.846	1338.1	-0.41638	116.77	0.18370	0.012921	0.11322	8.8324	7.3002	8.1951	73.389	25.911	35.578	271.46	29.720	4.3241	0.011415
111.83	0.10272	26.312	0.038006	0.0054019	0.0093058	0.082799	32.978	55.866	1336.4	-0.41567	116.37	0.18347	0.012888	0.11465	8.7222	7.3036	8.1996	73.319	25.918	35.598	271.60	29.629	4.3300	0.011438
112.00	0.10413	26.297	0.038028	0.014679	0.018639	0.16571	32.966	55.885	1334.8	-0.41496	115.97	0.18324	0.012856	0.11610	8.6136	7.3071	8.2040	73.249	25.925	35.619	271.74	29.539	4.3360	0.011461
112.17	0.10555	26.281	0.038050	0.023959	0.027976	0.24853	32.954	55.905	1333.1	-0.41424	115.57	0.18301	0.012823	0.11755	8.5068	7.3105	8.2084	73.180	25.932	35.640	271.88	29.449	4.3419	0.011484
112.33	0.10700	26.266	0.038072	0.033243	0.037316	0.33125	32.942	55.925	1331.4	-0.41352	115.17	0.18277	0.012791	0.11903	8.4015	7.3139	8.2128	73.111	25.939	35.661	272.02	29.360	4.3479	0.011507
112.50	0.10845	26.251	0.038094	0.042529	0.046660	0.41388	32.930	55.944	1329.8	-0.41279	114.78	0.18254	0.012758	0.12051	8.2979	7.3173	8.2173	73.042	25.946	35.682	272.16	29.272	4.3538	0.011530
112.67	0.10992	26.236	0.038116	0.051818	0.056008	0.49641	32.917	55.964	1328.1	-0.41207	114.39	0.18231	0.012726	0.12201	8.1959	7.3208	8.2217	72.973	25.953	35.703	272.30	29.184	4.3598	0.011553
112.83	0.11141	26.221	0.038138	0.061110	0.065359	0.57885	32.905	55.984	1326.4	-0.41134	113.99	0.18207	0.012693	0.12353	8.0955	7.3242	8.2261	72.905	25.960	35.725	272.44	29.096	4.3658	0.011576
113.00	0.11291	26.205	0.038160	0.070405	0.074713	0.66119	32.893	56.004	1324.8	-0.41060	113.61	0.18184	0.012661	0.12505	7.9965	7.3276	8.2305	72.837	25.967	35.746	272.58	29.009	4.3717	0.011600
113.16	0.11443	26.190	0.038182	0.079703	0.084072	0.74343	32.881	56.024	1323.1	-0.40986	113.22	0.18161	0.012628	0.12660	7.8991	7.3310	8.2348	72.769	25.975	35.768	272.71	28.923	4.3777	0.011623
113.33	0.11596	26.175	0.038205	0.089004	0.093434	0.82559	32.869	56.045	1321.4	-0.40912	112.83	0.18137	0.012596	0.12815	7.8032	7.3343	8.2392	72.701	25.982	35.790	272.85	28.837	4.3837	0.011646
113.50	0.11751	26.159	0.038227	0.098308	0.10280	0.90764	32.857	56.065	1319.7	-0.40837	112.45	0.18114	0.012563	0.12972	7.7086	7.3377	8.2436	72.634	25.989	35.812	272.98	28.752	4.3896	0.011669
113.66	0.11907	26.144	0.038249	0.10761	0.11217	0.98961	32.845	56.085	1318.1	-0.40762	112.07	0.18091	0.012531	0.13131	7.6156	7.3411	8.2479	72.567	25.996	35.834	273.12	28.667	4.3956	0.011693
113.83	0.12065	26.129	0.038272	0.11692	0.12154	1.0715	32.833	56.106	1316.4	-0.40687	111.69	0.18067	0.012499	0.13291	7.5239	7.3445	8.2523	72.500	26.004	35.856	273.25	28.582	4.4016	0.011716
114.00	0.12225	26.114	0.038294	0.12624	0.13092	1.1533	32.821	56.127	1314.7	-0.40611	111.31	0.18044	0.012466	0.13453	7.4336	7.3478	8.2566	72.433	26.011	35.879	273.38	28.499	4.4076	0.011740
114.16	0.12386	26.098	0.038317	0.13555	0.14030	1.2349	32.809	56.147	1313.0	-0.40534	110.93	0.18021	0.012434	0.13615	7.3446	7.3512	8.2609	72.367	26.019	35.901	273.52	28.415	4.4135	0.011763
114.33	0.12549	26.083	0.038339	0.14487	0.14968	1.3165	32.797	56.168	1311.4	-0.40458	110.55	0.17997	0.012402	0.13780	7.2569	7.3546	8.2653	72.300	26.026	35.924	273.65	28.332	4.4195	0.011787
114.50	0.12714	26.067	0.038362	0.15420	0.15907	1.3981	32.785	56.189	1309.7	-0.40381	110.18	0.17974	0.012369	0.13946	7.1706	7.3579	8.2696	72.234	26.033	35.946	273.78	28.250	4.4255	0.011810
114.66	0.12880	26.052	0.038385	0.16352	0.16847	1.4795	32.773	56.210	1308.0	-0.40303	109.81	0.17950	0.012337	0.14113	7.0855	7.3613	8.2739	72.168	26.041	35.969	273.91	28.168	4.4315	0.011834
114.83	0.13048	26.037	0.038407	0.17285	0.17786	1.5608	32.761	56.231	1306.3	-0.40225	109.44	0.17927	0.012304	0.14282	7.0017	7.3646	8.2782	72.103	26.048	35.993	274.04	28.087	4.4375	0.011858
115.00	0.13217	26.021	0.038430	0.18218	0.18726	1.6420	32.749	56.253	1304.6	-0.40147	109.07	0.17904	0.012272	0.14453	6.9191	7.3679	8.2824	72.037	26.056	36.016	274.17	28.006	4.4435	0.011881
115.16	0.13388	26.006	0.038453	0.19152	0.19666	1.7232	32.737	56.274	1302.9	-0.40068	108.70	0.17880	0.012240	0.14625	6.8378	7.3712	8.2867	71.972	26.063	36.039	274.30	27.926	4.4495	0.011905
115.33	0.13561	25.990	0.038476	0.20085	0.20607	1.8042	32.725	56.295	1301.3	-0.39989	108.34	0.17857	0.012208	0.14798	6.7576	7.3746	8.2910	71.907	26.071	36.063	274.43	27.846	4.4555	0.011929
115.50	0.13736	25.975	0.038499	0.21020	0.21548	1.8852	32.713	56.317	1299.6	-0.39910	107.97	0.17833	0.012175	0.14973	6.6786	7.3779	8.2952	71.843	26.079	36.086	274.56	27.767	4.4615	0.011953
115.66	0.13912	25.959	0.038522	0.21954	0.22490	1.9661	32.701	56.338	1297.9	-0.39830	107.61	0.17810	0.012143	0.15150	6.6007	7.3812	8.2995	71.778	26.086	36.110	274.68	27.688	4.4675	0.011977
115.83	0.14090	25.944	0.038545	0.22889	0.23432	2.0468	32.690	56.360	1296.2	-0.39750	107.25	0.17786	0.012111	0.15328	6.5240	7.3845	8.3037	71.714	26.094	36.134	274.81	27.610	4.4735	0.012001
115.99	0.14269	25.928	0.038568	0.23824	0.24374	2.1275	32.678	56.382	1294.5	-0.39669	106.89	0.17763	0.012078	0.15508	6.4484	7.3878	8.3079	71.650	26.101	36.158	274.93	27.532	4.4795	0.012025
116.16	0.14451	25.913	0.038591	0.24759	0.25317	2.2082	32.666	56.404	1292.8	-0.39588	106.53	0.17739	0.012046	0.15689	6.3738	7.3911	8.3121	71.586	26.109	36.182	275.06	27.454	4.4855	0.012049
116.33	0.14634	25.897	0.038614	0.25695	0.26260	2.2887	32.654	56.426	1291.1	-0.39506	106.17	0.17716	0.012014	0.15872	6.3004	7.3944	8.3164	71.522	26.117	36.207	275.18	27.377	4.4915	0.012073
116.49	0.14819	25.882	0.038637	0.26631	0.27203	2.3691	32.642	56.448	1289.4	-0.39424	105.82	0.17692	0.011982	0.16057	6.2280	7.3976	8.3206	71.459	26.125	36.231	275.31	27.301	4.4975	0.012097
116.66	0.15006	25.866	0.038660	0.27567	0.28147	2.4495	32.631	56.470	1287.7	-0.39341	105.47	0.17669	0.011949	0.16243	6.1566	7.4009	8.3247	71.396	26.132	36.256	275.43	27.225	4.5036	0.012121
116.83	0.15194	25.851	0.038684	0.28504	0.29092	2.5297	32.619	56.493	1286.0	-0.39258	105.11	0.17645	0.011917	0.16431	6.0862	7.4042	8.3289	71.332	26.140	36.281	275.55	27.149	4.5096	0.012146
116.99	0.15384	25.835	0.038707	0.29441	0.30036	2.6099	32.607	56.515	1284.3	-0.39175	104.76	0.17622	0.011885	0.16620	6.0169	7.4074	8.3331	71.270	26.148	36.306	275.67	27.074	4.5156	0.012170
117.16	0.15576	25.819	0.038730	0.30378	0.30982	2.6900	32.596	56.538	1282.6	-0.39091	104.41	0.17598	0.011853	0.16811	5.9485	7.4107	8.3372	71.207	26.156	36.331	275.80	26.999	4.5216	0.012194
117.33	0.15770	25.804	0.038754	0.31316	0.31927	2.7700	32.584	56.560	1280.9	-0.39007	104.07	0.17575	0.011821	0.17004	5.8811	7.4139	8.3414	71.145	26.164	36.357	275.92	26.925	4.5277	0.012218
117.49	0.15966	25.788	0.038777	0.32254	0.32873	2.8499	32.572	56.583	1279.2	-0.38922	103.72	0.17551	0.011788	0.17198	5.8147	7.4172	8.3455	71.082	26.172	36.382	276.04	26.851	4.5337	0.012243
117.66	0.16164	25.773	0.038801	0.33192	0.33819	2.9298	32.561	56.606	1277.5	-0.38837	103.38	0.17527	0.011756	0.17394	5.7491	7.4204	8.3497	71.020	26.180	36.408	276.16	26.778	4.5397	0.012267
117.83	0.16363	25.757	0.038825	0.34131	0.34766	3.0095	32.549	56.629	1275.8	-0.38751	103.03	0.17504	0.011724	0.17592	5.6845	7.4236	8.3538	70.959	26.188	36.434	276.27	26.705	4.5458	0.012292
117.99	0.16564	25.741	0.038848	0.35070	0.35713	3.0892	32.538	56.652	1274.1	-0.38665	102.69	0.17480	0.011692	0.17791	5.6208	7.4268	8.3579	70.897	26.196	36.460	276.39	26.632	4.5518	0.012316
118.16	0.16767	25.725	0.038872	0.36009	0.36661	3.1688	32.526	56.676	1272.4	-0.38579	102.35	0.17457	0.011660	0.17992	5.5580	7.4301	8.3620	70.835	26.204	36.486	276.51	26.560	4.5579	0.012341
118.32	0.16972	25.710	0.038896	0.36949	0.37609	3.2483	32.515	56.699	1270.7	-0.38492	102.01	0.17433	0.011628	0.18195	5.4961	7.4333	8.3661	70.774	26.212	36.512	276.63	26.488	4.5639	0.012366
118.49	0.17179	25.694	0.038920	0.37889	0.38557	3.3277	32.503	56.722	1269.0	-0.38404	101.68	0.17410	0.011596	0.18399	5.4350	7.4365	8.3702	70.713	26.220	36.539	276.74	26.417	4.5700	0.012390
118.66	0.17388	25.678	0.038943	0.38829	0.39506	3.4070	32.492	56.746	1267.3	-0.38316	101.34	0.17386	0.011563	0.18605	5.3748	7.4397	8.3742	70.652	26.228	36.565	276.86	26.346	4.5760	0.012415
118.82	0.17599	25.662	0.038967	0.39770	0.40456	3.4863	32.480	56.770	1265.6	-0.38228	101.01	0.17362	0.011531	0.18813	5.3154	7.4429	8.3783	70.592	26.236	36.592	276.97	26.276	4.5821	0.012440
118.99	0.17811	25.647	0.038991	0.40711	0.41405	3.5655	32.469	56.794	1263.9	-0.38139	100.67	0.17339	0.011499	0.19023	5.2568	7.4460	8.3823	70.531	26.244	36.619	277.09	26.206	4.5882	0.012465
119.16	0.18026	25.631	0.039015	0.41652	0.42356	3.6446	32.457	56.817	1262.2	-0.38049	100.34	0.17315	0.011467	0.19234	5.1990	7.4492	8.3864	70.471	26.253	36.646	277.20	26.136	4.5942	0.012490
119.32	0.18243	25.615	0.039040	0.42594	0.43306	3.7236	32.446	56.842	1260.5	-0.37960	100.01	0.17292	0.011435	0.19447	5.1421	7.4524	8.3904	70.411	26.261	36.673	277.31	26.067	4.6003	0.012515
119.49	0.18461	25.599	0.039064	0.43536	0.44257	3.8025	32.434	56.866	1258.7	-0.37869	99.680	0.17268	0.011403	0.19662	5.0858	7.4555	8.3944	70.351	26.269	36.701	277.42	25.998	4.6064	0.012540
119.66	0.18682	25.583	0.039088	0.44478	0.45209	3.8814	32.423	56.890	1257.0	-0.37778	99.352	0.17244	0.011371	0.19879	5.0304	7.4587	8.3984	70.291	26.277	36.728	277.54	25.930	4.6124	0.012565
119.82	0.18904	25.567	0.039112	0.45421	0.46161	3.9601	32.412	56.915	1255.3	-0.37687	99.026	0.17221	0.011339	0.20098	4.9757	7.4618	8.4024	70.232	26.286	36.756	277.65	25.862	4.6185	0.012590
119.99	0.19128	25.552	0.039137	0.46364	0.47113	4.0388	32.400	56.939	1253.6	-0.37595	98.701	0.17197	0.011307	0.20318	4.9218	7.4650	8.4064	70.172	26.294	36.784	277.76	25.794	4.6246	0.012615
120.16	0.19355	25.536	0.039161	0.47308	0.48066	4.1174	32.389	56.964	1251.9	-0.37503	98.377	0.17173	0.011275	0.20540	4.8685	7.4681	8.4104	70.113	26.303	36.812	277.87	25.727	4.6307	0.012640
120.32	0.19583	25.520	0.039185	0.48252	0.49019	4.1960	32.378	56.989	1250.1	-0.37410	98.054	0.17150	0.011243	0.20764	4.8160	7.4712	8.4144	70.054	26.311	36.841	277.97	25.660	4.6368	0.012665
120.49	0.19814	25.504	0.039210	0.49196	0.49973	4.2744	32.366	57.013	1248.4	-0.37316	97.733	0.17126	0.011211	0.20990	4.7642	7.4744	8.4183	69.995	26.319	36.869	278.08	25.593	4.6428	0.012691
120.66	0.20046	25.488	0.039234	0.50140	0.50927	4.3528	32.355	57.039	1246.7	-0.37223	97.413	0.17102	0.011179	0.21217	4.7131	7.4775	8.4223	69.937	26.328	36.898	278.19	25.527	4.6489	0.012716
120.82	0.20281	25.472	0.039259	0.51085	0.51881	4.4311	32.344	57.064	1245.0	-0.37128	97.094	0.17079	0.011147	0.21447	4.6627	7.4806	8.4262	69.878	26.336	36.927	278.30	25.462	4.6550	0.012742
120.99	0.20518	25.456	0.039284	0.52030	0.52836	4.5093	32.333	57.089	1243.3	-0.37033	96.777	0.17055	0.011115	0.21678	4.6129	7.4837	8.4301	69.820	26.345	36.956	278.40	25.396	4.6611	0.012767
121.15	0.20756	25.440	0.039308	0.52976	0.53792	4.5875	32.322	57.115	1241.5	-0.36938	96.460	0.17031	0.011083	0.21911	4.5639	7.4868	8.4341	69.762	26.353	36.985	278.51	25.331	4.6672	0.012793
121.32	0.20997	25.424	0.039333	0.53922	0.54748	4.6655	32.310	57.140	1239.8	-0.36842	96.145	0.17008	0.011051	0.22146	4.5154	7.4899	8.4380	69.704	26.362	37.015	278.61	25.267	4.6733	0.012818
121.49	0.21240	25.408	0.039358	0.54868	0.55704	4.7435	32.299	57.166	1238.1	-0.36745	95.832	0.16984	0.011019	0.22383	4.4676	7.4929	8.4419	69.646	26.371	37.044	278.72	25.202	4.6795	0.012844
121.65	0.21485	25.392	0.039383	0.55815	0.56661	4.8215	32.288	57.192	1236.3	-0.36648	95.519	0.16960	0.010988	0.22622	4.4204	7.4960	8.4457	69.588	26.379	37.074	278.82	25.139	4.6856	0.012869
121.82	0.21732	25.376	0.039408	0.56762	0.57619	4.8993	32.277	57.218	1234.6	-0.36551	95.208	0.16937	0.010956	0.22863	4.3739	7.4991	8.4496	69.531	26.388	37.104	278.92	25.075	4.6917	0.012895
121.99	0.21982	25.360	0.039433	0.57710	0.58576	4.9771	32.266	57.244	1232.9	-0.36453	94.898	0.16913	0.010924	0.23106	4.3279	7.5021	8.4535	69.474	26.397	37.134	279.02	25.012	4.6978	0.012921
122.15	0.22233	25.343	0.039458	0.58657	0.59535	5.0548	32.255	57.270	1231.2	-0.36354	94.589	0.16889	0.010892	0.23350	4.2826	7.5052	8.4573	69.416	26.405	37.164	279.13	24.949	4.7039	0.012947
122.32	0.22486	25.327	0.039483	0.59606	0.60493	5.1324	32.244	57.296	1229.4	-0.36255	94.282	0.16865	0.010860	0.23597	4.2379	7.5082	8.4612	69.359	26.414	37.195	279.23	24.887	4.7101	0.012973
122.49	0.22742	25.311	0.039508	0.60554	0.61453	5.2099	32.233	57.323	1227.7	-0.36155	93.975	0.16842	0.010828	0.23845	4.1937	7.5113	8.4650	69.303	26.423	37.226	279.33	24.825	4.7162	0.012999
122.65	0.23000	25.295	0.039534	0.61503	0.62412	5.2874	32.222	57.350	1226.0	-0.36055	93.670	0.16818	0.010796	0.24096	4.1501	7.5143	8.4688	69.246	26.432	37.257	279.43	24.763	4.7223	0.013025
122.82	0.23260	25.279	0.039559	0.62452	0.63372	5.3648	32.211	57.376	1224.2	-0.35954	93.366	0.16794	0.010765	0.24348	4.1071	7.5173	8.4726	69.190	26.441	37.288	279.52	24.701	4.7285	0.013051
122.99	0.23522	25.263	0.039584	0.63402	0.64333	5.4421	32.200	57.403	1222.5	-0.35852	93.063	0.16771	0.010733	0.24603	4.0646	7.5203	8.4764	69.133	26.450	37.319	279.62	24.640	4.7346	0.013077
123.15	0.23787	25.246	0.039610	0.64352	0.65294	5.5193	32.189	57.430	1220.7	-0.35750	92.762	0.16747	0.010701	0.24859	4.0227	7.5233	8.4802	69.077	26.459	37.351	279.72	24.580	4.7407	0.013103
123.32	0.24054	25.230	0.039635	0.65303	0.66256	5.5965	32.178	57.458	1219.0	-0.35648	92.461	0.16723	0.010669	0.25118	3.9813	7.5263	8.4840	69.021	26.468	37.382	279.82	24.519	4.7469	0.013129
123.48	0.24323	25.214	0.039661	0.66253	0.67218	5.6736	32.167	57.485	1217.3	-0.35545	92.162	0.16699	0.010638	0.25378	3.9404	7.5293	8.4877	68.965	26.476	37.414	279.91	24.459	4.7530	0.013156
123.65	0.24594	25.198	0.039686	0.67205	0.68181	5.7506	32.156	57.513	1215.5	-0.35441	91.864	0.16676	0.010606	0.25641	3.9001	7.5323	8.4915	68.910	26.486	37.446	280.01	24.400	4.7592	0.013182
123.82	0.24867	25.181	0.039712	0.68156	0.69144	5.8276	32.145	57.540	1213.8	-0.35336	91.567	0.16652	0.010574	0.25905	3.8602	7.5353	8.4952	68.854	26.495	37.479	280.10	24.340	4.7654	0.013208
123.98	0.25143	25.165	0.039738	0.69108	0.70107	5.9045	32.134	57.568	1212.0	-0.35232	91.271	0.16628	0.010542	0.26172	3.8209	7.5383	8.4990	68.799	26.504	37.511	280.20	24.281	4.7715	0.013235
124.15	0.25421	25.149	0.039764	0.70061	0.71071	5.9813	32.124	57.596	1210.3	-0.35126	90.976	0.16604	0.010511	0.26440	3.7821	7.5412	8.5027	68.743	26.513	37.544	280.29	24.222	4.7777	0.013261
124.32	0.25701	25.132	0.039790	0.71013	0.72036	6.0580	32.113	57.624	1208.5	-0.35020	90.683	0.16581	0.010479	0.26711	3.7438	7.5442	8.5064	68.688	26.522	37.577	280.38	24.164	4.7839	0.013288
124.48	0.25984	25.116	0.039816	0.71966	0.73001	6.1347	32.102	57.652	1206.8	-0.34913	90.390	0.16557	0.010447	0.26984	3.7059	7.5471	8.5101	68.633	26.531	37.610	280.47	24.106	4.7900	0.013314
124.65	0.26269	25.099	0.039842	0.72920	0.73967	6.2113	32.091	57.681	1205.0	-0.34806	90.099	0.16533	0.010416	0.27259	3.6686	7.5501	8.5137	68.579	26.540	37.643	280.57	24.048	4.7962	0.013341
124.82	0.26556	25.083	0.039868	0.73874	0.74933	6.2879	32.080	57.709	1203.3	-0.34698	89.809	0.16509	0.010384	0.27536	3.6317	7.5530	8.5174	68.524	26.550	37.677	280.66	23.991	4.8024	0.013368
124.98	0.26846	25.067	0.039894	0.74828	0.75899	6.3643	32.070	57.738	1201.5	-0.34589	89.520	0.16486	0.010352	0.27815	3.5952	7.5559	8.5211	68.470	26.559	37.711	280.75	23.934	4.8086	0.013395
125.15	0.27138	25.050	0.039920	0.75783	0.76866	6.4407	32.059	57.767	1199.8	-0.34480	89.232	0.16462	0.010321	0.28096	3.5592	7.5588	8.5247	68.415	26.568	37.745	280.84	23.877	4.8148	0.013422
125.32	0.27432	25.034	0.039946	0.76738	0.77834	6.5171	32.048	57.796	1198.0	-0.34371	88.945	0.16438	0.010289	0.28379	3.5237	7.5617	8.5284	68.361	26.577	37.779	280.92	23.820	4.8210	0.013448
125.48	0.27729	25.017	0.039973	0.77694	0.78802	6.5933	32.038	57.825	1196.3	-0.34260	88.659	0.16414	0.010258	0.28665	3.4886	7.5646	8.5320	68.307	26.587	37.813	281.01	23.764	4.8272	0.013475
125.65	0.28028	25.001	0.039999	0.78650	0.79771	6.6695	32.027	57.855	1194.5	-0.34149	88.375	0.16391	0.010226	0.28952	3.4539	7.5675	8.5356	68.253	26.596	37.848	281.10	23.708	4.8334	0.013502
125.82	0.28329	24.984	0.040025	0.79606	0.80740	6.7456	32.017	57.884	1192.7	-0.34037	88.091	0.16367	0.010194	0.29242	3.4197	7.5704	8.5392	68.199	26.606	37.883	281.19	23.652	4.8396	0.013530
125.98	0.28633	24.968	0.040052	0.80563	0.81710	6.8217	32.006	57.914	1191.0	-0.33925	87.808	0.16343	0.010163	0.29534	3.3859	7.5733	8.5428	68.146	26.615	37.918	281.27	23.597	4.8458	0.013557
126.15	0.28939	24.951	0.040079	0.81520	0.82680	6.8977	31.995	57.944	1189.2	-0.33812	87.527	0.16319	0.010131	0.29829	3.3525	7.5762	8.5464	68.092	26.625	37.953	281.36	23.542	4.8520	0.013584
126.31	0.29248	24.934	0.040105	0.82478	0.83651	6.9736	31.985	57.974	1187.5	-0.33699	87.246	0.16296	0.010100	0.30125	3.3195	7.5790	8.5499	68.039	26.634	37.989	281.44	23.487	4.8582	0.013611
126.48	0.29559	24.918	0.040132	0.83436	0.84622	7.0495	31.974	58.004	1185.7	-0.33584	86.967	0.16272	0.010068	0.30424	3.2869	7.5819	8.5535	67.986	26.644	38.024	281.52	23.433	4.8645	0.013639
126.65	0.29873	24.901	0.040159	0.84394	0.85594	7.1252	31.964	58.034	1183.9	-0.33469	86.689	0.16248	0.010037	0.30724	3.2547	7.5847	8.5570	67.933	26.653	38.060	281.61	23.379	4.8707	0.013666
126.81	0.30189	24.884	0.040186	0.85353	0.86566	7.2010	31.953	58.065	1182.2	-0.33354	86.411	0.16224	0.010005	0.31028	3.2229	7.5876	8.5605	67.880	26.663	38.096	281.69	23.325	4.8769	0.013693
126.98	0.30507	24.868	0.040213	0.86312	0.87539	7.2766	31.943	58.096	1180.4	-0.33238	86.135	0.16201	0.0099738	0.31333	3.1915	7.5904	8.5641	67.827	26.673	38.133	281.77	23.272	4.8832	0.013721
127.15	0.30828	24.851	0.040240	0.87272	0.88513	7.3522	31.932	58.126	1178.6	-0.33121	85.860	0.16177	0.0099424	0.31641	3.1605	7.5932	8.5676	67.774	26.682	38.170	281.85	23.218	4.8894	0.013749
127.31	0.31152	24.834	0.040267	0.88232	0.89487	7.4278	31.922	58.158	1176.8	-0.33003	85.586	0.16153	0.0099109	0.31950	3.1298	7.5960	8.5710	67.722	26.692	38.207	281.93	23.165	4.8957	0.013776
127.48	0.31478	24.818	0.040294	0.89193	0.90461	7.5032	31.912	58.189	1175.1	-0.32885	85.313	0.16129	0.0098795	0.32263	3.0996	7.5988	8.5745	67.669	26.702	38.244	282.01	23.113	4.9019	0.013804
127.65	0.31807	24.801	0.040321	0.90154	0.91436	7.5786	31.901	58.220	1173.3	-0.32766	85.041	0.16105	0.0098481	0.32577	3.0696	7.6016	8.5780	67.617	26.712	38.281	282.09	23.060	4.9082	0.013832
127.81	0.32138	24.784	0.040348	0.91115	0.92412	7.6540	31.891	58.252	1171.5	-0.32646	84.769	0.16082	0.0098167	0.32894	3.0401	7.6044	8.5814	67.565	26.721	38.319	282.17	23.008	4.9144	0.013860
127.98	0.32472	24.767	0.040376	0.92077	0.93388	7.7292	31.881	58.284	1169.7	-0.32526	84.499	0.16058	0.0097853	0.33213	3.0109	7.6072	8.5849	67.513	26.731	38.357	282.25	22.956	4.9207	0.013888
128.15	0.32808	24.751	0.040403	0.93039	0.94365	7.8044	31.870	58.315	1168.0	-0.32405	84.230	0.16034	0.0097539	0.33534	2.9820	7.6100	8.5883	67.461	26.741	38.395	282.32	22.905	4.9270	0.013916
128.31	0.33147	24.734	0.040431	0.94002	0.95342	7.8796	31.860	58.348	1166.2	-0.32283	83.962	0.16010	0.0097226	0.33858	2.9535	7.6127	8.5917	67.409	26.751	38.433	282.40	22.853	4.9333	0.013944
128.48	0.33488	24.717	0.040458	0.94965	0.96320	7.9547	31.850	58.380	1164.4	-0.32160	83.695	0.15987	0.0096912	0.34184	2.9253	7.6155	8.5951	67.357	26.761	38.472	282.47	22.802	4.9395	0.013972
128.64	0.33832	24.700	0.040486	0.95929	0.97298	8.0297	31.840	58.412	1162.6	-0.32037	83.429	0.15963	0.0096599	0.34513	2.8975	7.6182	8.5985	67.306	26.771	38.510	282.55	22.751	4.9458	0.014000
128.81	0.34179	24.683	0.040514	0.96893	0.98278	8.1047	31.830	58.445	1160.8	-0.31913	83.164	0.15939	0.0096286	0.34844	2.8699	7.6210	8.6019	67.254	26.781	38.550	282.62	22.701	4.9521	0.014028
128.98	0.34528	24.666	0.040541	0.97857	0.99257	8.1796	31.819	58.478	1159.1	-0.31789	82.899	0.15915	0.0095973	0.35177	2.8427	7.6237	8.6053	67.203	26.791	38.589	282.69	22.651	4.9584	0.014056
129.14	0.34880	24.649	0.040569	0.98822	1.0024	8.2544	31.809	58.511	1157.3	-0.31663	82.636	0.15891	0.0095660	0.35513	2.8159	7.6264	8.6086	67.152	26.801	38.629	282.77	22.601	4.9647	0.014085
129.31	0.35235	24.632	0.040597	0.99788	1.0122	8.3292	31.799	58.544	1155.5	-0.31537	82.374	0.15868	0.0095347	0.35851	2.7893	7.6292	8.6120	67.101	26.812	38.668	282.84	22.551	4.9710	0.014113
129.48	0.35592	24.615	0.040625	1.0075	1.0220	8.4039	31.789	58.578	1153.7	-0.31410	82.113	0.15844	0.0095035	0.36192	2.7631	7.6319	8.6153	67.050	26.822	38.709	282.91	22.501	4.9774	0.014142
129.64	0.35952	24.598	0.040653	1.0172	1.0318	8.4786	31.779	58.611	1151.9	-0.31283	81.852	0.15820	0.0094723	0.36535	2.7371	7.6346	8.6186	66.999	26.832	38.749	282.98	22.452	4.9837	0.014170
129.81	0.36314	24.581	0.040682	1.0269	1.0416	8.5532	31.769	58.645	1150.1	-0.31154	81.593	0.15796	0.0094410	0.36880	2.7115	7.6372	8.6219	66.948	26.842	38.790	283.05	22.403	4.9900	0.014199
129.98	0.36680	24.564	0.040710	1.0365	1.0515	8.6277	31.759	58.679	1148.3	-0.31025	81.334	0.15772	0.0094098	0.37228	2.6861	7.6399	8.6252	66.898	26.853	38.831	283.12	22.354	4.9963	0.014228
130.14	0.37048	24.547	0.040738	1.0462	1.0613	8.7022	31.749	58.713	1146.5	-0.30895	81.077	0.15749	0.0093786	0.37579	2.6611	7.6426	8.6285	66.847	26.863	38.872	283.19	22.306	5.0027	0.014257
130.31	0.37418	24.530	0.040767	1.0559	1.0711	8.7766	31.739	58.748	1144.7	-0.30764	80.820	0.15725	0.0093475	0.37932	2.6363	7.6453	8.6317	66.797	26.873	38.913	283.25	22.258	5.0090	0.014285
130.48	0.37792	24.513	0.040795	1.0656	1.0810	8.8510	31.729	58.783	1142.9	-0.30633	80.565	0.15701	0.0093163	0.38287	2.6118	7.6479	8.6350	66.747	26.884	38.955	283.32	22.210	5.0154	0.014314
130.64	0.38168	24.496	0.040824	1.0753	1.0909	8.9253	31.719	58.817	1141.2	-0.30500	80.310	0.15677	0.0092852	0.38645	2.5877	7.6505	8.6382	66.697	26.894	38.997	283.39	22.162	5.0217	0.014343
130.81	0.38547	24.478	0.040852	1.0850	1.1007	8.9995	31.709	58.852	1139.4	-0.30367	80.056	0.15654	0.0092540	0.39006	2.5637	7.6532	8.6414	66.647	26.905	39.039	283.45	22.114	5.0281	0.014372
130.97	0.38929	24.461	0.040881	1.0947	1.1106	9.0737	31.699	58.888	1137.6	-0.30233	79.803	0.15630	0.0092229	0.39369	2.5401	7.6558	8.6446	66.597	26.915	39.082	283.52	22.067	5.0344	0.014402
131.14	0.39313	24.444	0.040910	1.1044	1.1205	9.1479	31.689	58.923	1135.8	-0.30099	79.551	0.15606	0.0091918	0.39734	2.5167	7.6584	8.6478	66.547	26.926	39.125	283.58	22.020	5.0408	0.014431
131.31	0.39700	24.427	0.040939	1.1141	1.1303	9.2219	31.680	58.959	1133.9	-0.29963	79.300	0.15582	0.0091607	0.40103	2.4936	7.6610	8.6510	66.497	26.936	39.168	283.64	21.973	5.0472	0.014460
131.47	0.40091	24.410	0.040968	1.1238	1.1402	9.2960	31.670	58.995	1132.1	-0.29827	79.050	0.15558	0.0091297	0.40473	2.4708	7.6636	8.6542	66.448	26.947	39.211	283.71	21.927	5.0536	0.014489
131.64	0.40484	24.392	0.040997	1.1335	1.1501	9.3699	31.660	59.031	1130.3	-0.29690	78.801	0.15535	0.0090986	0.40847	2.4482	7.6662	8.6573	66.398	26.958	39.255	283.77	21.881	5.0600	0.014519
131.81	0.40879	24.375	0.041026	1.1432	1.1600	9.4438	31.650	59.067	1128.5	-0.29552	78.553	0.15511	0.0090676	0.41223	2.4258	7.6688	8.6605	66.349	26.968	39.299	283.83	21.834	5.0664	0.014548
131.97	0.41278	24.358	0.041055	1.1530	1.1699	9.5177	31.641	59.104	1126.7	-0.29413	78.305	0.15487	0.0090366	0.41601	2.4038	7.6714	8.6636	66.299	26.979	39.343	283.89	21.789	5.0728	0.014578
132.14	0.41679	24.340	0.041084	1.1627	1.1798	9.5915	31.631	59.141	1124.9	-0.29273	78.059	0.15463	0.0090055	0.41983	2.3819	7.6739	8.6667	66.250	26.990	39.388	283.95	21.743	5.0792	0.014608
132.31	0.42084	24.323	0.041114	1.1724	1.1897	9.6652	31.621	59.178	1123.1	-0.29133	77.813	0.15439	0.0089746	0.42367	2.3603	7.6765	8.6698	66.201	27.001	39.433	284.01	21.698	5.0856	0.014637
132.47	0.42491	24.305	0.041143	1.1822	1.1997	9.7389	31.612	59.215	1121.3	-0.28991	77.568	0.15416	0.0089436	0.42753	2.3390	7.6790	8.6729	66.152	27.012	39.478	284.07	21.652	5.0920	0.014667
132.64	0.42901	24.288	0.041173	1.1919	1.2096	9.8126	31.602	59.252	1119.5	-0.28849	77.324	0.15392	0.0089126	0.43143	2.3179	7.6816	8.6760	66.103	27.023	39.524	284.12	21.607	5.0984	0.014697
132.81	0.43314	24.271	0.041202	1.2017	1.2195	9.8861	31.592	59.290	1117.7	-0.28706	77.081	0.15368	0.0088817	0.43535	2.2970	7.6841	8.6790	66.055	27.033	39.569	284.18	21.563	5.1049	0.014727
132.97	0.43730	24.253	0.041232	1.2114	1.2295	9.9597	31.583	59.328	1115.8	-0.28562	76.839	0.15344	0.0088508	0.43930	2.2764	7.6866	8.6821	66.006	27.044	39.615	284.24	21.518	5.1113	0.014757
133.14	0.44149	24.236	0.041262	1.2212	1.2394	10.033	31.573	59.366	1114.0	-0.28417	76.598	0.15321	0.0088199	0.44327	2.2560	7.6891	8.6851	65.957	27.056	39.662	284.29	21.474	5.1178	0.014787
133.31	0.44570	24.218	0.041291	1.2310	1.2494	10.107	31.564	59.404	1112.2	-0.28271	76.357	0.15297	0.0087890	0.44727	2.2358	7.6916	8.6881	65.909	27.067	39.709	284.35	21.430	5.1242	0.014817
133.47	0.44995	24.201	0.041321	1.2407	1.2593	10.180	31.554	59.443	1110.4	-0.28125	76.118	0.15273	0.0087581	0.45130	2.2158	7.6941	8.6911	65.860	27.078	39.756	284.40	21.386	5.1307	0.014848
133.64	0.45423	24.183	0.041351	1.2505	1.2693	10.253	31.545	59.482	1108.6	-0.27977	75.879	0.15249	0.0087272	0.45536	2.1961	7.6966	8.6941	65.812	27.089	39.803	284.45	21.342	5.1371	0.014878
133.80	0.45854	24.165	0.041382	1.2603	1.2793	10.327	31.536	59.521	1106.7	-0.27829	75.641	0.15225	0.0086964	0.45945	2.1765	7.6991	8.6971	65.764	27.100	39.851	284.51	21.299	5.1436	0.014908
133.97	0.46287	24.148	0.041412	1.2701	1.2893	10.400	31.526	59.560	1104.9	-0.27679	75.404	0.15202	0.0086656	0.46356	2.1572	7.7015	8.7000	65.716	27.111	39.899	284.56	21.256	5.1501	0.014939
134.14	0.46724	24.130	0.041442	1.2799	1.2993	10.473	31.517	59.600	1103.1	-0.27529	75.168	0.15178	0.0086348	0.46770	2.1381	7.7040	8.7030	65.668	27.123	39.947	284.61	21.213	5.1566	0.014970
134.30	0.47164	24.112	0.041472	1.2897	1.3092	10.546	31.507	59.640	1101.2	-0.27378	74.932	0.15154	0.0086040	0.47187	2.1192	7.7064	8.7059	65.620	27.134	39.996	284.66	21.170	5.1631	0.015000
134.47	0.47606	24.095	0.041503	1.2995	1.3193	10.619	31.498	59.680	1099.4	-0.27226	74.698	0.15130	0.0085732	0.47607	2.1005	7.7088	8.7088	65.572	27.145	40.045	284.71	21.127	5.1696	0.015031
134.64	0.48052	24.077	0.041534	1.3093	1.3293	10.692	31.489	59.720	1097.6	-0.27072	74.464	0.15107	0.0085424	0.48030	2.0820	7.7112	8.7117	65.524	27.157	40.094	284.76	21.085	5.1761	0.015062
134.80	0.48501	24.059	0.041564	1.3191	1.3393	10.765	31.480	59.761	1095.7	-0.26918	74.231	0.15083	0.0085117	0.48455	2.0638	7.7137	8.7146	65.477	27.168	40.144	284.80	21.043	5.1826	0.015093
134.97	0.48953	24.041	0.041595	1.3289	1.3493	10.838	31.470	59.801	1093.9	-0.26763	73.999	0.15059	0.0084810	0.48884	2.0457	7.7161	8.7175	65.429	27.180	40.194	284.85	21.001	5.1891	0.015124
135.14	0.49408	24.024	0.041626	1.3388	1.3593	10.911	31.461	59.843	1092.1	-0.26607	73.768	0.15035	0.0084503	0.49315	2.0278	7.7185	8.7203	65.382	27.191	40.244	284.90	20.959	5.1957	0.015155
135.30	0.49866	24.006	0.041657	1.3486	1.3694	10.984	31.452	59.884	1090.2	-0.26450	73.537	0.15012	0.0084196	0.49750	2.0101	7.7208	8.7232	65.334	27.203	40.295	284.94	20.917	5.2022	0.015186
135.47	0.50327	23.988	0.041688	1.3584	1.3794	11.056	31.443	59.926	1088.4	-0.26292	73.308	0.14988	0.0083889	0.50187	1.9926	7.7232	8.7260	65.287	27.214	40.346	284.99	20.876	5.2088	0.015217
135.64	0.50791	23.970	0.041719	1.3683	1.3895	11.129	31.434	59.967	1086.5	-0.26133	73.079	0.14964	0.0083582	0.50627	1.9752	7.7256	8.7288	65.240	27.226	40.398	285.03	20.835	5.2153	0.015249
135.80	0.51259	23.952	0.041750	1.3781	1.3995	11.202	31.425	60.010	1084.7	-0.25973	72.851	0.14940	0.0083276	0.51070	1.9581	7.7279	8.7316	65.193	27.238	40.449	285.08	20.794	5.2219	0.015280
135.97	0.51729	23.934	0.041781	1.3880	1.4096	11.274	31.416	60.052	1082.9	-0.25812	72.624	0.14916	0.0082970	0.51516	1.9411	7.7303	8.7344	65.146	27.250	40.502	285.12	20.753	5.2285	0.015311
136.13	0.52203	23.916	0.041813	1.3978	1.4197	11.347	31.407	60.095	1081.0	-0.25650	72.397	0.14893	0.0082664	0.51966	1.9244	7.7326	8.7371	65.099	27.261	40.554	285.16	20.712	5.2350	0.015343
136.30	0.52680	23.898	0.041844	1.4077	1.4297	11.420	31.398	60.138	1079.2	-0.25487	72.172	0.14869	0.0082358	0.52418	1.9077	7.7349	8.7399	65.052	27.273	40.607	285.20	20.672	5.2416	0.015375
136.47	0.53160	23.880	0.041876	1.4176	1.4398	11.492	31.389	60.181	1077.3	-0.25323	71.947	0.14845	0.0082052	0.52873	1.8913	7.7372	8.7426	65.005	27.285	40.660	285.24	20.632	5.2482	0.015406
136.63	0.53643	23.862	0.041907	1.4274	1.4499	11.564	31.380	60.224	1075.5	-0.25158	71.723	0.14821	0.0081747	0.53331	1.8751	7.7395	8.7454	64.958	27.297	40.714	285.28	20.591	5.2548	0.015438
136.80	0.54129	23.844	0.041939	1.4373	1.4600	11.637	31.371	60.268	1073.6	-0.24991	71.499	0.14798	0.0081441	0.53793	1.8590	7.7418	8.7481	64.912	27.309	40.768	285.32	20.552	5.2615	0.015470
136.97	0.54619	23.826	0.041971	1.4472	1.4701	11.709	31.362	60.312	1071.8	-0.24824	71.277	0.14774	0.0081136	0.54257	1.8431	7.7441	8.7507	64.865	27.321	40.822	285.36	20.512	5.2681	0.015502
137.13	0.55112	23.808	0.042003	1.4571	1.4802	11.782	31.353	60.357	1069.9	-0.24656	71.055	0.14750	0.0080831	0.54725	1.8273	7.7463	8.7534	64.819	27.333	40.877	285.40	20.472	5.2747	0.015534
137.30	0.55608	23.790	0.042035	1.4670	1.4904	11.854	31.344	60.401	1068.0	-0.24486	70.834	0.14726	0.0080527	0.55195	1.8118	7.7486	8.7561	64.772	27.345	40.932	285.43	20.433	5.2814	0.015567
137.47	0.56107	23.772	0.042067	1.4769	1.5005	11.926	31.336	60.446	1066.2	-0.24316	70.614	0.14703	0.0080222	0.55669	1.7963	7.7508	8.7587	64.726	27.358	40.988	285.47	20.394	5.2880	0.015599
137.63	0.56610	23.753	0.042099	1.4868	1.5106	11.998	31.327	60.492	1064.3	-0.24144	70.394	0.14679	0.0079918	0.56146	1.7811	7.7531	8.7613	64.680	27.370	41.044	285.51	20.355	5.2947	0.015631
137.80	0.57116	23.735	0.042132	1.4967	1.5208	12.070	31.318	60.537	1062.5	-0.23971	70.176	0.14655	0.0079613	0.56626	1.7660	7.7553	8.7640	64.633	27.382	41.100	285.54	20.316	5.3013	0.015664
137.97	0.57625	23.717	0.042164	1.5066	1.5309	12.142	31.310	60.583	1060.6	-0.23797	69.958	0.14631	0.0079309	0.57109	1.7510	7.7575	8.7666	64.587	27.394	41.157	285.57	20.278	5.3080	0.015696
138.13	0.58137	23.699	0.042197	1.5166	1.5411	12.214	31.301	60.629	1058.7	-0.23622	69.740	0.14608	0.0079005	0.57596	1.7362	7.7597	8.7691	64.541	27.407	41.214	285.61	20.239	5.3147	0.015729
138.30	0.58653	23.680	0.042229	1.5265	1.5513	12.286	31.292	60.676	1056.9	-0.23446	69.524	0.14584	0.0078702	0.58085	1.7216	7.7619	8.7717	64.495	27.419	41.272	285.64	20.201	5.3214	0.015762
138.47	0.59172	23.662	0.042262	1.5364	1.5614	12.358	31.284	60.723	1055.0	-0.23269	69.308	0.14560	0.0078398	0.58578	1.7071	7.7641	8.7742	64.449	27.432	41.330	285.67	20.163	5.3281	0.015795
138.63	0.59695	23.643	0.042295	1.5464	1.5716	12.430	31.275	60.770	1053.1	-0.23091	69.093	0.14536	0.0078095	0.59074	1.6928	7.7663	8.7768	64.404	27.444	41.388	285.70	20.125	5.3348	0.015827
138.80	0.60221	23.625	0.042328	1.5563	1.5818	12.502	31.267	60.817	1051.2	-0.22911	68.879	0.14513	0.0077792	0.59574	1.6786	7.7684	8.7793	64.358	27.457	41.447	285.73	20.087	5.3415	0.015861
138.96	0.60750	23.607	0.042361	1.5663	1.5920	12.574	31.258	60.865	1049.4	-0.22730	68.665	0.14489	0.0077489	0.60077	1.6645	7.7706	8.7818	64.312	27.469	41.506	285.76	20.049	5.3483	0.015894
139.13	0.61282	23.588	0.042394	1.5763	1.6022	12.646	31.250	60.913	1047.5	-0.22548	68.453	0.14465	0.0077186	0.60583	1.6506	7.7727	8.7843	64.266	27.482	41.566	285.79	20.012	5.3550	0.015927
139.30	0.61818	23.570	0.042427	1.5862	1.6124	12.718	31.241	60.961	1045.6	-0.22365	68.241	0.14441	0.0076883	0.61092	1.6369	7.7748	8.7867	64.221	27.495	41.626	285.82	19.975	5.3618	0.015960
139.46	0.62358	23.551	0.042461	1.5962	1.6227	12.789	31.233	61.010	1043.7	-0.22181	68.029	0.14418	0.0076581	0.61605	1.6233	7.7770	8.7892	64.175	27.508	41.687	285.84	19.938	5.3685	0.015994
139.63	0.62900	23.533	0.042494	1.6062	1.6329	12.861	31.225	61.059	1041.9	-0.21995	67.819	0.14394	0.0076279	0.62121	1.6098	7.7791	8.7916	64.130	27.521	41.748	285.87	19.901	5.3753	0.016027
139.80	0.63447	23.514	0.042528	1.6162	1.6431	12.933	31.216	61.108	1040.0	-0.21808	67.609	0.14370	0.0075977	0.62640	1.5964	7.7812	8.7940	64.085	27.533	41.809	285.90	19.864	5.3821	0.016061
139.96	0.63996	23.495	0.042562	1.6262	1.6534	13.004	31.208	61.158	1038.1	-0.21620	67.399	0.14347	0.0075675	0.63163	1.5832	7.7832	8.7964	64.039	27.546	41.871	285.92	19.827	5.3889	0.016094
140.13	0.64549	23.477	0.042595	1.6362	1.6637	13.076	31.200	61.208	1036.2	-0.21431	67.191	0.14323	0.0075373	0.63689	1.5701	7.7853	8.7988	63.994	27.559	41.934	285.95	19.791	5.3957	0.016128
140.30	0.65106	23.458	0.042629	1.6462	1.6739	13.147	31.191	61.259	1034.3	-0.21240	66.983	0.14299	0.0075072	0.64219	1.5572	7.7874	8.8012	63.949	27.572	41.996	285.97	19.755	5.4025	0.016162
140.46	0.65666	23.439	0.042663	1.6562	1.6842	13.219	31.183	61.309	1032.4	-0.21049	66.776	0.14275	0.0074770	0.64752	1.5444	7.7894	8.8035	63.904	27.585	42.060	285.99	19.718	5.4094	0.016196
140.63	0.66230	23.421	0.042698	1.6662	1.6945	13.290	31.175	61.360	1030.5	-0.20856	66.570	0.14252	0.0074469	0.65289	1.5317	7.7915	8.8059	63.859	27.599	42.124	286.01	19.682	5.4162	0.016230
140.80	0.66797	23.402	0.042732	1.6762	1.7048	13.362	31.167	61.412	1028.6	-0.20661	66.364	0.14228	0.0074168	0.65829	1.5191	7.7935	8.8082	63.814	27.612	42.188	286.03	19.647	5.4231	0.016265
140.96	0.67367	23.383	0.042766	1.6862	1.7151	13.433	31.159	61.464	1026.7	-0.20465	66.159	0.14204	0.0073868	0.66372	1.5067	7.7955	8.8105	63.769	27.625	42.253	286.05	19.611	5.4299	0.016299
141.13	0.67941	23.364	0.042801	1.6963	1.7254	13.504	31.151	61.516	1024.8	-0.20268	65.955	0.14180	0.0073567	0.66920	1.4943	7.7975	8.8128	63.724	27.638	42.318	286.07	19.575	5.4368	0.016333
141.29	0.68519	23.345	0.042835	1.7063	1.7357	13.576	31.143	61.568	1022.9	-0.20070	65.751	0.14157	0.0073267	0.67470	1.4821	7.7995	8.8150	63.679	27.652	42.384	286.09	19.540	5.4437	0.016368
141.46	0.69100	23.326	0.042870	1.7164	1.7460	13.647	31.135	61.621	1021.0	-0.19870	65.548	0.14133	0.0072967	0.68024	1.4701	7.8015	8.8173	63.634	27.665	42.450	286.11	19.505	5.4506	0.016403
141.63	0.69685	23.307	0.042905	1.7264	1.7563	13.718	31.127	61.675	1019.1	-0.19669	65.346	0.14109	0.0072667	0.68582	1.4581	7.8034	8.8195	63.589	27.679	42.516	286.13	19.470	5.4575	0.016437
141.79	0.70273	23.288	0.042940	1.7365	1.7667	13.789	31.119	61.728	1017.2	-0.19467	65.144	0.14086	0.0072367	0.69144	1.4463	7.8054	8.8217	63.545	27.692	42.584	286.14	19.435	5.4644	0.016472
141.96	0.70865	23.269	0.042975	1.7466	1.7770	13.860	31.111	61.782	1015.3	-0.19263	64.943	0.14062	0.0072068	0.69709	1.4345	7.8073	8.8239	63.500	27.706	42.651	286.16	19.400	5.4713	0.016507
142.13	0.71461	23.250	0.043010	1.7567	1.7874	13.932	31.103	61.837	1013.4	-0.19058	64.743	0.14038	0.0071768	0.70278	1.4229	7.8093	8.8261	63.456	27.719	42.720	286.17	19.365	5.4783	0.016542
142.29	0.72060	23.231	0.043045	1.7667	1.7978	14.003	31.096	61.892	1011.5	-0.18852	64.544	0.14014	0.0071469	0.70850	1.4114	7.8112	8.8283	63.411	27.733	42.788	286.19	19.331	5.4852	0.016577
142.46	0.72663	23.212	0.043081	1.7768	1.8081	14.074	31.088	61.947	1009.6	-0.18644	64.345	0.13991	0.0071170	0.71426	1.4000	7.8131	8.8304	63.367	27.747	42.858	286.20	19.297	5.4922	0.016613
142.63	0.73269	23.193	0.043116	1.7869	1.8185	14.145	31.080	62.002	1007.7	-0.18434	64.147	0.13967	0.0070872	0.72006	1.3888	7.8150	8.8325	63.322	27.761	42.928	286.21	19.262	5.4992	0.016648
142.79	0.73879	23.174	0.043152	1.7970	1.8289	14.216	31.072	62.058	1005.8	-0.18223	63.949	0.13943	0.0070573	0.72590	1.3776	7.8169	8.8346	63.278	27.775	42.998	286.22	19.228	5.5062	0.016684
142.96	0.74493	23.155	0.043188	1.8071	1.8393	14.287	31.065	62.115	1003.8	-0.18011	63.752	0.13920	0.0070275	0.73177	1.3666	7.8187	8.8367	63.233	27.789	43.069	286.24	19.194	5.5132	0.016719
143.13	0.75111	23.136	0.043224	1.8173	1.8497	14.358	31.057	62.171	1001.9	-0.17797	63.556	0.13896	0.0069977	0.73768	1.3556	7.8206	8.8388	63.189	27.803	43.140	286.25	19.160	5.5202	0.016755
143.29	0.75732	23.116	0.043260	1.8274	1.8601	14.428	31.050	62.229	1000.0	-0.17582	63.360	0.13872	0.0069679	0.74363	1.3448	7.8224	8.8408	63.145	27.817	43.212	286.26	19.127	5.5272	0.016791
143.46	0.76357	23.097	0.043296	1.8375	1.8706	14.499	31.042	62.286	998.08	-0.17365	63.165	0.13849	0.0069381	0.74962	1.3340	7.8243	8.8429	63.101	27.831	43.285	286.26	19.093	5.5343	0.016827
143.63	0.76985	23.078	0.043332	1.8477	1.8810	14.570	31.035	62.344	996.15	-0.17147	62.971	0.13825	0.0069084	0.75564	1.3234	7.8261	8.8449	63.057	27.845	43.358	286.27	19.060	5.5413	0.016863
143.79	0.77618	23.058	0.043368	1.8578	1.8915	14.641	31.027	62.403	994.23	-0.16928	62.777	0.13801	0.0068786	0.76170	1.3128	7.8279	8.8469	63.013	27.859	43.432	286.28	19.027	5.5484	0.016899
143.96	0.78254	23.039	0.043405	1.8680	1.9019	14.712	31.020	62.462	992.30	-0.16706	62.584	0.13777	0.0068489	0.76781	1.3024	7.8297	8.8489	62.968	27.874	43.506	286.28	18.993	5.5555	0.016936
144.12	0.78894	23.019	0.043442	1.8781	1.9124	14.782	31.012	62.521	990.37	-0.16484	62.392	0.13754	0.0068192	0.77395	1.2921	7.8315	8.8508	62.924	27.888	43.581	286.29	18.960	5.5626	0.016972
144.29	0.79537	23.000	0.043478	1.8883	1.9229	14.853	31.005	62.581	988.43	-0.16259	62.200	0.13730	0.0067896	0.78013	1.2818	7.8332	8.8528	62.880	27.902	43.657	286.29	18.928	5.5697	0.017009
144.46	0.80185	22.980	0.043515	1.8985	1.9334	14.924	30.998	62.641	986.50	-0.16033	62.009	0.13706	0.0067599	0.78635	1.2717	7.8350	8.8547	62.837	27.917	43.733	286.30	18.895	5.5768	0.017045
144.62	0.80836	22.961	0.043552	1.9087	1.9439	14.995	30.990	62.702	984.56	-0.15806	61.818	0.13683	0.0067303	0.79261	1.2617	7.8367	8.8566	62.793	27.931	43.809	286.30	18.862	5.5840	0.017082
144.79	0.81491	22.941	0.043589	1.9188	1.9544	15.065	30.983	62.763	982.62	-0.15577	61.629	0.13659	0.0067007	0.79891	1.2517	7.8385	8.8585	62.749	27.946	43.887	286.30	18.830	5.5912	0.017119
144.96	0.82150	22.922	0.043627	1.9290	1.9649	15.136	30.976	62.824	980.68	-0.15346	61.439	0.13635	0.0066711	0.80525	1.2418	7.8402	8.8603	62.705	27.961	43.965	286.31	18.797	5.5983	0.017156
145.12	0.82813	22.902	0.043664	1.9392	1.9754	15.206	30.969	62.886	978.73	-0.15114	61.251	0.13612	0.0066416	0.81164	1.2321	7.8419	8.8622	62.661	27.975	44.043	286.31	18.765	5.6055	0.017193
145.29	0.83479	22.882	0.043702	1.9495	1.9859	15.277	30.962	62.949	976.79	-0.14880	61.063	0.13588	0.0066120	0.81806	1.2224	7.8436	8.8640	62.617	27.990	44.122	286.31	18.733	5.6127	0.017231
145.46	0.84150	22.863	0.043739	1.9597	1.9965	15.347	30.955	63.012	974.84	-0.14644	60.875	0.13564	0.0065825	0.82452	1.2128	7.8452	8.8658	62.574	28.005	44.202	286.30	18.701	5.6199	0.017268
145.62	0.84824	22.843	0.043777	1.9699	2.0070	15.418	30.948	63.075	972.89	-0.14406	60.688	0.13541	0.0065530	0.83103	1.2033	7.8469	8.8676	62.530	28.020	44.282	286.30	18.669	5.6272	0.017306
145.79	0.85502	22.823	0.043815	1.9801	2.0176	15.488	30.941	63.139	970.94	-0.14167	60.502	0.13517	0.0065235	0.83757	1.1939	7.8486	8.8694	62.486	28.035	44.364	286.30	18.637	5.6344	0.017343
145.96	0.86185	22.803	0.043853	1.9904	2.0282	15.559	30.934	63.203	968.99	-0.13927	60.316	0.13493	0.0064941	0.84416	1.1846	7.8502	8.8711	62.443	28.050	44.445	286.30	18.606	5.6417	0.017381
146.12	0.86871	22.783	0.043892	2.0006	2.0388	15.629	30.927	63.268	967.03	-0.13684	60.131	0.13470	0.0064646	0.85079	1.1754	7.8518	8.8729	62.399	28.065	44.528	286.29	18.574	5.6490	0.017419
146.29	0.87561	22.763	0.043930	2.0109	2.0494	15.700	30.920	63.334	965.07	-0.13440	59.947	0.13446	0.0064352	0.85746	1.1662	7.8534	8.8746	62.356	28.081	44.611	286.29	18.543	5.6563	0.017457
146.45	0.88255	22.743	0.043969	2.0212	2.0600	15.770	30.913	63.399	963.11	-0.13194	59.763	0.13422	0.0064058	0.86417	1.1572	7.8550	8.8763	62.312	28.096	44.695	286.28	18.511	5.6636	0.017496
146.62	0.88952	22.724	0.044007	2.0314	2.0706	15.840	30.907	63.466	961.15	-0.12946	59.580	0.13398	0.0063765	0.87093	1.1482	7.8566	8.8779	62.269	28.111	44.779	286.28	18.480	5.6709	0.017534
146.79	0.89654	22.703	0.044046	2.0417	2.0812	15.911	30.900	63.533	959.19	-0.12697	59.397	0.13375	0.0063471	0.87773	1.1393	7.8582	8.8796	62.225	28.127	44.864	286.27	18.449	5.6782	0.017572
146.95	0.90360	22.683	0.044085	2.0520	2.0918	15.981	30.893	63.600	957.22	-0.12445	59.215	0.13351	0.0063178	0.88457	1.1305	7.8597	8.8812	62.182	28.142	44.950	286.26	18.418	5.6856	0.017611
147.12	0.91070	22.663	0.044124	2.0623	2.1025	16.051	30.887	63.668	955.25	-0.12192	59.034	0.13327	0.0062885	0.89146	1.1218	7.8613	8.8828	62.138	28.158	45.037	286.25	18.387	5.6930	0.017650
147.29	0.91784	22.643	0.044163	2.0726	2.1132	16.122	30.880	63.736	953.28	-0.11937	58.853	0.13304	0.0062592	0.89839	1.1131	7.8628	8.8844	62.095	28.174	45.124	286.24	18.357	5.7004	0.017689
147.45	0.92502	22.623	0.044203	2.0829	2.1238	16.192	30.874	63.805	951.31	-0.11680	58.673	0.13280	0.0062300	0.90536	1.1045	7.8643	8.8860	62.052	28.189	45.212	286.23	18.326	5.7078	0.017728
147.62	0.93224	22.603	0.044242	2.0933	2.1345	16.262	30.867	63.875	949.33	-0.11421	58.493	0.13256	0.0062007	0.91238	1.0960	7.8658	8.8876	62.008	28.205	45.301	286.22	18.295	5.7152	0.017767
147.79	0.93950	22.582	0.044282	2.1036	2.1452	16.332	30.861	63.945	947.35	-0.11161	58.314	0.13233	0.0061715	0.91944	1.0876	7.8673	8.8891	61.965	28.221	45.391	286.21	18.265	5.7227	0.017806
147.95	0.94680	22.562	0.044322	2.1139	2.1559	16.402	30.854	64.016	945.37	-0.10898	58.135	0.13209	0.0061423	0.92655	1.0793	7.8687	8.8906	61.922	28.237	45.481	286.20	18.235	5.7301	0.017846
148.12	0.95414	22.542	0.044362	2.1243	2.1666	16.473	30.848	64.087	943.39	-0.10633	57.957	0.13185	0.0061132	0.93370	1.0710	7.8702	8.8921	61.878	28.253	45.572	286.18	18.205	5.7376	0.017885
148.29	0.96152	22.521	0.044402	2.1346	2.1773	16.543	30.842	64.159	941.41	-0.10367	57.779	0.13162	0.0060840	0.94090	1.0628	7.8716	8.8936	61.835	28.269	45.664	286.17	18.174	5.7451	0.017925
148.45	0.96894	22.501	0.044442	2.1450	2.1881	16.613	30.835	64.231	939.42	-0.10098	57.603	0.13138	0.0060549	0.94815	1.0547	7.8731	8.8950	61.792	28.285	45.756	286.15	18.144	5.7527	0.017965
148.62	0.97641	22.481	0.044483	2.1554	2.1988	16.683	30.829	64.304	937.43	-0.098279	57.426	0.13114	0.0060258	0.95544	1.0466	7.8745	8.8964	61.749	28.301	45.850	286.14	18.115	5.7602	0.018005
148.79	0.98391	22.460	0.044524	2.1658	2.2096	16.753	30.823	64.377	935.44	-0.095554	57.250	0.13091	0.0059967	0.96277	1.0387	7.8759	8.8978	61.706	28.318	45.944	286.12	18.085	5.7678	0.018045
148.95	0.99146	22.439	0.044564	2.1761	2.2203	16.823	30.817	64.451	933.45	-0.092808	57.075	0.13067	0.0059677	0.97016	1.0308	7.8773	8.8992	61.662	28.334	46.039	286.10	18.055	5.7753	0.018086
149.12	0.99905	22.419	0.044605	2.1865	2.2311	16.893	30.811	64.526	931.46	-0.090042	56.900	0.13043	0.0059387	0.97758	1.0229	7.8786	8.9006	61.619	28.351	46.135	286.08	18.025	5.7829	0.018126
149.28	1.0067	22.398	0.044646	2.1970	2.2419	16.963	30.805	64.601	929.46	-0.087255	56.726	0.13020	0.0059097	0.98506	1.0152	7.8800	8.9019	61.576	28.367	46.232	286.06	17.996	5.7906	0.018167
149.45	1.0144	22.378	0.044688	2.2074	2.2527	17.033	30.799	64.677	927.46	-0.084447	56.553	0.12996	0.0058807	0.99259	1.0075	7.8813	8.9032	61.533	28.384	46.329	286.04	17.967	5.7982	0.018208
149.62	1.0221	22.357	0.044729	2.2178	2.2635	17.103	30.793	64.754	925.46	-0.081618	56.380	0.12972	0.0058517	1.0002	0.99984	7.8826	8.9045	61.490	28.401	46.428	286.02	17.937	5.8059	0.018249
149.78	1.0298	22.336	0.044771	2.2282	2.2743	17.173	30.787	64.831	923.45	-0.078767	56.207	0.12949	0.0058228	1.0078	0.99228	7.8839	8.9058	61.447	28.417	46.527	286.00	17.908	5.8135	0.018290
149.95	1.0376	22.315	0.044812	2.2387	2.2852	17.243	30.781	64.909	921.45	-0.075895	56.035	0.12925	0.0057939	1.0154	0.98479	7.8852	8.9071	61.404	28.434	46.627	285.98	17.879	5.8212	0.018331
150.12	1.0455	22.294	0.044854	2.2491	2.2960	17.313	30.775	64.987	919.44	-0.073001	55.864	0.12901	0.0057650	1.0232	0.97736	7.8865	8.9083	61.361	28.451	46.728	285.95	17.850	5.8290	0.018373
150.28	1.0533	22.273	0.044897	2.2596	2.3069	17.383	30.770	65.066	917.43	-0.070085	55.693	0.12878	0.0057361	1.0309	0.97000	7.8878	8.9095	61.318	28.468	46.830	285.93	17.821	5.8367	0.018414
150.45	1.0613	22.252	0.044939	2.2701	2.3178	17.453	30.764	65.146	915.41	-0.067146	55.522	0.12854	0.0057073	1.0387	0.96270	7.8890	8.9107	61.275	28.485	46.933	285.90	17.792	5.8445	0.018456
150.62	1.0692	22.232	0.044981	2.2805	2.3286	17.523	30.759	65.226	913.40	-0.064185	55.352	0.12830	0.0056785	1.0466	0.95547	7.8902	8.9118	61.232	28.503	47.037	285.88	17.763	5.8523	0.018498
150.78	1.0773	22.210	0.045024	2.2910	2.3395	17.593	30.753	65.307	911.38	-0.061201	55.183	0.12807	0.0056497	1.0545	0.94830	7.8914	8.9130	61.188	28.520	47.141	285.85	17.735	5.8601	0.018540
150.95	1.0853	22.189	0.045067	2.3015	2.3504	17.663	30.747	65.389	909.36	-0.058194	55.014	0.12783	0.0056209	1.0625	0.94119	7.8926	8.9141	61.145	28.537	47.247	285.82	17.706	5.8679	0.018583
151.12	1.0934	22.168	0.045110	2.3120	2.3614	17.733	30.742	65.472	907.33	-0.055164	54.846	0.12759	0.0055922	1.0705	0.93414	7.8938	8.9152	61.102	28.555	47.353	285.79	17.678	5.8758	0.018625
151.28	1.1015	22.147	0.045153	2.3226	2.3723	17.803	30.737	65.555	905.31	-0.052111	54.678	0.12736	0.0055634	1.0786	0.92716	7.8950	8.9163	61.059	28.572	47.461	285.76	17.649	5.8836	0.018668
151.45	1.1097	22.126	0.045196	2.3331	2.3832	17.872	30.731	65.638	903.28	-0.049033	54.511	0.12712	0.0055347	1.0867	0.92023	7.8961	8.9173	61.016	28.590	47.569	285.73	17.621	5.8915	0.018711
151.61	1.1180	22.105	0.045239	2.3436	2.3942	17.942	30.726	65.723	901.25	-0.045932	54.344	0.12688	0.0055061	1.0949	0.91336	7.8972	8.9184	60.973	28.608	47.679	285.70	17.593	5.8994	0.018754
151.78	1.1262	22.083	0.045283	2.3542	2.4052	18.012	30.721	65.808	899.22	-0.042806	54.178	0.12665	0.0054774	1.1031	0.90656	7.8984	8.9194	60.930	28.625	47.790	285.67	17.564	5.9074	0.018797
151.95	1.1346	22.062	0.045327	2.3647	2.4162	18.082	30.716	65.894	897.18	-0.039656	54.012	0.12641	0.0054488	1.1113	0.89981	7.8995	8.9203	60.887	28.643	47.901	285.64	17.536	5.9154	0.018840
152.11	1.1429	22.040	0.045371	2.3753	2.4272	18.152	30.710	65.981	895.14	-0.036481	53.847	0.12617	0.0054202	1.1197	0.89312	7.9005	8.9213	60.844	28.661	48.014	285.60	17.508	5.9234	0.018884
152.28	1.1513	22.019	0.045415	2.3859	2.4382	18.222	30.705	66.069	893.10	-0.033281	53.682	0.12594	0.0053916	1.1281	0.88648	7.9016	8.9222	60.801	28.680	48.127	285.57	17.480	5.9314	0.018927
152.45	1.1598	21.998	0.045460	2.3965	2.4492	18.291	30.700	66.157	891.06	-0.030055	53.518	0.12570	0.0053631	1.1365	0.87991	7.9027	8.9231	60.758	28.698	48.242	285.53	17.453	5.9394	0.018971
152.61	1.1683	21.976	0.045504	2.4071	2.4602	18.361	30.695	66.246	889.01	-0.026804	53.354	0.12546	0.0053346	1.1450	0.87338	7.9037	8.9240	60.715	28.716	48.358	285.50	17.425	5.9475	0.019015
152.78	1.1768	21.954	0.045549	2.4177	2.4713	18.431	30.690	66.336	886.96	-0.023527	53.190	0.12523	0.0053061	1.1535	0.86692	7.9047	8.9249	60.672	28.734	48.474	285.46	17.397	5.9556	0.019060
152.95	1.1854	21.933	0.045594	2.4283	2.4823	18.501	30.686	66.426	884.91	-0.020224	53.028	0.12499	0.0052776	1.1621	0.86051	7.9057	8.9257	60.629	28.753	48.592	285.42	17.370	5.9637	0.019104
153.11	1.1940	21.911	0.045639	2.4389	2.4934	18.571	30.681	66.518	882.86	-0.016895	52.865	0.12475	0.0052492	1.1708	0.85415	7.9067	8.9265	60.586	28.771	48.711	285.38	17.342	5.9719	0.019149
153.28	1.2027	21.889	0.045685	2.4496	2.5045	18.641	30.676	66.610	880.80	-0.013539	52.703	0.12451	0.0052208	1.1795	0.84785	7.9076	8.9273	60.543	28.790	48.832	285.34	17.315	5.9800	0.019194
153.45	1.2114	21.867	0.045730	2.4602	2.5156	18.710	30.671	66.703	878.75	-0.010155	52.542	0.12428	0.0051924	1.1882	0.84160	7.9086	8.9281	60.500	28.809	48.953	285.30	17.287	5.9882	0.019239
153.61	1.2202	21.846	0.045776	2.4709	2.5267	18.780	30.667	66.797	876.68	-0.0067449	52.381	0.12404	0.0051640	1.1970	0.83540	7.9095	8.9288	60.457	28.828	49.075	285.26	17.260	5.9965	0.019284
153.78	1.2290	21.824	0.045822	2.4815	2.5378	18.850	30.662	66.891	874.62	-0.0033067	52.221	0.12380	0.0051357	1.2059	0.82925	7.9104	8.9295	60.414	28.847	49.199	285.22	17.233	6.0047	0.019330
153.95	1.2378	21.802	0.045868	2.4922	2.5490	18.920	30.658	66.987	872.55	0.00015936	52.061	0.12357	0.0051073	1.2148	0.82316	7.9113	8.9302	60.371	28.866	49.324	285.18	17.205	6.0130	0.019375
154.11	1.2467	21.780	0.045914	2.5029	2.5601	18.989	30.653	67.083	870.48	0.0036537	51.901	0.12333	0.0050790	1.2238	0.81711	7.9122	8.9309	60.328	28.885	49.450	285.13	17.178	6.0213	0.019421
154.28	1.2557	21.758	0.045961	2.5136	2.5713	19.059	30.649	67.181	868.41	0.0071766	51.742	0.12309	0.0050508	1.2329	0.81112	7.9130	8.9315	60.285	28.904	49.577	285.09	17.151	6.0296	0.019467
154.44	1.2647	21.735	0.046008	2.5243	2.5825	19.129	30.645	67.279	866.34	0.010728	51.584	0.12286	0.0050225	1.2420	0.80517	7.9139	8.9322	60.242	28.923	49.706	285.04	17.124	6.0380	0.019514
154.61	1.2737	21.713	0.046055	2.5350	2.5937	19.199	30.641	67.378	864.26	0.014309	51.426	0.12262	0.0049943	1.2511	0.79928	7.9147	8.9327	60.199	28.943	49.836	285.00	17.097	6.0464	0.019560
154.78	1.2828	21.691	0.046102	2.5458	2.6049	19.269	30.636	67.478	862.18	0.017920	51.268	0.12238	0.0049662	1.2603	0.79343	7.9155	8.9333	60.156	28.963	49.967	284.95	17.070	6.0548	0.019607
154.94	1.2919	21.669	0.046149	2.5565	2.6161	19.338	30.632	67.579	860.10	0.021560	51.111	0.12215	0.0049380	1.2696	0.78763	7.9163	8.9338	60.113	28.982	50.099	284.90	17.044	6.0633	0.019654
155.11	1.3011	21.646	0.046197	2.5673	2.6274	19.408	30.628	67.680	858.01	0.025231	50.954	0.12191	0.0049099	1.2790	0.78188	7.9171	8.9343	60.069	29.002	50.233	284.85	17.017	6.0718	0.019701
155.28	1.3103	21.624	0.046245	2.5780	2.6386	19.478	30.624	67.783	855.92	0.028932	50.798	0.12167	0.0048818	1.2884	0.77618	7.9178	8.9348	60.026	29.022	50.368	284.80	16.990	6.0803	0.019748
155.44	1.3196	21.602	0.046293	2.5888	2.6499	19.548	30.620	67.887	853.83	0.032664	50.642	0.12143	0.0048537	1.2978	0.77052	7.9185	8.9353	59.983	29.042	50.504	284.75	16.964	6.0888	0.019796
155.61	1.3289	21.579	0.046341	2.5996	2.6612	19.618	30.616	67.992	851.74	0.036427	50.487	0.12120	0.0048256	1.3073	0.76491	7.9192	8.9357	59.940	29.062	50.642	284.70	16.937	6.0974	0.019844
155.78	1.3383	21.557	0.046390	2.6104	2.6725	19.687	30.613	68.097	849.64	0.040222	50.332	0.12096	0.0047976	1.3169	0.75935	7.9199	8.9361	59.897	29.082	50.781	284.65	16.911	6.1060	0.019892
155.94	1.3477	21.534	0.046438	2.6212	2.6838	19.757	30.609	68.204	847.54	0.044049	50.177	0.12072	0.0047696	1.3266	0.75383	7.9206	8.9365	59.853	29.103	50.922	284.59	16.884	6.1146	0.019940
156.11	1.3571	21.511	0.046487	2.6321	2.6951	19.827	30.605	68.312	845.44	0.047909	50.023	0.12048	0.0047416	1.3363	0.74835	7.9212	8.9369	59.810	29.123	51.064	284.54	16.858	6.1233	0.019989
156.28	1.3666	21.488	0.046537	2.6429	2.7065	19.897	30.602	68.420	843.34	0.051801	49.870	0.12025	0.0047137	1.3460	0.74292	7.9219	8.9372	59.767	29.144	51.207	284.48	16.832	6.1320	0.020037
156.44	1.3762	21.466	0.046586	2.6537	2.7179	19.967	30.598	68.530	841.23	0.055726	49.717	0.12001	0.0046858	1.3559	0.73753	7.9225	8.9375	59.723	29.164	51.352	284.43	16.805	6.1408	0.020086
156.61	1.3858	21.443	0.046636	2.6646	2.7292	20.036	30.595	68.641	839.12	0.059685	49.564	0.11977	0.0046579	1.3658	0.73219	7.9231	8.9377	59.680	29.185	51.499	284.37	16.779	6.1495	0.020136
156.77	1.3954	21.420	0.046685	2.6755	2.7406	20.106	30.591	68.753	837.00	0.063677	49.412	0.11954	0.0046301	1.3757	0.72689	7.9237	8.9380	59.637	29.206	51.647	284.31	16.753	6.1583	0.020185
156.94	1.4051	21.397	0.046736	2.6864	2.7520	20.176	30.588	68.866	834.89	0.067704	49.260	0.11930	0.0046022	1.3857	0.72163	7.9242	8.9382	59.593	29.227	51.796	284.25	16.727	6.1672	0.020235
157.11	1.4149	21.374	0.046786	2.6973	2.7635	20.246	30.585	68.980	832.77	0.071766	49.108	0.11906	0.0045744	1.3958	0.71642	7.9247	8.9384	59.550	29.248	51.947	284.19	16.701	6.1760	0.020285
157.27	1.4247	21.351	0.046837	2.7082	2.7749	20.316	30.582	69.095	830.64	0.075863	48.957	0.11882	0.0045466	1.4060	0.71124	7.9253	8.9385	59.506	29.269	52.100	284.13	16.675	6.1849	0.020335
157.44	1.4345	21.328	0.046887	2.7191	2.7864	20.386	30.579	69.211	828.52	0.079995	48.806	0.11859	0.0045189	1.4162	0.70611	7.9257	8.9387	59.463	29.291	52.254	284.07	16.649	6.1939	0.020386
157.61	1.4444	21.304	0.046938	2.7300	2.7978	20.456	30.576	69.329	826.39	0.084164	48.656	0.11835	0.0044912	1.4265	0.70101	7.9262	8.9388	59.419	29.312	52.410	284.01	16.623	6.2029	0.020436
157.77	1.4543	21.281	0.046990	2.7410	2.8093	20.526	30.573	69.448	824.26	0.088369	48.506	0.11811	0.0044635	1.4369	0.69596	7.9267	8.9388	59.376	29.334	52.568	283.95	16.597	6.2119	0.020487
157.94	1.4643	21.258	0.047041	2.7519	2.8208	20.595	30.570	69.567	822.12	0.092611	48.357	0.11787	0.0044358	1.4473	0.69095	7.9271	8.9389	59.332	29.356	52.727	283.88	16.571	6.2209	0.020539
158.11	1.4744	21.234	0.047093	2.7629	2.8324	20.665	30.567	69.689	819.98	0.096890	48.208	0.11764	0.0044082	1.4578	0.68598	7.9275	8.9389	59.288	29.377	52.888	283.82	16.545	6.2300	0.020590
158.27	1.4845	21.211	0.047145	2.7739	2.8439	20.735	30.564	69.811	817.84	0.10121	48.059	0.11740	0.0043806	1.4683	0.68104	7.9279	8.9389	59.245	29.399	53.051	283.75	16.520	6.2392	0.020642
158.44	1.4946	21.187	0.047198	2.7849	2.8555	20.805	30.562	69.934	815.70	0.10556	47.911	0.11716	0.0043530	1.4790	0.67615	7.9283	8.9388	59.201	29.422	53.215	283.68	16.494	6.2483	0.020694
158.61	1.5048	21.164	0.047250	2.7959	2.8670	20.875	30.559	70.059	813.55	0.10996	47.764	0.11692	0.0043255	1.4897	0.67129	7.9286	8.9388	59.157	29.444	53.381	283.62	16.468	6.2575	0.020747
158.77	1.5150	21.140	0.047303	2.8070	2.8786	20.945	30.557	70.185	811.40	0.11439	47.616	0.11668	0.0042980	1.5004	0.66647	7.9289	8.9386	59.113	29.466	53.550	283.55	16.443	6.2668	0.020799
158.94	1.5253	21.116	0.047356	2.8180	2.8902	21.015	30.554	70.312	809.25	0.11886	47.469	0.11645	0.0042705	1.5113	0.66169	7.9292	8.9385	59.069	29.489	53.720	283.48	16.417	6.2761	0.020852
159.10	1.5356	21.093	0.047410	2.8290	2.9019	21.085	30.552	70.441	807.09	0.12338	47.323	0.11621	0.0042431	1.5222	0.65695	7.9295	8.9383	59.026	29.511	53.891	283.41	16.391	6.2854	0.020906
159.27	1.5460	21.069	0.047463	2.8401	2.9135	21.155	30.550	70.571	804.93	0.12793	47.176	0.11597	0.0042156	1.5332	0.65224	7.9298	8.9381	58.982	29.534	54.065	283.33	16.366	6.2947	0.020959
159.44	1.5565	21.045	0.047517	2.8512	2.9252	21.225	30.548	70.702	802.76	0.13252	47.030	0.11573	0.0041882	1.5442	0.64757	7.9300	8.9379	58.938	29.557	54.241	283.26	16.340	6.3041	0.021013
159.60	1.5669	21.021	0.047572	2.8623	2.9368	21.295	30.546	70.835	800.60	0.13716	46.885	0.11549	0.0041609	1.5554	0.64294	7.9302	8.9377	58.894	29.580	54.419	283.19	16.315	6.3136	0.021067
159.77	1.5775	20.997	0.047626	2.8734	2.9485	21.366	30.544	70.969	798.43	0.14184	46.740	0.11526	0.0041335	1.5666	0.63834	7.9304	8.9374	58.850	29.603	54.598	283.11	16.290	6.3231	0.021122
159.94	1.5881	20.973	0.047681	2.8845	2.9602	21.436	30.542	71.105	796.25	0.14656	46.595	0.11502	0.0041062	1.5779	0.63377	7.9306	8.9370	58.805	29.627	54.780	283.04	16.264	6.3326	0.021177
160.10	1.5987	20.949	0.047736	2.8957	2.9720	21.506	30.540	71.242	794.08	0.15133	46.451	0.11478	0.0040790	1.5892	0.62924	7.9307	8.9367	58.761	29.650	54.964	282.96	16.239	6.3422	0.021232
160.27	1.6094	20.924	0.047791	2.9068	2.9837	21.576	30.538	71.380	791.90	0.15614	46.307	0.11454	0.0040517	1.6006	0.62475	7.9308	8.9363	58.717	29.674	55.150	282.89	16.213	6.3518	0.021287
160.44	1.6201	20.900	0.047847	2.9180	2.9955	21.646	30.537	71.520	789.71	0.16099	46.163	0.11430	0.0040245	1.6121	0.62029	7.9309	8.9359	58.673	29.698	55.338	282.81	16.188	6.3615	0.021343
160.60	1.6309	20.875	0.047903	2.9292	3.0073	21.717	30.535	71.662	787.53	0.16589	46.020	0.11406	0.0039973	1.6237	0.61586	7.9310	8.9354	58.628	29.721	55.528	282.73	16.163	6.3712	0.021399
160.77	1.6418	20.851	0.047959	2.9404	3.0191	21.787	30.534	71.805	785.34	0.17084	45.877	0.11383	0.0039702	1.6354	0.61147	7.9311	8.9350	58.584	29.746	55.721	282.65	16.138	6.3809	0.021455
160.94	1.6527	20.826	0.048016	2.9516	3.0309	21.857	30.532	71.949	783.14	0.17583	45.735	0.11359	0.0039431	1.6471	0.60711	7.9311	8.9344	58.539	29.770	55.916	282.57	16.112	6.3907	0.021512
161.10	1.6636	20.802	0.048073	2.9628	3.0428	21.927	30.531	72.095	780.95	0.18087	45.593	0.11335	0.0039160	1.6590	0.60279	7.9311	8.9339	58.495	29.794	56.113	282.49	16.087	6.4006	0.021569
161.27	1.6746	20.777	0.048130	2.9740	3.0546	21.998	30.530	72.243	778.74	0.18595	45.451	0.11311	0.0038889	1.6709	0.59849	7.9311	8.9333	58.450	29.819	56.312	282.40	16.062	6.4105	0.021627
161.44	1.6857	20.752	0.048187	2.9853	3.0665	22.068	30.529	72.392	776.54	0.19109	45.309	0.11287	0.0038619	1.6828	0.59423	7.9310	8.9327	58.406	29.843	56.514	282.32	16.037	6.4204	0.021685
161.60	1.6968	20.727	0.048245	2.9966	3.0784	22.138	30.528	72.544	774.33	0.19627	45.168	0.11263	0.0038349	1.6949	0.59000	7.9310	8.9321	58.361	29.868	56.718	282.24	16.012	6.4304	0.021743
161.77	1.7079	20.702	0.048303	3.0079	3.0904	22.209	30.527	72.696	772.12	0.20150	45.028	0.11239	0.0038079	1.7071	0.58580	7.9309	8.9314	58.316	29.893	56.925	282.15	15.986	6.4405	0.021801
161.93	1.7191	20.677	0.048362	3.0192	3.1023	22.279	30.526	72.851	769.91	0.20679	44.887	0.11215	0.0037810	1.7193	0.58164	7.9307	8.9306	58.271	29.918	57.134	282.06	15.961	6.4506	0.021860
162.10	1.7304	20.652	0.048421	3.0305	3.1143	22.350	30.526	73.007	767.69	0.21212	44.747	0.11192	0.0037541	1.7316	0.57750	7.9306	8.9299	58.226	29.944	57.346	281.98	15.936	6.4607	0.021920
162.27	1.7417	20.627	0.048480	3.0418	3.1263	22.420	30.525	73.165	765.46	0.21751	44.607	0.11168	0.0037273	1.7440	0.57340	7.9304	8.9291	58.181	29.969	57.561	281.89	15.911	6.4709	0.021979
162.43	1.7531	20.602	0.048539	3.0532	3.1383	22.491	30.525	73.325	763.24	0.22295	44.468	0.11144	0.0037004	1.7565	0.56932	7.9302	8.9283	58.136	29.995	57.778	281.80	15.886	6.4812	0.022039
162.60	1.7645	20.577	0.048599	3.0646	3.1503	22.562	30.524	73.487	761.01	0.22844	44.329	0.11120	0.0036736	1.7690	0.56528	7.9300	8.9274	58.091	30.021	57.997	281.71	15.861	6.4915	0.022100
162.77	1.7760	20.551	0.048659	3.0759	3.1624	22.632	30.524	73.650	758.77	0.23398	44.190	0.11096	0.0036469	1.7817	0.56126	7.9298	8.9265	58.046	30.047	58.220	281.62	15.836	6.5018	0.022161
162.93	1.7875	20.526	0.048719	3.0873	3.1744	22.703	30.524	73.816	756.54	0.23958	44.052	0.11072	0.0036201	1.7944	0.55728	7.9295	8.9256	58.001	30.073	58.445	281.52	15.811	6.5122	0.022222
163.10	1.7991	20.500	0.048780	3.0988	3.1865	22.774	30.524	73.983	754.30	0.24524	43.914	0.11048	0.0035934	1.8073	0.55332	7.9292	8.9246	57.955	30.099	58.673	281.43	15.786	6.5227	0.022284
163.27	1.8107	20.474	0.048841	3.1102	3.1986	22.844	30.524	74.152	752.05	0.25095	43.776	0.11024	0.0035668	1.8202	0.54939	7.9288	8.9236	57.910	30.126	58.904	281.34	15.761	6.5332	0.022346
163.43	1.8224	20.449	0.048903	3.1217	3.2108	22.915	30.524	74.324	749.80	0.25671	43.638	0.11000	0.0035402	1.8332	0.54550	7.9285	8.9226	57.864	30.152	59.138	281.24	15.736	6.5438	0.022408
163.60	1.8341	20.423	0.048965	3.1331	3.2229	22.986	30.524	74.497	747.55	0.26254	43.501	0.10976	0.0035136	1.8463	0.54163	7.9281	8.9215	57.819	30.179	59.375	281.14	15.711	6.5544	0.022471
163.77	1.8459	20.397	0.049027	3.1446	3.2351	23.057	30.524	74.673	745.29	0.26842	43.364	0.10952	0.0034870	1.8595	0.53778	7.9277	8.9204	57.773	30.206	59.615	281.05	15.686	6.5651	0.022535
163.93	1.8578	20.371	0.049089	3.1561	3.2473	23.128	30.525	74.851	743.03	0.27437	43.228	0.10928	0.0034605	1.8728	0.53397	7.9273	8.9193	57.727	30.233	59.858	280.95	15.661	6.5759	0.022599
164.10	1.8697	20.345	0.049152	3.1676	3.2595	23.199	30.526	75.030	740.76	0.28037	43.092	0.10904	0.0034340	1.8861	0.53018	7.9268	8.9181	57.681	30.261	60.104	280.85	15.636	6.5867	0.022663
164.26	1.8816	20.319	0.049216	3.1792	3.2718	23.270	30.526	75.212	738.50	0.28644	42.956	0.10880	0.0034075	1.8996	0.52642	7.9263	8.9168	57.635	30.288	60.354	280.75	15.611	6.5976	0.022728
164.43	1.8937	20.292	0.049279	3.1907	3.2841	23.341	30.527	75.397	736.22	0.29257	42.820	0.10856	0.0033811	1.9132	0.52269	7.9258	8.9156	57.589	30.316	60.607	280.65	15.585	6.6085	0.022793
164.60	1.9057	20.266	0.049344	3.2023	3.2964	23.412	30.528	75.583	733.94	0.29876	42.685	0.10832	0.0033547	1.9268	0.51898	7.9252	8.9143	57.543	30.344	60.863	280.55	15.560	6.6195	0.022859
164.76	1.9178	20.240	0.049408	3.2139	3.3087	23.483	30.529	75.772	731.66	0.30501	42.550	0.10808	0.0033284	1.9406	0.51530	7.9247	8.9129	57.497	30.372	61.123	280.44	15.535	6.6306	0.022925
164.93	1.9300	20.213	0.049473	3.2255	3.3210	23.554	30.530	75.964	729.38	0.31133	42.415	0.10784	0.0033020	1.9545	0.51165	7.9240	8.9115	57.451	30.401	61.386	280.34	15.510	6.6417	0.022992
165.10	1.9423	20.186	0.049538	3.2372	3.3334	23.626	30.532	76.157	727.09	0.31771	42.281	0.10760	0.0032758	1.9684	0.50802	7.9234	8.9101	57.404	30.429	61.653	280.23	15.485	6.6529	0.023059
165.26	1.9546	20.160	0.049604	3.2488	3.3458	23.697	30.533	76.354	724.79	0.32417	42.146	0.10736	0.0032495	1.9825	0.50442	7.9227	8.9086	57.358	30.458	61.923	280.13	15.460	6.6642	0.023127
165.43	1.9669	20.133	0.049670	3.2605	3.3582	23.768	30.535	76.552	722.49	0.33069	42.012	0.10712	0.0032233	1.9966	0.50084	7.9220	8.9071	57.311	30.487	62.197	280.02	15.435	6.6755	0.023195
165.60	1.9793	20.106	0.049737	3.2722	3.3706	23.840	30.536	76.753	720.19	0.33728	41.879	0.10688	0.0031971	2.0109	0.49729	7.9213	8.9056	57.264	30.516	62.475	279.91	15.410	6.6869	0.023264
165.76	1.9918	20.079	0.049803	3.2839	3.3831	23.911	30.538	76.957	717.88	0.34393	41.745	0.10664	0.0031710	2.0253	0.49376	7.9205	8.9040	57.217	30.545	62.757	279.80	15.385	6.6984	0.023333
165.93	2.0043	20.052	0.049871	3.2956	3.3956	23.983	30.540	77.164	715.57	0.35066	41.612	0.10639	0.0031449	2.0397	0.49026	7.9198	8.9024	57.170	30.575	63.042	279.69	15.359	6.7099	0.023403
166.10	2.0169	20.025	0.049939	3.3074	3.4081	24.055	30.542	77.373	713.26	0.35747	41.480	0.10615	0.0031188	2.0543	0.48678	7.9189	8.9007	57.123	30.605	63.332	279.58	15.334	6.7215	0.023473
166.26	2.0295	19.997	0.050007	3.3192	3.4207	24.126	30.544	77.585	710.93	0.36434	41.347	0.10591	0.0030928	2.0690	0.48333	7.9181	8.8990	57.076	30.635	63.626	279.47	15.309	6.7332	0.023544
166.43	2.0422	19.970	0.050076	3.3310	3.4332	24.198	30.547	77.800	708.61	0.37129	41.215	0.10567	0.0030668	2.0838	0.47990	7.9172	8.8972	57.029	30.665	63.924	279.36	15.284	6.7450	0.023616
166.60	2.0549	19.942	0.050145	3.3428	3.4458	24.270	30.549	78.018	706.28	0.37832	41.083	0.10543	0.0030408	2.0987	0.47649	7.9163	8.8954	56.981	30.696	64.227	279.24	15.259	6.7568	0.023688
166.76	2.0677	19.915	0.050214	3.3546	3.4584	24.342	30.552	78.239	703.94	0.38542	40.951	0.10519	0.0030149	2.1137	0.47311	7.9153	8.8936	56.934	30.726	64.533	279.13	15.233	6.7687	0.023761
166.93	2.0806	19.887	0.050284	3.3665	3.4711	24.414	30.554	78.462	701.60	0.39260	40.819	0.10494	0.0029890	2.1288	0.46975	7.9143	8.8917	56.886	30.757	64.844	279.01	15.208	6.7807	0.023834
167.09	2.0935	19.859	0.050355	3.3784	3.4838	24.486	30.557	78.689	699.26	0.39986	40.688	0.10470	0.0029632	2.1440	0.46641	7.9133	8.8897	56.838	30.788	65.160	278.89	15.182	6.7928	0.023908
167.26	2.1065	19.831	0.050426	3.3903	3.4965	24.558	30.560	78.919	696.91	0.40720	40.557	0.10446	0.0029374	2.1594	0.46310	7.9123	8.8878	56.790	30.820	65.481	278.77	15.157	6.8049	0.023983
167.43	2.1195	19.803	0.050497	3.4022	3.5092	24.630	30.564	79.152	694.56	0.41463	40.426	0.10422	0.0029116	2.1748	0.45981	7.9112	8.8857	56.742	30.852	65.806	278.65	15.132	6.8172	0.024058
167.59	2.1326	19.775	0.050569	3.4141	3.5220	24.702	30.567	79.388	692.20	0.42213	40.296	0.10398	0.0028859	2.1904	0.45654	7.9101	8.8837	56.694	30.883	66.136	278.53	15.106	6.8295	0.024134
167.76	2.1457	19.747	0.050641	3.4261	3.5348	24.774	30.571	79.628	689.83	0.42972	40.165	0.10373	0.0028602	2.2061	0.45329	7.9089	8.8815	56.646	30.916	66.471	278.41	15.081	6.8419	0.024211
167.93	2.1589	19.718	0.050714	3.4381	3.5476	24.847	30.574	79.871	687.47	0.43740	40.035	0.10349	0.0028346	2.2219	0.45006	7.9077	8.8794	56.598	30.948	66.811	278.29	15.055	6.8543	0.024288
168.09	2.1722	19.690	0.050788	3.4501	3.5604	24.919	30.578	80.118	685.09	0.44517	39.905	0.10325	0.0028090	2.2378	0.44686	7.9065	8.8772	56.549	30.981	67.157	278.16	15.030	6.8669	0.024366
168.26	2.1855	19.661	0.050862	3.4621	3.5733	24.992	30.582	80.368	682.71	0.45302	39.775	0.10301	0.0027834	2.2539	0.44368	7.9052	8.8749	56.500	31.013	67.508	278.04	15.004	6.8795	0.024444
168.43	2.1989	19.632	0.050936	3.4742	3.5862	25.064	30.586	80.622	680.33	0.46097	39.646	0.10276	0.0027579	2.2701	0.44052	7.9039	8.8726	56.451	31.047	67.864	277.91	14.978	6.8923	0.024524
168.59	2.2123	19.604	0.051011	3.4863	3.5991	25.137	30.591	80.879	677.94	0.46900	39.517	0.10252	0.0027324	2.2864	0.43737	7.9026	8.8702	56.402	31.080	68.226	277.78	14.952	6.9051	0.024604
168.76	2.2258	19.575	0.051087	3.4984	3.6121	25.210	30.595	81.141	675.54	0.47713	39.388	0.10228	0.0027070	2.3028	0.43425	7.9012	8.8678	56.353	31.114	68.593	277.66	14.927	6.9180	0.024685
168.93	2.2394	19.545	0.051163	3.5105	3.6251	25.283	30.600	81.406	673.14	0.48536	39.259	0.10203	0.0026816	2.3193	0.43116	7.8998	8.8654	56.304	31.148	68.967	277.53	14.901	6.9311	0.024767
169.09	2.2530	19.516	0.051239	3.5227	3.6381	25.356	30.605	81.675	670.74	0.49368	39.130	0.10179	0.0026562	2.3360	0.42808	7.8984	8.8628	56.254	31.182	69.346	277.40	14.875	6.9442	0.024849
169.26	2.2667	19.487	0.051317	3.5349	3.6512	25.429	30.610	81.948	668.33	0.50210	39.002	0.10154	0.0026309	2.3528	0.42502	7.8969	8.8603	56.205	31.216	69.731	277.26	14.849	6.9574	0.024932
169.42	2.2804	19.457	0.051394	3.5471	3.6643	25.502	30.615	82.226	665.91	0.51062	38.874	0.10130	0.0026056	2.3698	0.42198	7.8954	8.8577	56.155	31.251	70.123	277.13	14.823	6.9707	0.025016
169.59	2.2942	19.428	0.051473	3.5593	3.6774	25.575	30.620	82.508	663.49	0.51925	38.746	0.10106	0.0025804	2.3869	0.41896	7.8938	8.8550	56.105	31.286	70.521	277.00	14.797	6.9841	0.025101
169.76	2.3081	19.398	0.051551	3.5716	3.6906	25.649	30.626	82.794	661.06	0.52798	38.618	0.10081	0.0025552	2.4041	0.41596	7.8922	8.8523	56.055	31.322	70.926	276.86	14.771	6.9976	0.025187
169.92	2.3220	19.368	0.051631	3.5839	3.7038	25.722	30.632	83.084	658.63	0.53681	38.490	0.10057	0.0025300	2.4214	0.41298	7.8906	8.8495	56.005	31.357	71.338	276.73	14.744	7.0113	0.025274
170.09	2.3360	19.338	0.051711	3.5962	3.7170	25.795	30.637	83.379	656.19	0.54575	38.362	0.10032	0.0025049	2.4389	0.41002	7.8889	8.8467	55.954	31.393	71.756	276.59	14.718	7.0250	0.025361
170.26	2.3500	19.308	0.051792	3.6085	3.7302	25.869	30.644	83.679	653.74	0.55480	38.235	0.10008	0.0024798	2.4565	0.40708	7.8872	8.8438	55.904	31.429	72.181	276.45	14.692	7.0388	0.025450
170.42	2.3641	19.278	0.051873	3.6209	3.7435	25.943	30.650	83.984	651.29	0.56396	38.108	0.099835	0.0024548	2.4743	0.40415	7.8854	8.8409	55.853	31.466	72.614	276.31	14.665	7.0528	0.025539
170.59	2.3783	19.247	0.051955	3.6333	3.7569	26.017	30.657	84.293	648.84	0.57324	37.981	0.099590	0.0024298	2.4922	0.40125	7.8836	8.8379	55.802	31.503	73.054	276.17	14.639	7.0668	0.025630
170.76	2.3925	19.217	0.052037	3.6457	3.7702	26.091	30.663	84.608	646.37	0.58263	37.854	0.099344	0.0024049	2.5103	0.39836	7.8818	8.8348	55.751	31.540	73.502	276.03	14.612	7.0810	0.025721
170.92	2.4068	19.186	0.052121	3.6582	3.7836	26.165	30.670	84.927	643.90	0.59214	37.727	0.099099	0.0023800	2.5285	0.39549	7.8799	8.8317	55.699	31.578	73.958	275.88	14.585	7.0953	0.025813
171.09	2.4211	19.155	0.052205	3.6707	3.7971	26.239	30.677	85.252	641.43	0.60178	37.601	0.098854	0.0023552	2.5469	0.39264	7.8779	8.8286	55.648	31.616	74.422	275.74	14.559	7.1097	0.025906
171.26	2.4355	19.124	0.052289	3.6832	3.8105	26.313	30.685	85.583	638.95	0.61153	37.474	0.098608	0.0023303	2.5654	0.38981	7.8760	8.8254	55.596	31.654	74.894	275.59	14.532	7.1242	0.026001
171.42	2.4500	19.093	0.052374	3.6957	3.8240	26.388	30.693	85.919	636.46	0.62141	37.348	0.098362	0.0023056	2.5840	0.38699	7.8739	8.8221	55.544	31.692	75.374	275.45	14.505	7.1388	0.026096
171.59	2.4646	19.062	0.052460	3.7083	3.8376	26.462	30.700	86.260	633.96	0.63141	37.222	0.098116	0.0022809	2.6028	0.38419	7.8719	8.8187	55.492	31.731	75.863	275.30	14.478	7.1536	0.026193
171.76	2.4791	19.031	0.052547	3.7209	3.8512	26.537	30.709	86.608	631.46	0.64155	37.096	0.097870	0.0022562	2.6218	0.38141	7.8698	8.8153	55.439	31.770	76.361	275.15	14.450	7.1685	0.026291
171.92	2.4938	18.999	0.052634	3.7335	3.8648	26.612	30.717	86.961	628.95	0.65182	36.970	0.097624	0.0022316	2.6410	0.37865	7.8676	8.8119	55.387	31.810	76.869	275.00	14.423	7.1835	0.026389
172.09	2.5085	18.967	0.052722	3.7462	3.8784	26.687	30.725	87.321	626.44	0.66222	36.845	0.097378	0.0022070	2.6603	0.37590	7.8654	8.8083	55.334	31.850	77.385	274.85	14.396	7.1986	0.026489
172.25	2.5233	18.935	0.052811	3.7589	3.8922	26.762	30.734	87.687	623.92	0.67276	36.719	0.097131	0.0021825	2.6797	0.37317	7.8631	8.8048	55.281	31.890	77.912	274.70	14.368	7.2139	0.026590
172.42	2.5382	18.903	0.052900	3.7716	3.9059	26.837	30.743	88.060	621.39	0.68344	36.593	0.096884	0.0021580	2.6994	0.37046	7.8608	8.8011	55.228	31.931	78.448	274.54	14.341	7.2293	0.026693
172.59	2.5531	18.871	0.052991	3.7844	3.9197	26.912	30.753	88.439	618.86	0.69427	36.468	0.096637	0.0021336	2.7192	0.36776	7.8585	8.7974	55.174	31.972	78.994	274.39	14.313	7.2449	0.026797
172.75	2.5681	18.839	0.053082	3.7972	3.9335	26.988	30.762	88.825	616.31	0.70523	36.343	0.096390	0.0021092	2.7391	0.36508	7.8561	8.7936	55.121	32.014	79.552	274.23	14.285	7.2605	0.026902
172.92	2.5831	18.806	0.053174	3.8100	3.9474	27.063	30.772	89.218	613.77	0.71635	36.218	0.096143	0.0020849	2.7593	0.36241	7.8536	8.7898	55.067	32.055	80.120	274.07	14.257	7.2764	0.027008
173.09	2.5982	18.774	0.053266	3.8229	3.9613	27.139	30.782	89.619	611.21	0.72762	36.092	0.095895	0.0020606	2.7796	0.35976	7.8511	8.7858	55.013	32.098	80.699	273.91	14.229	7.2923	0.027116
173.25	2.6134	18.741	0.053360	3.8358	3.9752	27.215	30.793	90.026	608.65	0.73905	35.967	0.095648	0.0020364	2.8001	0.35713	7.8485	8.7819	54.958	32.140	81.289	273.75	14.201	7.3085	0.027225
173.42	2.6286	18.708	0.053454	3.8487	3.9892	27.291	30.803	90.442	606.07	0.75063	35.842	0.095400	0.0020122	2.8208	0.35451	7.8459	8.7778	54.904	32.184	81.891	273.59	14.173	7.3248	0.027335
173.59	2.6439	18.674	0.053549	3.8617	4.0033	27.367	30.814	90.865	603.50	0.76238	35.718	0.095152	0.0019880	2.8417	0.35191	7.8433	8.7737	54.849	32.227	82.506	273.43	14.144	7.3412	0.027447
173.75	2.6593	18.641	0.053645	3.8747	4.0173	27.443	30.826	91.297	600.91	0.77429	35.593	0.094903	0.0019639	2.8627	0.34932	7.8406	8.7695	54.794	32.271	83.133	273.27	14.115	7.3578	0.027560
173.92	2.6747	18.607	0.053742	3.8877	4.0315	27.520	30.837	91.737	598.32	0.78637	35.468	0.094655	0.0019399	2.8840	0.34674	7.8378	8.7652	54.738	32.315	83.773	273.10	14.087	7.3745	0.027675
174.09	2.6902	18.574	0.053840	3.9008	4.0457	27.597	30.849	92.186	595.71	0.79862	35.343	0.094406	0.0019159	2.9054	0.34419	7.8350	8.7609	54.682	32.360	84.426	272.93	14.058	7.3914	0.027792
174.25	2.7058	18.540	0.053939	3.9139	4.0599	27.673	30.861	92.643	593.10	0.81105	35.219	0.094158	0.0018920	2.9271	0.34164	7.8321	8.7565	54.626	32.406	85.093	272.77	14.029	7.4085	0.027910
174.42	2.7214	18.505	0.054038	3.9271	4.0742	27.751	30.874	93.110	590.49	0.82366	35.094	0.093909	0.0018681	2.9489	0.33911	7.8291	8.7520	54.570	32.451	85.775	272.60	14.000	7.4258	0.028030
174.58	2.7371	18.471	0.054139	3.9403	4.0885	27.828	30.887	93.586	587.86	0.83645	34.970	0.093660	0.0018443	2.9709	0.33659	7.8261	8.7474	54.514	32.498	86.470	272.43	13.970	7.4432	0.028152
174.75	2.7528	18.436	0.054240	3.9535	4.1028	27.905	30.900	94.072	585.22	0.84943	34.845	0.093410	0.0018205	2.9932	0.33409	7.8231	8.7428	54.457	32.544	87.181	272.25	13.941	7.4608	0.028275
174.92	2.7687	18.402	0.054343	3.9668	4.1173	27.983	30.914	94.568	582.58	0.86260	34.721	0.093161	0.0017968	3.0156	0.33160	7.8200	8.7381	54.400	32.592	87.908	272.08	13.911	7.4786	0.028400
175.08	2.7846	18.367	0.054447	3.9801	4.1317	28.060	30.927	95.074	579.93	0.87597	34.596	0.092911	0.0017731	3.0383	0.32913	7.8168	8.7333	54.342	32.639	88.650	271.91	13.881	7.4965	0.028528
175.25	2.8005	18.331	0.054551	3.9935	4.1463	28.138	30.942	95.591	577.27	0.88954	34.472	0.092662	0.0017495	3.0612	0.32667	7.8135	8.7284	54.284	32.688	89.409	271.73	13.851	7.5147	0.028657
175.42	2.8165	18.296	0.054657	4.0069	4.1608	28.217	30.956	96.119	574.60	0.90331	34.347	0.092412	0.0017260	3.0843	0.32422	7.8102	8.7234	54.226	32.736	90.186	271.55	13.821	7.5330	0.028788
175.58	2.8326	18.260	0.054763	4.0203	4.1755	28.295	30.971	96.658	571.92	0.91729	34.223	0.092161	0.0017025	3.1077	0.32179	7.8069	8.7184	54.168	32.786	90.980	271.37	13.790	7.5516	0.028921
175.75	2.8488	18.225	0.054871	4.0338	4.1902	28.373	30.987	97.209	569.24	0.93149	34.098	0.091911	0.0016790	3.1312	0.31936	7.8034	8.7132	54.109	32.836	91.792	271.19	13.760	7.5703	0.029056
175.92	2.8650	18.188	0.054980	4.0474	4.2049	28.452	31.003	97.772	566.54	0.94591	33.974	0.091661	0.0016556	3.1550	0.31696	7.7999	8.7080	54.050	32.886	92.624	271.01	13.729	7.5893	0.029193
176.08	2.8813	18.152	0.055090	4.0610	4.2197	28.531	31.019	98.348	563.83	0.96056	33.849	0.091410	0.0016323	3.1790	0.31456	7.7963	8.7027	53.991	32.937	93.475	270.83	13.698	7.6084	0.029333
176.25	2.8977	18.116	0.055201	4.0746	4.2346	28.610	31.036	98.937	561.12	0.97543	33.725	0.091159	0.0016090	3.2033	0.31218	7.7927	8.6973	53.931	32.989	94.346	270.64	13.666	7.6278	0.029475
176.42	2.9141	18.079	0.055313	4.0883	4.2495	28.690	31.053	99.540	558.39	0.99054	33.600	0.090908	0.0015858	3.2278	0.30980	7.7890	8.6918	53.871	33.041	95.239	270.46	13.635	7.6474	0.029619
176.58	2.9306	18.042	0.055427	4.1020	4.2644	28.770	31.070	100.16	555.66	1.0059	33.476	0.090657	0.0015627	3.2526	0.30745	7.7852	8.6862	53.810	33.094	96.153	270.27	13.603	7.6672	0.029766
176.75	2.9472	18.004	0.055542	4.1158	4.2795	28.849	31.088	100.79	552.91	1.0215	33.351	0.090406	0.0015396	3.2776	0.30510	7.7814	8.6805	53.750	33.147	97.090	270.08	13.571	7.6873	0.029915
176.92	2.9638	17.967	0.055658	4.1296	4.2946	28.930	31.107	101.43	550.16	1.0374	33.226	0.090155	0.0015166	3.3029	0.30276	7.7774	8.6748	53.688	33.201	98.051	269.89	13.539	7.7076	0.030067
177.08	2.9806	17.929	0.055775	4.1435	4.3097	29.010	31.126	102.09	547.39	1.0535	33.101	0.089903	0.0014936	3.3285	0.30044	7.7734	8.6689	53.627	33.256	99.036	269.70	13.507	7.7281	0.030221
177.25	2.9973	17.891	0.055894	4.1574	4.3250	29.091	31.145	102.77	544.62	1.0699	32.976	0.089652	0.0014707	3.3543	0.29813	7.7694	8.6629	53.565	33.311	100.05	269.50	13.474	7.7489	0.030379
177.41	3.0142	17.853	0.056014	4.1714	4.3403	29.172	31.165	103.47	541.83	1.0865	32.851	0.089400	0.0014478	3.3804	0.29582	7.7652	8.6569	53.502	33.367	101.08	269.31	13.441	7.7699	0.030539
177.58	3.0311	17.814	0.056135	4.1855	4.3556	29.253	31.186	104.18	539.03	1.1034	32.726	0.089148	0.0014250	3.4068	0.29353	7.7610	8.6507	53.439	33.424	102.15	269.11	13.408	7.7912	0.030702
177.75	3.0481	17.775	0.056258	4.1996	4.3710	29.334	31.207	104.91	536.22	1.1207	32.601	0.088896	0.0014023	3.4334	0.29126	7.7566	8.6444	53.376	33.481	103.24	268.91	13.375	7.8128	0.030868
177.91	3.0652	17.736	0.056382	4.2137	4.3865	29.416	31.228	105.66	533.40	1.1382	32.475	0.088644	0.0013797	3.4604	0.28899	7.7522	8.6380	53.312	33.539	104.36	268.71	13.341	7.8346	0.031038
178.08	3.0823	17.697	0.056508	4.2279	4.4021	29.498	31.251	106.42	530.57	1.1560	32.350	0.088392	0.0013571	3.4876	0.28673	7.7478	8.6316	53.248	33.598	105.51	268.51	13.307	7.8567	0.031210
178.25	3.0995	17.657	0.056635	4.2422	4.4177	29.580	31.273	107.21	527.73	1.1742	32.224	0.088140	0.0013345	3.5152	0.28448	7.7432	8.6249	53.184	33.658	106.70	268.30	13.273	7.8791	0.031387
178.41	3.1168	17.617	0.056764	4.2565	4.4334	29.663	31.297	108.02	524.87	1.1926	32.098	0.087887	0.0013121	3.5430	0.28224	7.7385	8.6182	53.118	33.718	107.91	268.10	13.238	7.9018	0.031566
178.58	3.1341	17.576	0.056894	4.2709	4.4492	29.746	31.321	108.85	522.01	1.2114	31.972	0.087635	0.0012897	3.5712	0.28002	7.7338	8.6114	53.053	33.780	109.17	267.89	13.203	7.9248	0.031750
178.75	3.1516	17.536	0.057026	4.2854	4.4651	29.829	31.345	109.71	519.13	1.2305	31.846	0.087383	0.0012674	3.5997	0.27780	7.7289	8.6045	52.987	33.842	110.46	267.68	13.168	7.9481	0.031937
178.91	3.1691	17.495	0.057160	4.2999	4.4810	29.913	31.371	110.58	516.24	1.2500	31.720	0.087130	0.0012451	3.6286	0.27559	7.7240	8.5974	52.920	33.905	111.78	267.47	13.132	7.9717	0.032128
179.08	3.1866	17.453	0.057295	4.3145	4.4971	29.996	31.397	111.49	513.33	1.2699	31.593	0.086878	0.0012229	3.6577	0.27339	7.7190	8.5902	52.853	33.968	113.15	267.25	13.097	7.9957	0.032323
179.25	3.2043	17.412	0.057433	4.3291	4.5132	30.081	31.424	112.42	510.41	1.2901	31.466	0.086626	0.0012008	3.6873	0.27120	7.7139	8.5829	52.785	34.033	114.56	267.04	13.060	8.0200	0.032522
179.41	3.2220	17.370	0.057572	4.3439	4.5294	30.165	31.451	113.37	507.48	1.3106	31.339	0.086373	0.0011788	3.7172	0.26902	7.7086	8.5754	52.717	34.099	116.01	266.82	13.024	8.0446	0.032726
179.58	3.2398	17.327	0.057712	4.3587	4.5456	30.250	31.479	114.36	504.54	1.3316	31.212	0.086121	0.0011568	3.7474	0.26685	7.7033	8.5678	52.648	34.165	117.50	266.60	12.987	8.0696	0.032934
179.74	3.2576	17.285	0.057855	4.3735	4.5620	30.336	31.508	115.37	501.58	1.3530	31.084	0.085869	0.0011349	3.7780	0.26469	7.6979	8.5601	52.579	34.233	119.05	266.38	12.950	8.0950	0.033147
179.91	3.2756	17.241	0.058000	4.3885	4.5785	30.421	31.538	116.42	498.60	1.3748	30.957	0.085617	0.0011131	3.8090	0.26254	7.6923	8.5523	52.509	34.301	120.64	266.16	12.912	8.1207	0.033365
180.08	3.2936	17.198	0.058147	4.4035	4.5950	30.507	31.569	117.50	495.62	1.3970	30.828	0.085365	0.0010913	3.8404	0.26039	7.6867	8.5443	52.438	34.371	122.28	265.94	12.874	8.1469	0.033589
180.24	3.3117	17.154	0.058296	4.4186	4.6116	30.594	31.600	118.61	492.61	1.4197	30.700	0.085113	0.0010696	3.8722	0.25825	7.6809	8.5362	52.367	34.441	123.98	265.71	12.835	8.1734	0.033817
180.41	3.3298	17.110	0.058447	4.4338	4.6284	30.681	31.633	119.76	489.60	1.4428	30.571	0.084862	0.0010480	3.9044	0.25612	7.6750	8.5279	52.296	34.513	125.74	265.48	12.796	8.2003	0.034051
180.58	3.3481	17.065	0.058600	4.4490	4.6452	30.768	31.666	120.94	486.56	1.4663	30.442	0.084610	0.0010265	3.9370	0.25400	7.6690	8.5195	52.223	34.586	127.55	265.25	12.757	8.2277	0.034291
180.74	3.3664	17.020	0.058755	4.4644	4.6622	30.856	31.701	122.17	483.51	1.4904	30.312	0.084359	0.0010051	3.9701	0.25188	7.6629	8.5109	52.150	34.659	129.43	265.01	12.717	8.2555	0.034537
180.91	3.3848	16.974	0.058913	4.4798	4.6792	30.944	31.736	123.44	480.45	1.5150	30.182	0.084109	0.00098373	4.0036	0.24978	7.6567	8.5021	52.076	34.734	131.38	264.78	12.677	8.2838	0.034789
181.08	3.4033	16.928	0.059074	4.4953	4.6964	31.033	31.773	124.75	477.37	1.5400	30.052	0.083858	0.00096246	4.0375	0.24768	7.6503	8.4932	52.001	34.811	133.39	264.54	12.636	8.3125	0.035048
181.24	3.4218	16.882	0.059236	4.5109	4.7136	31.122	31.810	126.10	474.27	1.5657	29.921	0.083608	0.00094127	4.0720	0.24558	7.6438	8.4841	51.926	34.888	135.48	264.30	12.595	8.3417	0.035314
181.41	3.4404	16.835	0.059402	4.5266	4.7310	31.212	31.849	127.51	471.15	1.5918	29.790	0.083359	0.00092016	4.1069	0.24349	7.6372	8.4749	51.850	34.967	137.65	264.06	12.553	8.3714	0.035587
181.58	3.4591	16.787	0.059570	4.5424	4.7485	31.302	31.889	128.97	468.02	1.6186	29.658	0.083110	0.00089914	4.1423	0.24141	7.6304	8.4655	51.773	35.047	139.90	263.81	12.511	8.4016	0.035868
181.74	3.4779	16.739	0.059741	4.5583	4.7661	31.393	31.930	130.48	464.86	1.6459	29.526	0.082861	0.00087821	4.1782	0.23934	7.6235	8.4559	51.695	35.128	142.23	263.56	12.468	8.4324	0.036156
181.91	3.4967	16.690	0.059914	4.5744	4.7839	31.485	31.972	132.05	461.69	1.6738	29.393	0.082614	0.00085737	4.2147	0.23727	7.6164	8.4461	51.617	35.211	144.66	263.31	12.425	8.4637	0.036453
182.08	3.5157	16.641	0.060091	4.5905	4.8017	31.577	32.016	133.68	458.50	1.7024	29.260	0.082367	0.00083661	4.2517	0.23520	7.6092	8.4361	51.537	35.296	147.19	263.06	12.381	8.4956	0.036759
182.24	3.5347	16.592	0.060271	4.6067	4.8197	31.669	32.061	135.37	455.29	1.7316	29.126	0.082120	0.00081595	4.2892	0.23314	7.6018	8.4259	51.457	35.382	149.82	262.80	12.337	8.5280	0.037074
182.41	3.5538	16.542	0.060454	4.6230	4.8379	31.762	32.108	137.14	452.06	1.7615	28.991	0.081875	0.00079538	4.3273	0.23109	7.5943	8.4156	51.376	35.469	152.56	262.54	12.292	8.5611	0.037398
182.57	3.5730	16.491	0.060640	4.6395	4.8561	31.856	32.156	138.98	448.81	1.7921	28.856	0.081631	0.00077491	4.3661	0.22904	7.5866	8.4050	51.294	35.558	155.41	262.28	12.246	8.5949	0.037732
182.74	3.5922	16.439	0.060829	4.6560	4.8746	31.950	32.205	140.89	445.53	1.8235	28.720	0.081388	0.00075453	4.4054	0.22699	7.5787	8.3942	51.210	35.649	158.40	262.01	12.199	8.6293	0.038078
182.91	3.6115	16.387	0.061023	4.6727	4.8931	32.046	32.257	142.89	442.24	1.8556	28.583	0.081146	0.00073425	4.4454	0.22495	7.5707	8.3831	51.126	35.741	161.51	261.74	12.152	8.6644	0.038434
183.07	3.6310	16.335	0.061219	4.6896	4.9119	32.141	32.310	144.97	438.92	1.8885	28.446	0.080905	0.00071407	4.4860	0.22291	7.5625	8.3719	51.041	35.836	164.76	261.47	12.105	8.7002	0.038802
183.24	3.6505	16.281	0.061420	4.7065	4.9307	32.238	32.365	147.16	435.58	1.9222	28.308	0.080666	0.00069399	4.5274	0.22088	7.5541	8.3604	50.955	35.932	168.17	261.20	12.056	8.7367	0.039183
183.41	3.6700	16.227	0.061625	4.7236	4.9498	32.335	32.422	149.44	432.21	1.9568	28.169	0.080429	0.00067402	4.5694	0.21885	7.5455	8.3486	50.867	36.030	171.74	260.92	12.007	8.7741	0.039577
183.57	3.6897	16.172	0.061834	4.7409	4.9690	32.434	32.480	151.83	428.82	1.9923	28.029	0.080193	0.00065416	4.6122	0.21682	7.5366	8.3366	50.778	36.130	175.48	260.63	11.957	8.8122	0.039985
183.74	3.7094	16.117	0.062047	4.7583	4.9884	32.533	32.541	154.34	425.40	2.0287	27.888	0.079959	0.00063440	4.6557	0.21479	7.5276	8.3244	50.688	36.233	179.41	260.35	11.906	8.8512	0.040407
183.91	3.7293	16.061	0.062264	4.7758	5.0080	32.632	32.605	156.97	421.96	2.0661	27.746	0.079728	0.00061475	4.7001	0.21276	7.5184	8.3118	50.597	36.337	183.55	260.06	11.855	8.8911	0.040846
184.07	3.7492	16.003	0.062487	4.7935	5.0278	32.733	32.670	159.74	418.49	2.1046	27.603	0.079499	0.00059522	4.7452	0.21074	7.5089	8.2990	50.504	36.444	187.89	259.76	11.802	8.9319	0.041301
184.24	3.7692	15.945	0.062714	4.8114	5.0478	32.835	32.738	162.65	414.99	2.1441	27.459	0.079273	0.00057580	4.7913	0.20871	7.4992	8.2859	50.410	36.553	192.48	259.46	11.749	8.9737	0.041774
184.41	3.7893	15.886	0.062947	4.8294	5.0680	32.938	32.809	165.73	411.46	2.1847	27.314	0.079050	0.00055650	4.8382	0.20669	7.4892	8.2724	50.315	36.665	197.31	259.16	11.694	9.0165	0.042265
184.57	3.8094	15.827	0.063185	4.8477	5.0884	33.041	32.882	168.97	407.89	2.2264	27.167	0.078830	0.00053733	4.8860	0.20466	7.4790	8.2587	50.218	36.780	202.42	258.85	11.639	9.0604	0.042777
184.74	3.8297	15.766	0.063429	4.8661	5.1090	33.146	32.959	172.41	404.30	2.2694	27.020	0.078614	0.00051827	4.9349	0.20264	7.4686	8.2446	50.119	36.897	207.83	258.54	11.583	9.1054	0.043311
184.90	3.8500	15.704	0.063679	4.8847	5.1299	33.252	33.038	176.04	400.68	2.3137	26.871	0.078402	0.00049935	4.9847	0.20061	7.4578	8.2302	50.019	37.017	213.57	258.22	11.525	9.1516	0.043867
185.07	3.8704	15.641	0.063935	4.9036	5.1510	33.359	33.121	179.90	397.02	2.3593	26.720	0.078195	0.00048055	5.0357	0.19858	7.4468	8.2154	49.917	37.140	219.66	257.89	11.466	9.1990	0.044449
185.24	3.8909	15.577	0.064198	4.9226	5.1724	33.468	33.207	184.00	393.32	2.4064	26.568	0.077992	0.00046189	5.0877	0.19655	7.4354	8.2002	49.813	37.267	226.14	257.56	11.407	9.2478	0.045057
185.40	3.9115	15.512	0.064468	4.9419	5.1941	33.577	33.297	188.37	389.59	2.4549	26.414	0.077796	0.00044337	5.1409	0.19452	7.4237	8.1846	49.707	37.397	233.05	257.23	11.346	9.2979	0.045693
185.57	3.9322	15.445	0.064746	4.9614	5.2160	33.689	33.391	193.04	385.81	2.5051	26.258	0.077606	0.00042499	5.1954	0.19248	7.4117	8.1686	49.599	37.530	240.43	256.88	11.283	9.3496	0.046361
185.74	3.9530	15.377	0.065031	4.9812	5.2383	33.801	33.489	198.03	382.00	2.5569	26.101	0.077423	0.00040676	5.2512	0.19043	7.3993	8.1521	49.489	37.668	248.33	256.53	11.220	9.4027	0.047062
185.90	3.9739	15.308	0.065325	5.0013	5.2609	33.915	33.592	203.39	378.14	2.6104	25.942	0.077248	0.00038867	5.3084	0.18838	7.3866	8.1352	49.377	37.809	256.81	256.18	11.155	9.4576	0.047800
186.07	3.9948	15.237	0.065628	5.0216	5.2838	34.031	33.700	209.15	374.24	2.6659	25.780	0.077081	0.00037074	5.3670	0.18632	7.3735	8.1178	49.262	37.955	265.94	255.81	11.088	9.5142	0.048577
186.24	4.0159	15.165	0.065940	5.0423	5.3071	34.149	33.813	215.36	370.29	2.7233	25.616	0.076925	0.00035298	5.4272	0.18426	7.3599	8.0999	49.145	38.105	275.78	255.44	11.020	9.5727	0.049397
186.40	4.0370	15.091	0.066263	5.0632	5.3308	34.269	33.932	222.08	366.29	2.7828	25.450	0.076781	0.00033537	5.4891	0.18218	7.3459	8.0814	49.025	38.261	286.43	255.06	10.950	9.6332	0.050264
186.57	4.0583	15.016	0.066597	5.0846	5.3548	34.390	34.058	229.37	362.24	2.8446	25.281	0.076649	0.00031794	5.5527	0.18009	7.3314	8.0623	48.902	38.422	297.99	254.66	10.878	9.6958	0.051183
186.74	4.0796	14.938	0.066942	5.1063	5.3793	34.514	34.190	237.32	358.13	2.9088	25.109	0.076532	0.00030069	5.6182	0.17799	7.3164	8.0426	48.776	38.588	310.59	254.26	10.805	9.7608	0.052159
186.90	4.1010	14.859	0.067301	5.1283	5.4043	34.640	34.329	246.00	353.96	2.9756	24.935	0.076432	0.00028362	5.6857	0.17588	7.3009	8.0222	48.646	38.761	324.35	253.84	10.729	9.8283	0.053199
187.07	4.1225	14.777	0.067673	5.1508	5.4298	34.768	34.477	255.54	349.72	3.0451	24.757	0.076352	0.00026675	5.7553	0.17375	7.2848	8.0011	48.513	38.940	339.47	253.42	10.652	9.8985	0.054308
187.24	4.1442	14.693	0.068060	5.1738	5.4559	34.900	34.633	266.06	345.42	3.1176	24.575	0.076293	0.00025008	5.8273	0.17161	7.2680	7.9792	48.377	39.128	356.14	252.98	10.571	9.9717	0.055497
187.40	4.1659	14.606	0.068464	5.1973	5.4825	35.034	34.800	277.72	341.04	3.1933	24.389	0.076261	0.00023361	5.9018	0.16944	7.2506	7.9565	48.235	39.323	374.62	252.52	10.489	10.048	0.056773
187.57	4.1877	14.517	0.068885	5.2213	5.5097	35.171	34.978	290.72	336.58	3.2725	24.199	0.076259	0.00021737	5.9791	0.16725	7.2325	7.9329	48.090	39.527	395.22	252.04	10.403	10.128	0.058149
187.73	4.2096	14.425	0.069326	5.2458	5.5377	35.312	35.169	305.31	332.03	3.3555	24.004	0.076293	0.00020136	6.0594	0.16503	7.2135	7.9083	47.939	39.742	418.32	251.55	10.315	10.212	0.059639
187.90	4.2316	14.329	0.069789	5.2711	5.5664	35.457	35.373	321.81	327.39	3.4427	23.805	0.076369	0.00018559	6.1430	0.16279	7.1937	7.8826	47.783	39.968	444.40	251.04	10.224	10.300	0.061259
188.07	4.2537	14.229	0.070277	5.2970	5.5959	35.606	35.595	340.59	322.64	3.5344	23.599	0.076495	0.00017008	6.2302	0.16051	7.1729	7.8557	47.621	40.207	474.09	250.50	10.128	10.392	0.063029
188.23	4.2759	14.126	0.070791	5.3237	5.6264	35.760	35.835	362.19	317.76	3.6312	23.387	0.076683	0.00015484	6.3214	0.15819	7.1511	7.8275	47.453	40.461	508.18	249.93	10.029	10.490	0.064975
188.40	4.2983	14.018	0.071337	5.3514	5.6580	35.919	36.097	387.28	312.75	3.7335	23.167	0.076944	0.00013989	6.4172	0.15583	7.1280	7.7978	47.276	40.733	547.72	249.32	9.9258	10.594	0.067129
188.57	4.3207	13.905	0.071917	5.3800	5.6907	36.084	36.385	416.78	307.59	3.8422	22.939	0.077298	0.00012526	6.5181	0.15342	7.1036	7.7665	47.092	41.025	594.14	248.68	9.8173	10.705	0.069531
188.73	4.3432	13.786	0.072538	5.4097	5.7248	36.256	36.705	451.97	302.25	3.9579	22.702	0.077767	0.00011095	6.6248	0.15095	7.0776	7.7332	46.898	41.342	649.39	247.99	9.7033	10.824	0.072235
188.90	4.3659	13.660	0.073205	5.4408	5.7604	36.436	37.063	494.63	296.70	4.0818	22.454	0.078385	9.7017e-05	6.7382	0.14841	7.0499	7.6979	46.692	41.689	716.21	247.24	9.5827	10.952	0.075311
189.07	4.3886	13.527	0.073929	5.4734	5.7979	36.625	37.469	547.43	290.90	4.2150	22.193	0.079196	8.3479e-05	6.8596	0.14578	7.0202	7.6599	46.474	42.073	798.66	246.42	9.4546	11.090	0.078857
189.23	4.4115	13.384	0.074719	5.5079	5.8375	36.826	37.936	614.41	284.82	4.3592	21.916	0.080268	7.0380e-05	6.9903	0.14306	6.9879	7.6190	46.240	42.505	902.86	245.50	9.3176	11.241	0.083010
189.40	4.4345	13.229	0.075591	5.5446	5.8798	37.040	38.482	702.07	278.37	4.5164	21.620	0.081702	5.7772e-05	7.1324	0.14020	6.9527	7.5744	45.987	42.998	1038.6	244.45	9.1699	11.409	0.087976
189.57	4.4576	13.060	0.076568	5.5840	5.9253	37.271	39.136	821.48	271.48	4.6893	21.301	0.083661	4.5725e-05	7.2888	0.13720	6.9138	7.5254	45.711	43.576	1222.4	243.23	9.0090	11.596	0.094069
189.73	4.4808	12.873	0.077680	5.6270	5.9751	37.524	39.939	993.18	264.02	4.8819	20.951	0.086428	3.4328e-05	7.4637	0.13398	6.8701	7.4705	45.405	44.271	1484.7	241.77	8.8314	11.809	0.10181
189.90	4.5042	12.661	0.078980	5.6749	6.0306	37.807	40.963	1259.6	255.81	5.0996	20.559	0.090534	2.3709e-05	7.6635	0.13049	6.8200	7.4077	45.059	45.140	1887.4	239.94	8.6316	12.059	0.11215
190.06	4.5277	12.414	0.080556	5.7298	6.0945	38.133	42.330	1724.1	246.57	5.3513	20.105	0.097140	1.4066e-05	7.8998	0.12658	6.7606	7.3337	44.653	46.283	2578.8	237.51	8.4011	12.363	0.12705
190.23	4.5514	12.108	0.082591	5.7962	6.1721	38.531	44.292	2714.4	235.85	5.6524	19.548	0.10940	5.7412e-06	8.1958	0.12201	6.6860	7.2413	44.152	47.906	4018.0	234.01	8.1237	12.757	0.15146
190.40	4.5752	11.682	0.085601	5.8865	6.2781	39.077	47.497	6021.3	222.71	6.0373	18.773	0.14067	-5.1482e-07	8.6149	0.11608	6.5806	7.1117	43.455	50.542	8608.7	228.15	7.7601	13.345	0.20462
190.56	4.5992	10.139	0.098628	6.2136	6.6672	41.109	undefined	undefined	undefined	0.0000	15.880	undefined	-1.2490e-12	10.139	0.098628	6.2136	6.6672	41.109	undefined	undefined	undefined	0.0000	15.880	undefined
