Temperature (K)	Pressure (MPa)	Density (l, mol/l)	Volume (l, l/mol)	Internal Energy (l, kJ/mol)	Enthalpy (l, kJ/mol)	Entropy (l, J/mol*K)	Cv (l, J/mol*K)	Cp (l, J/mol*K)	Sound Spd. (l, m/s)	Joule-Thomson (l, K/MPa)	Viscosity (l, uPa*s)	Therm. Cond. (l, W/m*K)	Surf. Tension (l, N/m)	Density (v, mol/l)	Volume (v, l/mol)	Internal Energy (v, kJ/mol)	Enthalpy (v, kJ/mol)	Entropy (v, J/mol*K)	Cv (v, J/mol*K)	Cp (v, J/mol*K)	Sound Spd. (v, m/s)	Joule-Thomson (v, K/MPa)	Viscosity (v, uPa*s)	Therm. Cond. (v, W/m*K)
63.151	0.012520	30.957	0.032303	-4.2230	-4.2226	67.951	32.951	56.033	995.28	-0.40419	311.59	0.17328	0.012205	0.024070	41.546	1.2945	1.8147	163.55	21.007	29.647	161.11	40.718	4.3763	0.0056209
63.256	0.012764	30.942	0.032319	-4.2171	-4.2167	68.044	32.931	56.038	994.20	-0.40387	309.79	0.17306	0.012180	0.024501	40.815	1.2966	1.8175	163.44	21.010	29.654	161.23	40.571	4.3840	0.0056319
63.361	0.013011	30.927	0.032335	-4.2112	-4.2108	68.137	32.910	56.043	993.12	-0.40355	308.01	0.17285	0.012154	0.024938	40.099	1.2986	1.8203	163.32	21.013	29.662	161.35	40.425	4.3917	0.0056430
63.466	0.013263	30.911	0.032351	-4.2054	-4.2049	68.230	32.890	56.048	992.04	-0.40323	306.25	0.17264	0.012129	0.025382	39.398	1.3006	1.8231	163.21	21.016	29.669	161.47	40.280	4.3994	0.0056541
63.571	0.013518	30.896	0.032367	-4.1995	-4.1990	68.323	32.869	56.052	990.96	-0.40290	304.50	0.17243	0.012104	0.025832	38.712	1.3026	1.8259	163.10	21.018	29.677	161.59	40.136	4.4071	0.0056652
63.676	0.013778	30.880	0.032383	-4.1936	-4.1931	68.415	32.849	56.057	989.89	-0.40258	302.76	0.17222	0.012079	0.026288	38.040	1.3046	1.8288	162.99	21.021	29.685	161.71	39.993	4.4148	0.0056763
63.781	0.014041	30.865	0.032399	-4.1877	-4.1872	68.508	32.828	56.062	988.81	-0.40225	301.04	0.17200	0.012053	0.026750	37.383	1.3067	1.8316	162.87	21.024	29.692	161.83	39.851	4.4226	0.0056874
63.886	0.014309	30.849	0.032416	-4.1818	-4.1813	68.600	32.808	56.067	987.73	-0.40192	299.33	0.17179	0.012028	0.027219	36.739	1.3087	1.8344	162.76	21.027	29.700	161.95	39.710	4.4303	0.0056984
63.992	0.014580	30.834	0.032432	-4.1759	-4.1754	68.692	32.787	56.072	986.66	-0.40159	297.63	0.17158	0.012003	0.027694	36.108	1.3107	1.8372	162.65	21.030	29.708	162.07	39.569	4.4380	0.0057096
64.097	0.014856	30.818	0.032448	-4.1700	-4.1696	68.784	32.767	56.077	985.58	-0.40126	295.95	0.17137	0.011977	0.028176	35.491	1.3127	1.8400	162.54	21.033	29.716	162.19	39.430	4.4457	0.0057207
64.202	0.015136	30.803	0.032464	-4.1641	-4.1637	68.876	32.746	56.082	984.51	-0.40092	294.29	0.17116	0.011952	0.028664	34.887	1.3147	1.8428	162.43	21.036	29.724	162.31	39.292	4.4535	0.0057318
64.307	0.015420	30.788	0.032481	-4.1583	-4.1578	68.968	32.726	56.087	983.43	-0.40059	292.64	0.17095	0.011927	0.029159	34.295	1.3167	1.8455	162.32	21.039	29.732	162.43	39.154	4.4612	0.0057429
64.412	0.015709	30.772	0.032497	-4.1524	-4.1519	69.059	32.705	56.092	982.36	-0.40025	291.00	0.17073	0.011902	0.029661	33.715	1.3187	1.8483	162.21	21.042	29.741	162.54	39.017	4.4689	0.0057540
64.517	0.016001	30.757	0.032513	-4.1465	-4.1460	69.150	32.685	56.097	981.29	-0.39991	289.37	0.17052	0.011877	0.030169	33.147	1.3207	1.8511	162.10	21.045	29.749	162.66	38.881	4.4767	0.0057651
64.622	0.016298	30.741	0.032530	-4.1406	-4.1401	69.242	32.665	56.103	980.21	-0.39957	287.76	0.17031	0.011851	0.030684	32.590	1.3227	1.8539	162.00	21.048	29.757	162.78	38.746	4.4844	0.0057763
64.727	0.016600	30.726	0.032546	-4.1347	-4.1342	69.333	32.644	56.108	979.14	-0.39923	286.16	0.17010	0.011826	0.031206	32.045	1.3247	1.8567	161.89	21.051	29.766	162.90	38.612	4.4922	0.0057874
64.832	0.016906	30.710	0.032563	-4.1288	-4.1282	69.424	32.624	56.113	978.07	-0.39888	284.58	0.16989	0.011801	0.031735	31.511	1.3267	1.8595	161.78	21.054	29.774	163.01	38.479	4.4999	0.0057986
64.937	0.017217	30.694	0.032579	-4.1229	-4.1223	69.515	32.604	56.118	977.00	-0.39854	283.00	0.16968	0.011776	0.032271	30.988	1.3287	1.8622	161.67	21.057	29.783	163.13	38.347	4.5076	0.0058097
65.042	0.017532	30.679	0.032596	-4.1170	-4.1164	69.605	32.583	56.124	975.93	-0.39819	281.44	0.16947	0.011751	0.032813	30.475	1.3307	1.8650	161.57	21.060	29.792	163.25	38.215	4.5154	0.0058209
65.147	0.017851	30.663	0.032612	-4.1111	-4.1105	69.696	32.563	56.129	974.86	-0.39784	279.89	0.16925	0.011725	0.033363	29.973	1.3327	1.8678	161.46	21.063	29.800	163.36	38.084	4.5231	0.0058320
65.252	0.018176	30.648	0.032629	-4.1052	-4.1046	69.786	32.543	56.134	973.79	-0.39749	278.36	0.16904	0.011700	0.033921	29.481	1.3347	1.8705	161.36	21.066	29.809	163.48	37.954	4.5309	0.0058432
65.357	0.018505	30.632	0.032645	-4.0993	-4.0987	69.876	32.522	56.140	972.72	-0.39713	276.84	0.16883	0.011675	0.034485	28.998	1.3367	1.8733	161.25	21.070	29.818	163.59	37.825	4.5386	0.0058544
65.463	0.018839	30.617	0.032662	-4.0934	-4.0928	69.967	32.502	56.145	971.65	-0.39678	275.33	0.16862	0.011650	0.035057	28.525	1.3387	1.8761	161.15	21.073	29.827	163.71	37.697	4.5464	0.0058655
65.568	0.019177	30.601	0.032679	-4.0875	-4.0869	70.057	32.482	56.151	970.58	-0.39642	273.83	0.16841	0.011625	0.035636	28.062	1.3407	1.8788	161.04	21.076	29.836	163.83	37.569	4.5541	0.0058767
65.673	0.019521	30.585	0.032695	-4.0816	-4.0810	70.146	32.461	56.157	969.51	-0.39606	272.34	0.16820	0.011600	0.036222	27.607	1.3426	1.8816	160.94	21.079	29.845	163.94	37.442	4.5619	0.0058879
65.778	0.019869	30.570	0.032712	-4.0757	-4.0751	70.236	32.441	56.162	968.44	-0.39570	270.87	0.16799	0.011575	0.036816	27.162	1.3446	1.8843	160.84	21.083	29.855	164.06	37.316	4.5696	0.0058991
65.883	0.020223	30.554	0.032729	-4.0699	-4.0692	70.326	32.421	56.168	967.38	-0.39533	269.41	0.16777	0.011550	0.037418	26.725	1.3466	1.8871	160.73	21.086	29.864	164.17	37.191	4.5774	0.0059103
65.988	0.020581	30.538	0.032746	-4.0640	-4.0633	70.415	32.401	56.174	966.31	-0.39497	267.95	0.16756	0.011525	0.038027	26.297	1.3486	1.8898	160.63	21.089	29.873	164.28	37.067	4.5852	0.0059215
66.093	0.020944	30.523	0.032762	-4.0581	-4.0574	70.504	32.381	56.179	965.24	-0.39460	266.52	0.16735	0.011500	0.038644	25.877	1.3506	1.8925	160.53	21.093	29.883	164.40	36.943	4.5929	0.0059327
66.198	0.021313	30.507	0.032779	-4.0522	-4.0515	70.594	32.360	56.185	964.17	-0.39423	265.09	0.16714	0.011475	0.039269	25.466	1.3525	1.8953	160.43	21.096	29.893	164.51	36.820	4.6007	0.0059440
66.303	0.021687	30.491	0.032796	-4.0463	-4.0455	70.683	32.340	56.191	963.11	-0.39386	263.67	0.16693	0.011450	0.039901	25.062	1.3545	1.8980	160.32	21.100	29.902	164.62	36.698	4.6085	0.0059552
66.408	0.022066	30.476	0.032813	-4.0404	-4.0396	70.772	32.320	56.197	962.04	-0.39349	262.27	0.16672	0.011424	0.040542	24.666	1.3565	1.9007	160.22	21.103	29.912	164.74	36.577	4.6162	0.0059664
66.513	0.022450	30.460	0.032830	-4.0345	-4.0337	70.860	32.300	56.203	960.98	-0.39312	260.87	0.16651	0.011399	0.041190	24.278	1.3584	1.9034	160.12	21.106	29.922	164.85	36.456	4.6240	0.0059776
66.618	0.022839	30.444	0.032847	-4.0286	-4.0278	70.949	32.280	56.209	959.91	-0.39274	259.49	0.16630	0.011374	0.041846	23.897	1.3604	1.9062	160.02	21.110	29.932	164.96	36.336	4.6318	0.0059889
66.723	0.023234	30.429	0.032864	-4.0227	-4.0219	71.038	32.260	56.215	958.85	-0.39236	258.12	0.16609	0.011349	0.042511	23.523	1.3623	1.9089	159.92	21.113	29.942	165.07	36.217	4.6396	0.0060001
66.828	0.023634	30.413	0.032881	-4.0168	-4.0160	71.126	32.240	56.221	957.78	-0.39198	256.75	0.16588	0.011324	0.043184	23.157	1.3643	1.9116	159.82	21.117	29.952	165.19	36.098	4.6474	0.0060114
66.933	0.024040	30.397	0.032898	-4.0109	-4.0101	71.214	32.220	56.227	956.72	-0.39160	255.40	0.16566	0.011300	0.043865	22.797	1.3663	1.9143	159.73	21.121	29.962	165.30	35.981	4.6551	0.0060227
67.039	0.024451	30.381	0.032915	-4.0049	-4.0041	71.302	32.200	56.234	955.65	-0.39121	254.06	0.16545	0.011275	0.044554	22.445	1.3682	1.9170	159.63	21.124	29.972	165.41	35.864	4.6629	0.0060339
67.144	0.024868	30.366	0.032932	-3.9990	-3.9982	71.390	32.180	56.240	954.59	-0.39082	252.73	0.16524	0.011250	0.045251	22.099	1.3702	1.9197	159.53	21.128	29.983	165.52	35.747	4.6707	0.0060452
67.249	0.025291	30.350	0.032949	-3.9931	-3.9923	71.478	32.160	56.246	953.53	-0.39044	251.41	0.16503	0.011225	0.045957	21.759	1.3721	1.9224	159.43	21.131	29.993	165.63	35.632	4.6785	0.0060565
67.354	0.025719	30.334	0.032966	-3.9872	-3.9864	71.566	32.140	56.253	952.46	-0.39004	250.10	0.16482	0.011200	0.046672	21.426	1.3740	1.9251	159.33	21.135	30.004	165.74	35.517	4.6863	0.0060678
67.459	0.026153	30.318	0.032984	-3.9813	-3.9805	71.654	32.120	56.259	951.40	-0.38965	248.80	0.16461	0.011175	0.047395	21.099	1.3760	1.9278	159.24	21.139	30.014	165.85	35.403	4.6941	0.0060791
67.564	0.026593	30.302	0.033001	-3.9754	-3.9745	71.741	32.100	56.266	950.34	-0.38926	247.52	0.16440	0.011150	0.048127	20.779	1.3779	1.9305	159.14	21.142	30.025	165.96	35.289	4.7019	0.0060904
67.669	0.027038	30.287	0.033018	-3.9695	-3.9686	71.828	32.080	56.272	949.27	-0.38886	246.24	0.16419	0.011125	0.048867	20.464	1.3799	1.9332	159.04	21.146	30.036	166.07	35.176	4.7097	0.0061017
67.774	0.027490	30.271	0.033035	-3.9636	-3.9627	71.916	32.060	56.279	948.21	-0.38846	244.97	0.16398	0.011100	0.049616	20.155	1.3818	1.9359	158.95	21.150	30.047	166.18	35.064	4.7175	0.0061130
67.879	0.027947	30.255	0.033053	-3.9577	-3.9568	72.003	32.041	56.285	947.15	-0.38806	243.71	0.16377	0.011075	0.050374	19.851	1.3837	1.9385	158.85	21.154	30.058	166.29	34.953	4.7253	0.0061243
67.984	0.028411	30.239	0.033070	-3.9518	-3.9509	72.090	32.021	56.292	946.09	-0.38765	242.46	0.16356	0.011050	0.051141	19.554	1.3857	1.9412	158.76	21.158	30.069	166.40	34.842	4.7331	0.0061357
68.089	0.028880	30.223	0.033087	-3.9459	-3.9449	72.177	32.001	56.299	945.02	-0.38725	241.22	0.16335	0.011026	0.051917	19.261	1.3876	1.9439	158.66	21.161	30.080	166.50	34.732	4.7409	0.0061470
68.194	0.029356	30.207	0.033105	-3.9400	-3.9390	72.263	31.981	56.306	943.96	-0.38684	239.99	0.16314	0.011001	0.052702	18.975	1.3895	1.9465	158.57	21.165	30.091	166.61	34.622	4.7487	0.0061584
68.299	0.029838	30.191	0.033122	-3.9341	-3.9331	72.350	31.962	56.313	942.90	-0.38643	238.76	0.16292	0.010976	0.053496	18.693	1.3914	1.9492	158.47	21.169	30.102	166.72	34.513	4.7566	0.0061697
68.404	0.030326	30.175	0.033140	-3.9282	-3.9271	72.436	31.942	56.320	941.84	-0.38602	237.55	0.16271	0.010951	0.054300	18.416	1.3934	1.9519	158.38	21.173	30.114	166.83	34.405	4.7644	0.0061811
68.509	0.030820	30.160	0.033157	-3.9222	-3.9212	72.523	31.922	56.327	940.78	-0.38560	236.35	0.16250	0.010926	0.055112	18.145	1.3953	1.9545	158.29	21.177	30.125	166.94	34.297	4.7722	0.0061925
68.615	0.031321	30.144	0.033175	-3.9163	-3.9153	72.609	31.902	56.334	939.72	-0.38519	235.16	0.16229	0.010902	0.055934	17.878	1.3972	1.9572	158.20	21.181	30.137	167.04	34.190	4.7800	0.0062038
68.720	0.031828	30.128	0.033192	-3.9104	-3.9094	72.695	31.883	56.341	938.66	-0.38477	233.97	0.16208	0.010877	0.056766	17.616	1.3991	1.9598	158.10	21.185	30.149	167.15	34.084	4.7878	0.0062152
68.825	0.032342	30.112	0.033210	-3.9045	-3.9034	72.781	31.863	56.348	937.60	-0.38434	232.79	0.16187	0.010852	0.057607	17.359	1.4010	1.9624	158.01	21.189	30.161	167.25	33.978	4.7957	0.0062266
68.930	0.032862	30.096	0.033227	-3.8986	-3.8975	72.867	31.844	56.355	936.54	-0.38392	231.63	0.16166	0.010827	0.058457	17.107	1.4029	1.9651	157.92	21.193	30.172	167.36	33.873	4.8035	0.0062380
69.035	0.033388	30.080	0.033245	-3.8927	-3.8916	72.953	31.824	56.363	935.48	-0.38349	230.47	0.16145	0.010802	0.059317	16.859	1.4048	1.9677	157.83	21.197	30.184	167.47	33.769	4.8113	0.0062494
69.140	0.033922	30.064	0.033263	-3.8868	-3.8856	73.038	31.805	56.370	934.42	-0.38307	229.32	0.16124	0.010778	0.060187	16.615	1.4067	1.9703	157.74	21.201	30.197	167.57	33.665	4.8192	0.0062609
69.245	0.034462	30.048	0.033280	-3.8808	-3.8797	73.124	31.785	56.377	933.36	-0.38264	228.18	0.16103	0.010753	0.061067	16.376	1.4086	1.9730	157.65	21.205	30.209	167.68	33.561	4.8270	0.0062723
69.350	0.035009	30.032	0.033298	-3.8749	-3.8738	73.209	31.766	56.385	932.30	-0.38220	227.05	0.16082	0.010728	0.061956	16.140	1.4105	1.9756	157.55	21.209	30.221	167.78	33.459	4.8349	0.0062837
69.455	0.035562	30.016	0.033316	-3.8690	-3.8678	73.295	31.746	56.393	931.24	-0.38177	225.92	0.16061	0.010704	0.062855	15.910	1.4124	1.9782	157.46	21.214	30.233	167.89	33.357	4.8427	0.0062952
69.560	0.036123	30.000	0.033334	-3.8631	-3.8619	73.380	31.727	56.400	930.18	-0.38133	224.81	0.16040	0.010679	0.063765	15.683	1.4143	1.9808	157.37	21.218	30.246	167.99	33.255	4.8506	0.0063066
69.665	0.036690	29.984	0.033351	-3.8572	-3.8559	73.465	31.707	56.408	929.12	-0.38089	223.70	0.16019	0.010654	0.064684	15.460	1.4162	1.9834	157.29	21.222	30.259	168.09	33.154	4.8584	0.0063181
69.770	0.037264	29.968	0.033369	-3.8513	-3.8500	73.550	31.688	56.416	928.06	-0.38045	222.60	0.15998	0.010630	0.065614	15.241	1.4181	1.9860	157.20	21.226	30.271	168.20	33.054	4.8663	0.0063296
69.875	0.037846	29.952	0.033387	-3.8453	-3.8441	73.635	31.669	56.423	927.00	-0.38000	221.51	0.15977	0.010605	0.066553	15.026	1.4200	1.9886	157.11	21.231	30.284	168.30	32.954	4.8742	0.0063410
69.980	0.038434	29.936	0.033405	-3.8394	-3.8381	73.719	31.649	56.431	925.94	-0.37955	220.42	0.15956	0.010580	0.067504	14.814	1.4219	1.9912	157.02	21.235	30.297	168.40	32.855	4.8820	0.0063525
70.086	0.039030	29.919	0.033423	-3.8335	-3.8322	73.804	31.630	56.439	924.88	-0.37910	219.35	0.15935	0.010556	0.068464	14.606	1.4237	1.9938	156.93	21.239	30.310	168.51	32.756	4.8899	0.0063640
70.191	0.039633	29.903	0.033441	-3.8276	-3.8262	73.888	31.611	56.447	923.82	-0.37865	218.28	0.15914	0.010531	0.069435	14.402	1.4256	1.9964	156.84	21.243	30.323	168.61	32.658	4.8978	0.0063755
70.296	0.040243	29.887	0.033459	-3.8216	-3.8203	73.973	31.591	56.456	922.76	-0.37820	217.22	0.15893	0.010506	0.070416	14.201	1.4275	1.9990	156.76	21.248	30.336	168.71	32.561	4.9056	0.0063871
70.401	0.040861	29.871	0.033477	-3.8157	-3.8144	74.057	31.572	56.464	921.70	-0.37774	216.17	0.15872	0.010482	0.071408	14.004	1.4294	2.0016	156.67	21.252	30.349	168.81	32.464	4.9135	0.0063986
70.506	0.041486	29.855	0.033495	-3.8098	-3.8084	74.141	31.553	56.472	920.64	-0.37728	215.13	0.15851	0.010457	0.072411	13.810	1.4312	2.0041	156.58	21.257	30.363	168.91	32.368	4.9214	0.0064101
70.611	0.042118	29.839	0.033513	-3.8039	-3.8025	74.225	31.534	56.480	919.58	-0.37682	214.09	0.15830	0.010433	0.073424	13.619	1.4331	2.0067	156.50	21.261	30.376	169.01	32.272	4.9293	0.0064217
70.716	0.042758	29.823	0.033532	-3.7979	-3.7965	74.309	31.515	56.489	918.52	-0.37635	213.06	0.15809	0.010408	0.074449	13.432	1.4349	2.0093	156.41	21.266	30.390	169.11	32.177	4.9372	0.0064332
70.821	0.043406	29.806	0.033550	-3.7920	-3.7906	74.393	31.496	56.497	917.46	-0.37589	212.04	0.15788	0.010383	0.075484	13.248	1.4368	2.0118	156.32	21.270	30.404	169.22	32.082	4.9451	0.0064448
70.926	0.044061	29.790	0.033568	-3.7861	-3.7846	74.476	31.477	56.506	916.40	-0.37542	211.03	0.15767	0.010359	0.076530	13.067	1.4387	2.0144	156.24	21.275	30.417	169.32	31.988	4.9530	0.0064564
71.031	0.044724	29.774	0.033586	-3.7802	-3.7787	74.560	31.458	56.514	915.34	-0.37494	210.02	0.15746	0.010334	0.077587	12.889	1.4405	2.0169	156.15	21.279	30.431	169.42	31.894	4.9609	0.0064679
71.136	0.045395	29.758	0.033605	-3.7742	-3.7727	74.643	31.438	56.523	914.29	-0.37447	209.02	0.15725	0.010310	0.078655	12.714	1.4424	2.0195	156.07	21.284	30.445	169.51	31.801	4.9688	0.0064795
71.241	0.046074	29.742	0.033623	-3.7683	-3.7668	74.726	31.420	56.532	913.23	-0.37399	208.03	0.15704	0.010285	0.079735	12.542	1.4442	2.0220	155.98	21.288	30.460	169.61	31.708	4.9767	0.0064911
71.346	0.046760	29.725	0.033641	-3.7624	-3.7608	74.810	31.401	56.541	912.17	-0.37351	207.04	0.15683	0.010261	0.080826	12.372	1.4460	2.0246	155.90	21.293	30.474	169.71	31.616	4.9846	0.0065027
71.451	0.047455	29.709	0.033660	-3.7564	-3.7548	74.893	31.382	56.550	911.11	-0.37303	206.06	0.15662	0.010236	0.081928	12.206	1.4479	2.0271	155.81	21.298	30.488	169.81	31.524	4.9925	0.0065144
71.556	0.048157	29.693	0.033678	-3.7505	-3.7489	74.976	31.363	56.559	910.05	-0.37254	205.09	0.15641	0.010212	0.083042	12.042	1.4497	2.0296	155.73	21.302	30.503	169.91	31.433	5.0004	0.0065260
71.662	0.048868	29.677	0.033697	-3.7446	-3.7429	75.059	31.344	56.568	908.99	-0.37206	204.13	0.15620	0.010187	0.084167	11.881	1.4516	2.0322	155.65	21.307	30.517	170.01	31.343	5.0083	0.0065377
71.767	0.049587	29.660	0.033715	-3.7386	-3.7370	75.141	31.325	56.577	907.93	-0.37156	203.17	0.15599	0.010163	0.085303	11.723	1.4534	2.0347	155.56	21.312	30.532	170.11	31.253	5.0162	0.0065493
71.872	0.050314	29.644	0.033734	-3.7327	-3.7310	75.224	31.306	56.586	906.87	-0.37107	202.22	0.15578	0.010139	0.086452	11.567	1.4552	2.0372	155.48	21.317	30.547	170.20	31.163	5.0242	0.0065610
71.977	0.051049	29.628	0.033752	-3.7268	-3.7250	75.307	31.287	56.595	905.81	-0.37057	201.28	0.15557	0.010114	0.087612	11.414	1.4570	2.0397	155.40	21.322	30.561	170.30	31.074	5.0321	0.0065727
72.082	0.051793	29.611	0.033771	-3.7208	-3.7191	75.389	31.269	56.605	904.75	-0.37008	200.34	0.15536	0.010090	0.088784	11.263	1.4589	2.0422	155.32	21.326	30.576	170.40	30.985	5.0400	0.0065843
72.187	0.052545	29.595	0.033789	-3.7149	-3.7131	75.471	31.250	56.614	903.69	-0.36957	199.41	0.15515	0.010065	0.089968	11.115	1.4607	2.0447	155.23	21.331	30.592	170.49	30.897	5.0480	0.0065960
72.292	0.053305	29.579	0.033808	-3.7090	-3.7072	75.553	31.231	56.624	902.63	-0.36907	198.49	0.15494	0.010041	0.091164	10.969	1.4625	2.0472	155.15	21.336	30.607	170.59	30.810	5.0559	0.0066077
72.397	0.054074	29.562	0.033827	-3.7030	-3.7012	75.636	31.213	56.633	901.57	-0.36856	197.57	0.15473	0.010017	0.092372	10.826	1.4643	2.0497	155.07	21.341	30.622	170.68	30.722	5.0639	0.0066195
72.502	0.054852	29.546	0.033846	-3.6971	-3.6952	75.718	31.194	56.643	900.51	-0.36805	196.66	0.15452	0.0099922	0.093592	10.685	1.4661	2.0522	154.99	21.346	30.638	170.78	30.636	5.0718	0.0066312
72.607	0.055638	29.530	0.033864	-3.6911	-3.6893	75.799	31.175	56.653	899.45	-0.36754	195.75	0.15431	0.0099678	0.094824	10.546	1.4679	2.0547	154.91	21.351	30.653	170.87	30.550	5.0798	0.0066429
72.712	0.056433	29.513	0.033883	-3.6852	-3.6833	75.881	31.157	56.663	898.39	-0.36702	194.85	0.15410	0.0099434	0.096069	10.409	1.4697	2.0572	154.83	21.356	30.669	170.97	30.464	5.0877	0.0066547
72.817	0.057237	29.497	0.033902	-3.6793	-3.6773	75.963	31.138	56.673	897.33	-0.36650	193.96	0.15389	0.0099191	0.097326	10.275	1.4715	2.0596	154.75	21.361	30.685	171.06	30.379	5.0957	0.0066665
72.922	0.058050	29.480	0.033921	-3.6733	-3.6713	76.045	31.120	56.683	896.27	-0.36598	193.08	0.15368	0.0098948	0.098595	10.142	1.4733	2.0621	154.67	21.366	30.700	171.16	30.294	5.1037	0.0066782
73.027	0.058872	29.464	0.033940	-3.6674	-3.6654	76.126	31.101	56.693	895.21	-0.36546	192.20	0.15347	0.0098705	0.099877	10.012	1.4751	2.0646	154.59	21.371	30.716	171.25	30.209	5.1116	0.0066900
73.132	0.059702	29.447	0.033959	-3.6614	-3.6594	76.207	31.083	56.703	894.15	-0.36493	191.32	0.15326	0.0098462	0.10117	9.8841	1.4769	2.0670	154.51	21.376	30.733	171.34	30.126	5.1196	0.0067018
73.238	0.060542	29.431	0.033978	-3.6555	-3.6534	76.289	31.065	56.713	893.09	-0.36440	190.46	0.15305	0.0098219	0.10248	9.7580	1.4787	2.0695	154.43	21.381	30.749	171.44	30.042	5.1276	0.0067137
73.343	0.061391	29.415	0.033997	-3.6495	-3.6474	76.370	31.046	56.724	892.03	-0.36387	189.59	0.15284	0.0097976	0.10380	9.6339	1.4805	2.0719	154.35	21.387	30.765	171.53	29.959	5.1356	0.0067255
73.448	0.062249	29.398	0.034016	-3.6436	-3.6415	76.451	31.028	56.734	890.97	-0.36333	188.74	0.15263	0.0097734	0.10513	9.5118	1.4823	2.0744	154.27	21.392	30.782	171.62	29.877	5.1436	0.0067373
73.553	0.063117	29.382	0.034035	-3.6376	-3.6355	76.532	31.009	56.745	889.91	-0.36279	187.89	0.15242	0.0097491	0.10648	9.3915	1.4840	2.0768	154.19	21.397	30.798	171.71	29.795	5.1516	0.0067492
73.658	0.063993	29.365	0.034054	-3.6317	-3.6295	76.613	30.991	56.755	888.85	-0.36225	187.04	0.15221	0.0097249	0.10784	9.2732	1.4858	2.0792	154.12	21.402	30.815	171.81	29.713	5.1596	0.0067610
73.763	0.064879	29.348	0.034073	-3.6257	-3.6235	76.693	30.973	56.766	887.79	-0.36171	186.21	0.15200	0.0097006	0.10921	9.1566	1.4876	2.0817	154.04	21.408	30.832	171.90	29.632	5.1676	0.0067729
73.868	0.065775	29.332	0.034093	-3.6198	-3.6175	76.774	30.955	56.777	886.73	-0.36116	185.37	0.15179	0.0096764	0.11060	9.0419	1.4894	2.0841	153.96	21.413	30.849	171.99	29.551	5.1756	0.0067848
73.973	0.066680	29.315	0.034112	-3.6138	-3.6116	76.855	30.937	56.788	885.67	-0.36061	184.55	0.15158	0.0096522	0.11199	8.9290	1.4911	2.0865	153.88	21.418	30.866	172.08	29.471	5.1836	0.0067967
74.078	0.067595	29.299	0.034131	-3.6079	-3.6056	76.935	30.918	56.799	884.61	-0.36005	183.72	0.15137	0.0096280	0.11341	8.8178	1.4929	2.0889	153.81	21.424	30.883	172.17	29.391	5.1916	0.0068086
74.183	0.068519	29.282	0.034150	-3.6019	-3.5996	77.015	30.900	56.810	883.54	-0.35950	182.91	0.15116	0.0096038	0.11483	8.7084	1.4946	2.0913	153.73	21.429	30.900	172.26	29.311	5.1996	0.0068206
74.288	0.069453	29.266	0.034170	-3.5960	-3.5936	77.096	30.882	56.821	882.48	-0.35894	182.10	0.15095	0.0095797	0.11627	8.6006	1.4964	2.0937	153.65	21.434	30.918	172.35	29.232	5.2076	0.0068325
74.393	0.070397	29.249	0.034189	-3.5900	-3.5876	77.176	30.864	56.832	881.42	-0.35837	181.29	0.15074	0.0095555	0.11772	8.4944	1.4981	2.0961	153.58	21.440	30.935	172.44	29.153	5.2157	0.0068445
74.498	0.071351	29.232	0.034209	-3.5841	-3.5816	77.256	30.846	56.843	880.36	-0.35781	180.49	0.15054	0.0095314	0.11919	8.3899	1.4999	2.0985	153.50	21.445	30.953	172.53	29.075	5.2237	0.0068564
74.603	0.072315	29.216	0.034228	-3.5781	-3.5756	77.336	30.828	56.855	879.30	-0.35724	179.70	0.15033	0.0095072	0.12067	8.2870	1.5016	2.1009	153.42	21.451	30.971	172.62	28.997	5.2317	0.0068684
74.709	0.073288	29.199	0.034248	-3.5721	-3.5696	77.416	30.810	56.866	878.23	-0.35666	178.91	0.15012	0.0094831	0.12217	8.1856	1.5034	2.1033	153.35	21.456	30.989	172.71	28.920	5.2398	0.0068804
74.814	0.074272	29.182	0.034267	-3.5662	-3.5636	77.495	30.792	56.878	877.17	-0.35609	178.13	0.14991	0.0094590	0.12367	8.0858	1.5051	2.1057	153.27	21.462	31.007	172.79	28.843	5.2478	0.0068924
74.919	0.075266	29.166	0.034287	-3.5602	-3.5576	77.575	30.774	56.890	876.11	-0.35551	177.35	0.14970	0.0094349	0.12520	7.9875	1.5068	2.1080	153.20	21.468	31.025	172.88	28.766	5.2559	0.0069044
75.024	0.076270	29.149	0.034306	-3.5543	-3.5516	77.654	30.756	56.901	875.04	-0.35492	176.58	0.14949	0.0094108	0.12673	7.8907	1.5086	2.1104	153.12	21.473	31.044	172.97	28.690	5.2639	0.0069165
75.129	0.077285	29.132	0.034326	-3.5483	-3.5456	77.734	30.739	56.913	873.98	-0.35434	175.81	0.14928	0.0093868	0.12828	7.7953	1.5103	2.1128	153.05	21.479	31.062	173.06	28.614	5.2720	0.0069285
75.234	0.078310	29.116	0.034346	-3.5423	-3.5396	77.813	30.721	56.925	872.92	-0.35375	175.04	0.14907	0.0093627	0.12985	7.7014	1.5120	2.1151	152.98	21.485	31.081	173.14	28.539	5.2801	0.0069406
75.339	0.079345	29.099	0.034366	-3.5364	-3.5336	77.893	30.703	56.937	871.85	-0.35316	174.29	0.14886	0.0093386	0.13143	7.6088	1.5137	2.1175	152.90	21.490	31.099	173.23	28.464	5.2881	0.0069527
75.444	0.080391	29.082	0.034385	-3.5304	-3.5276	77.972	30.685	56.950	870.79	-0.35256	173.53	0.14865	0.0093146	0.13302	7.5176	1.5155	2.1198	152.83	21.496	31.118	173.32	28.389	5.2962	0.0069648
75.549	0.081447	29.065	0.034405	-3.5244	-3.5216	78.051	30.668	56.962	869.73	-0.35196	172.79	0.14844	0.0092906	0.13463	7.4278	1.5172	2.1221	152.75	21.502	31.137	173.40	28.315	5.3043	0.0069769
75.654	0.082514	29.049	0.034425	-3.5185	-3.5156	78.130	30.650	56.974	868.66	-0.35136	172.04	0.14823	0.0092666	0.13625	7.3394	1.5189	2.1245	152.68	21.508	31.156	173.49	28.241	5.3124	0.0069890
75.759	0.083591	29.032	0.034445	-3.5125	-3.5096	78.209	30.632	56.987	867.60	-0.35075	171.30	0.14802	0.0092426	0.13789	7.2522	1.5206	2.1268	152.61	21.514	31.176	173.57	28.168	5.3205	0.0070012
75.864	0.084680	29.015	0.034465	-3.5065	-3.5036	78.287	30.615	56.999	866.53	-0.35014	170.57	0.14781	0.0092186	0.13954	7.1663	1.5223	2.1291	152.53	21.519	31.195	173.66	28.095	5.3286	0.0070133
75.969	0.085779	28.998	0.034485	-3.5005	-3.4976	78.366	30.597	57.012	865.47	-0.34953	169.84	0.14760	0.0091946	0.14121	7.0817	1.5240	2.1314	152.46	21.525	31.215	173.74	28.022	5.3367	0.0070255
76.074	0.086889	28.981	0.034505	-3.4946	-3.4916	78.445	30.580	57.025	864.40	-0.34892	169.12	0.14740	0.0091707	0.14289	6.9983	1.5257	2.1338	152.39	21.531	31.234	173.83	27.950	5.3448	0.0070377
76.179	0.088010	28.964	0.034525	-3.4886	-3.4856	78.523	30.562	57.038	863.33	-0.34830	168.40	0.14719	0.0091467	0.14459	6.9161	1.5274	2.1361	152.32	21.537	31.254	173.91	27.878	5.3529	0.0070499
76.285	0.089143	28.948	0.034545	-3.4826	-3.4795	78.602	30.545	57.051	862.27	-0.34767	167.69	0.14698	0.0091228	0.14630	6.8351	1.5291	2.1384	152.25	21.543	31.274	173.99	27.806	5.3610	0.0070621
76.390	0.090286	28.931	0.034565	-3.4766	-3.4735	78.680	30.527	57.064	861.20	-0.34705	166.98	0.14677	0.0090988	0.14803	6.7554	1.5307	2.1407	152.17	21.549	31.294	174.08	27.735	5.3691	0.0070743
76.495	0.091441	28.914	0.034586	-3.4707	-3.4675	78.758	30.510	57.077	860.14	-0.34642	166.27	0.14656	0.0090749	0.14977	6.6767	1.5324	2.1429	152.10	21.555	31.314	174.16	27.664	5.3773	0.0070866
76.600	0.092606	28.897	0.034606	-3.4647	-3.4615	78.836	30.492	57.090	859.07	-0.34578	165.57	0.14635	0.0090510	0.15153	6.5992	1.5341	2.1452	152.03	21.561	31.335	174.24	27.593	5.3854	0.0070989
76.705	0.093784	28.880	0.034626	-3.4587	-3.4555	78.914	30.475	57.104	858.00	-0.34515	164.87	0.14614	0.0090272	0.15331	6.5228	1.5358	2.1475	151.96	21.568	31.355	174.32	27.523	5.3935	0.0071112
76.810	0.094972	28.863	0.034646	-3.4527	-3.4494	78.992	30.458	57.117	856.93	-0.34450	164.18	0.14593	0.0090033	0.15510	6.4475	1.5374	2.1498	151.89	21.574	31.376	174.41	27.453	5.4017	0.0071235
76.915	0.096172	28.846	0.034667	-3.4467	-3.4434	79.070	30.440	57.131	855.87	-0.34386	163.49	0.14572	0.0089794	0.15690	6.3733	1.5391	2.1520	151.82	21.580	31.397	174.49	27.384	5.4098	0.0071358
77.020	0.097384	28.829	0.034687	-3.4408	-3.4374	79.148	30.423	57.145	854.80	-0.34321	162.81	0.14551	0.0089556	0.15873	6.3002	1.5408	2.1543	151.75	21.586	31.417	174.57	27.315	5.4180	0.0071481
77.125	0.098607	28.812	0.034708	-3.4348	-3.4314	79.225	30.406	57.159	853.73	-0.34256	162.13	0.14530	0.0089317	0.16056	6.2281	1.5424	2.1565	151.68	21.592	31.438	174.65	27.246	5.4261	0.0071605
77.230	0.099842	28.795	0.034728	-3.4288	-3.4253	79.303	30.389	57.173	852.66	-0.34190	161.46	0.14510	0.0089079	0.16242	6.1570	1.5441	2.1588	151.61	21.599	31.460	174.73	27.177	5.4343	0.0071728
77.335	0.10109	28.778	0.034749	-3.4228	-3.4193	79.381	30.372	57.187	851.59	-0.34125	160.79	0.14489	0.0088841	0.16429	6.0869	1.5457	2.1610	151.54	21.605	31.481	174.81	27.109	5.4425	0.0071852
77.440	0.10235	28.761	0.034769	-3.4168	-3.4133	79.458	30.355	57.201	850.52	-0.34058	160.12	0.14468	0.0088603	0.16617	6.0179	1.5474	2.1633	151.47	21.611	31.503	174.89	27.042	5.4507	0.0071976
77.545	0.10362	28.744	0.034790	-3.4108	-3.4072	79.535	30.338	57.215	849.45	-0.33992	159.46	0.14447	0.0088365	0.16807	5.9497	1.5490	2.1655	151.40	21.618	31.524	174.97	26.974	5.4588	0.0072100
77.650	0.10490	28.727	0.034811	-3.4048	-3.4012	79.612	30.321	57.230	848.38	-0.33925	158.80	0.14426	0.0088127	0.16999	5.8826	1.5506	2.1677	151.33	21.624	31.546	175.05	26.907	5.4670	0.0072225
77.755	0.10620	28.710	0.034831	-3.3988	-3.3951	79.690	30.304	57.244	847.31	-0.33857	158.15	0.14405	0.0087890	0.17193	5.8164	1.5523	2.1699	151.26	21.630	31.568	175.13	26.840	5.4752	0.0072349
77.861	0.10750	28.693	0.034852	-3.3929	-3.3891	79.767	30.287	57.259	846.24	-0.33789	157.50	0.14384	0.0087652	0.17388	5.7511	1.5539	2.1722	151.19	21.637	31.590	175.20	26.774	5.4834	0.0072474
77.966	0.10882	28.676	0.034873	-3.3869	-3.3831	79.844	30.270	57.273	845.17	-0.33721	156.85	0.14363	0.0087415	0.17585	5.6867	1.5555	2.1744	151.12	21.643	31.612	175.28	26.708	5.4916	0.0072599
78.071	0.11015	28.659	0.034894	-3.3809	-3.3770	79.921	30.253	57.288	844.10	-0.33653	156.21	0.14342	0.0087178	0.17783	5.6233	1.5571	2.1766	151.06	21.650	31.635	175.36	26.642	5.4998	0.0072724
78.176	0.11150	28.641	0.034915	-3.3749	-3.3710	79.997	30.236	57.303	843.03	-0.33584	155.57	0.14321	0.0086941	0.17983	5.5607	1.5588	2.1788	150.99	21.657	31.657	175.44	26.577	5.5080	0.0072850
78.281	0.11285	28.624	0.034935	-3.3689	-3.3649	80.074	30.219	57.318	841.96	-0.33514	154.94	0.14301	0.0086704	0.18185	5.4989	1.5604	2.1809	150.92	21.663	31.680	175.51	26.512	5.5163	0.0072975
78.386	0.11422	28.607	0.034956	-3.3629	-3.3589	80.151	30.202	57.334	840.88	-0.33445	154.31	0.14280	0.0086467	0.18389	5.4381	1.5620	2.1831	150.85	21.670	31.703	175.59	26.447	5.5245	0.0073101
78.491	0.11560	28.590	0.034977	-3.3569	-3.3528	80.227	30.185	57.349	839.81	-0.33374	153.69	0.14259	0.0086230	0.18594	5.3780	1.5636	2.1853	150.78	21.676	31.726	175.67	26.382	5.5327	0.0073227
78.596	0.11700	28.573	0.034998	-3.3509	-3.3468	80.304	30.169	57.364	838.74	-0.33304	153.06	0.14238	0.0085993	0.18801	5.3188	1.5652	2.1875	150.72	21.683	31.749	175.74	26.318	5.5410	0.0073353
78.701	0.11840	28.555	0.035020	-3.3449	-3.3407	80.380	30.152	57.380	837.66	-0.33233	152.45	0.14217	0.0085757	0.19010	5.2604	1.5668	2.1896	150.65	21.690	31.772	175.82	26.254	5.5492	0.0073479
78.806	0.11982	28.538	0.035041	-3.3389	-3.3347	80.456	30.135	57.396	836.59	-0.33162	151.83	0.14196	0.0085521	0.19220	5.2028	1.5684	2.1918	150.58	21.697	31.796	175.89	26.191	5.5575	0.0073606
78.911	0.12125	28.521	0.035062	-3.3329	-3.3286	80.532	30.119	57.411	835.52	-0.33090	151.22	0.14175	0.0085284	0.19433	5.1460	1.5700	2.1939	150.52	21.703	31.819	175.97	26.127	5.5657	0.0073732
79.016	0.12270	28.504	0.035083	-3.3268	-3.3225	80.609	30.102	57.427	834.44	-0.33018	150.62	0.14154	0.0085048	0.19647	5.0899	1.5716	2.1961	150.45	21.710	31.843	176.04	26.065	5.5740	0.0073859
79.121	0.12416	28.486	0.035104	-3.3208	-3.3165	80.685	30.086	57.443	833.37	-0.32945	150.01	0.14133	0.0084812	0.19862	5.0346	1.5731	2.1982	150.38	21.717	31.867	176.12	26.002	5.5823	0.0073986
79.226	0.12563	28.469	0.035126	-3.3148	-3.3104	80.760	30.069	57.460	832.29	-0.32872	149.41	0.14113	0.0084577	0.20080	4.9801	1.5747	2.2003	150.32	21.724	31.891	176.19	25.940	5.5906	0.0074114
79.332	0.12711	28.452	0.035147	-3.3088	-3.3044	80.836	30.053	57.476	831.21	-0.32799	148.82	0.14092	0.0084341	0.20299	4.9263	1.5763	2.2025	150.25	21.731	31.915	176.26	25.878	5.5988	0.0074241
79.437	0.12861	28.434	0.035169	-3.3028	-3.2983	80.912	30.036	57.492	830.14	-0.32725	148.23	0.14071	0.0084105	0.20520	4.8732	1.5778	2.2046	150.19	21.738	31.940	176.34	25.816	5.6071	0.0074369
79.542	0.13012	28.417	0.035190	-3.2968	-3.2922	80.988	30.020	57.509	829.06	-0.32650	147.64	0.14050	0.0083870	0.20743	4.8208	1.5794	2.2067	150.12	21.745	31.964	176.41	25.754	5.6154	0.0074497
79.647	0.13165	28.400	0.035212	-3.2908	-3.2861	81.063	30.003	57.526	827.98	-0.32576	147.05	0.14029	0.0083635	0.20968	4.7691	1.5810	2.2088	150.05	21.752	31.989	176.48	25.693	5.6237	0.0074625
79.752	0.13318	28.382	0.035233	-3.2848	-3.2801	81.139	29.987	57.542	826.91	-0.32501	146.47	0.14008	0.0083399	0.21195	4.7181	1.5825	2.2109	149.99	21.759	32.014	176.55	25.632	5.6320	0.0074753
79.857	0.13474	28.365	0.035255	-3.2787	-3.2740	81.214	29.971	57.559	825.83	-0.32425	145.89	0.13987	0.0083164	0.21423	4.6678	1.5841	2.2130	149.92	21.766	32.039	176.62	25.572	5.6404	0.0074882
79.962	0.13630	28.348	0.035276	-3.2727	-3.2679	81.290	29.954	57.576	824.75	-0.32349	145.32	0.13966	0.0082929	0.21653	4.6182	1.5856	2.2151	149.86	21.773	32.064	176.69	25.512	5.6487	0.0075010
80.067	0.13788	28.330	0.035298	-3.2667	-3.2618	81.365	29.938	57.594	823.67	-0.32273	144.75	0.13945	0.0082695	0.21886	4.5692	1.5872	2.2172	149.80	21.780	32.090	176.77	25.452	5.6570	0.0075139
80.172	0.13947	28.313	0.035320	-3.2607	-3.2558	81.440	29.922	57.611	822.59	-0.32196	144.18	0.13925	0.0082460	0.22120	4.5209	1.5887	2.2192	149.73	21.787	32.116	176.84	25.392	5.6654	0.0075269
80.277	0.14108	28.295	0.035342	-3.2547	-3.2497	81.515	29.906	57.628	821.51	-0.32119	143.61	0.13904	0.0082225	0.22356	4.4732	1.5902	2.2213	149.67	21.795	32.141	176.91	25.332	5.6737	0.0075398
80.382	0.14270	28.278	0.035364	-3.2486	-3.2436	81.590	29.890	57.646	820.43	-0.32041	143.05	0.13883	0.0081991	0.22593	4.4261	1.5918	2.2234	149.60	21.802	32.167	176.98	25.273	5.6820	0.0075528
80.487	0.14433	28.260	0.035385	-3.2426	-3.2375	81.665	29.874	57.664	819.35	-0.31963	142.50	0.13862	0.0081757	0.22833	4.3796	1.5933	2.2254	149.54	21.809	32.193	177.05	25.214	5.6904	0.0075658
80.592	0.14598	28.243	0.035407	-3.2366	-3.2314	81.740	29.857	57.682	818.27	-0.31884	141.94	0.13841	0.0081523	0.23075	4.3338	1.5948	2.2275	149.47	21.817	32.220	177.11	25.156	5.6988	0.0075788
80.697	0.14765	28.225	0.035429	-3.2305	-3.2253	81.815	29.841	57.700	817.19	-0.31805	141.39	0.13820	0.0081289	0.23318	4.2885	1.5963	2.2295	149.41	21.824	32.246	177.18	25.098	5.7071	0.0075918
80.802	0.14932	28.208	0.035451	-3.2245	-3.2192	81.890	29.825	57.718	816.11	-0.31725	140.84	0.13799	0.0081055	0.23563	4.2439	1.5978	2.2315	149.35	21.831	32.273	177.25	25.040	5.7155	0.0076049
80.908	0.15101	28.190	0.035473	-3.2185	-3.2131	81.964	29.809	57.736	815.02	-0.31645	140.30	0.13779	0.0080821	0.23811	4.1998	1.5993	2.2336	149.28	21.839	32.300	177.32	24.982	5.7239	0.0076179
81.013	0.15272	28.172	0.035496	-3.2124	-3.2070	82.039	29.793	57.754	813.94	-0.31565	139.75	0.13758	0.0080588	0.24060	4.1562	1.6008	2.2356	149.22	21.846	32.327	177.39	24.924	5.7323	0.0076311
81.118	0.15444	28.155	0.035518	-3.2064	-3.2009	82.114	29.778	57.773	812.86	-0.31484	139.22	0.13737	0.0080354	0.24311	4.1133	1.6023	2.2376	149.16	21.854	32.354	177.45	24.867	5.7407	0.0076442
81.223	0.15618	28.137	0.035540	-3.2004	-3.1948	82.188	29.762	57.792	811.77	-0.31402	138.68	0.13716	0.0080121	0.24565	4.0709	1.6038	2.2396	149.10	21.861	32.381	177.52	24.810	5.7491	0.0076573
81.328	0.15792	28.120	0.035562	-3.1943	-3.1887	82.262	29.746	57.810	810.69	-0.31320	138.15	0.13695	0.0079888	0.24820	4.0290	1.6053	2.2416	149.03	21.869	32.409	177.59	24.753	5.7575	0.0076705
81.433	0.15969	28.102	0.035585	-3.1883	-3.1826	82.337	29.730	57.829	809.60	-0.31238	137.62	0.13674	0.0079655	0.25077	3.9877	1.6068	2.2436	148.97	21.876	32.436	177.65	24.697	5.7659	0.0076837
81.538	0.16147	28.084	0.035607	-3.1822	-3.1765	82.411	29.714	57.849	808.52	-0.31155	137.09	0.13653	0.0079422	0.25336	3.9469	1.6083	2.2456	148.91	21.884	32.464	177.72	24.641	5.7744	0.0076969
81.643	0.16326	28.067	0.035630	-3.1762	-3.1704	82.485	29.699	57.868	807.43	-0.31072	136.57	0.13632	0.0079189	0.25598	3.9066	1.6098	2.2476	148.85	21.892	32.492	177.78	24.585	5.7828	0.0077102
81.748	0.16507	28.049	0.035652	-3.1702	-3.1643	82.559	29.683	57.887	806.35	-0.30988	136.05	0.13612	0.0078956	0.25861	3.8668	1.6112	2.2495	148.78	21.900	32.521	177.85	24.529	5.7912	0.0077235
81.853	0.16689	28.031	0.035675	-3.1641	-3.1582	82.633	29.667	57.907	805.26	-0.30904	135.53	0.13591	0.0078724	0.26126	3.8276	1.6127	2.2515	148.72	21.907	32.549	177.91	24.474	5.7997	0.0077368
81.958	0.16873	28.013	0.035697	-3.1581	-3.1520	82.707	29.652	57.927	804.17	-0.30819	135.02	0.13570	0.0078491	0.26394	3.7888	1.6142	2.2535	148.66	21.915	32.578	177.98	24.418	5.8081	0.0077501
82.063	0.17059	27.996	0.035720	-3.1520	-3.1459	82.781	29.636	57.946	803.08	-0.30734	134.51	0.13549	0.0078259	0.26663	3.7505	1.6156	2.2554	148.60	21.923	32.607	178.04	24.363	5.8166	0.0077635
82.168	0.17246	27.978	0.035743	-3.1460	-3.1398	82.854	29.621	57.966	802.00	-0.30648	134.00	0.13528	0.0078027	0.26934	3.7127	1.6171	2.2573	148.54	21.931	32.636	178.11	24.309	5.8251	0.0077769
82.273	0.17434	27.960	0.035765	-3.1399	-3.1337	82.928	29.605	57.987	800.91	-0.30562	133.49	0.13507	0.0077795	0.27208	3.6754	1.6185	2.2593	148.48	21.939	32.665	178.17	24.254	5.8336	0.0077903
82.379	0.17624	27.942	0.035788	-3.1339	-3.1275	83.002	29.590	58.007	799.82	-0.30475	132.99	0.13486	0.0077563	0.27484	3.6385	1.6200	2.2612	148.42	21.947	32.695	178.23	24.200	5.8421	0.0078037
82.484	0.17816	27.924	0.035811	-3.1278	-3.1214	83.075	29.574	58.027	798.73	-0.30387	132.49	0.13466	0.0077332	0.27761	3.6021	1.6214	2.2631	148.36	21.955	32.724	178.29	24.146	5.8506	0.0078172
82.589	0.18009	27.907	0.035834	-3.1217	-3.1153	83.149	29.559	58.048	797.64	-0.30300	131.99	0.13445	0.0077100	0.28041	3.5662	1.6228	2.2651	148.29	21.963	32.754	178.36	24.092	5.8591	0.0078307
82.694	0.18203	27.889	0.035857	-3.1157	-3.1092	83.222	29.543	58.069	796.54	-0.30211	131.50	0.13424	0.0076869	0.28323	3.5307	1.6243	2.2670	148.23	21.971	32.784	178.42	24.039	5.8676	0.0078442
82.799	0.18400	27.871	0.035880	-3.1096	-3.1030	83.295	29.528	58.090	795.45	-0.30122	131.01	0.13403	0.0076637	0.28607	3.4956	1.6257	2.2689	148.17	21.979	32.814	178.48	23.986	5.8761	0.0078577
82.904	0.18597	27.853	0.035903	-3.1036	-3.0969	83.369	29.513	58.111	794.36	-0.30033	130.52	0.13382	0.0076406	0.28894	3.4610	1.6271	2.2708	148.11	21.987	32.845	178.54	23.933	5.8846	0.0078713
83.009	0.18797	27.835	0.035926	-3.0975	-3.0907	83.442	29.497	58.132	793.27	-0.29943	130.03	0.13361	0.0076175	0.29182	3.4268	1.6285	2.2726	148.05	21.995	32.875	178.60	23.880	5.8931	0.0078849
83.114	0.18998	27.817	0.035949	-3.0914	-3.0846	83.515	29.482	58.153	792.17	-0.29853	129.55	0.13341	0.0075944	0.29473	3.3930	1.6299	2.2745	147.99	22.003	32.906	178.66	23.828	5.9017	0.0078985
83.219	0.19200	27.799	0.035972	-3.0854	-3.0784	83.588	29.467	58.175	791.08	-0.29762	129.07	0.13320	0.0075714	0.29765	3.3596	1.6313	2.2764	147.93	22.011	32.937	178.72	23.775	5.9102	0.0079122
83.324	0.19405	27.781	0.035996	-3.0793	-3.0723	83.661	29.452	58.197	789.98	-0.29670	128.59	0.13299	0.0075483	0.30060	3.3267	1.6327	2.2783	147.87	22.020	32.968	178.78	23.723	5.9188	0.0079259
83.429	0.19610	27.763	0.036019	-3.0732	-3.0661	83.734	29.437	58.219	788.89	-0.29578	128.11	0.13278	0.0075253	0.30357	3.2941	1.6341	2.2801	147.82	22.028	33.000	178.84	23.671	5.9274	0.0079396
83.534	0.19818	27.745	0.036042	-3.0671	-3.0600	83.807	29.422	58.241	787.79	-0.29485	127.64	0.13257	0.0075022	0.30657	3.2619	1.6355	2.2820	147.76	22.036	33.032	178.90	23.620	5.9359	0.0079533
83.639	0.20027	27.727	0.036066	-3.0611	-3.0538	83.879	29.407	58.263	786.70	-0.29392	127.17	0.13236	0.0074792	0.30958	3.2302	1.6369	2.2838	147.70	22.045	33.063	178.96	23.568	5.9445	0.0079671
83.744	0.20238	27.709	0.036089	-3.0550	-3.0477	83.952	29.392	58.285	785.60	-0.29299	126.70	0.13215	0.0074562	0.31262	3.1988	1.6383	2.2856	147.64	22.053	33.096	179.02	23.517	5.9531	0.0079809
83.849	0.20450	27.691	0.036113	-3.0489	-3.0415	84.025	29.377	58.308	784.50	-0.29204	126.24	0.13195	0.0074332	0.31568	3.1678	1.6396	2.2875	147.58	22.062	33.128	179.07	23.466	5.9617	0.0079947
83.955	0.20664	27.673	0.036137	-3.0428	-3.0353	84.097	29.362	58.331	783.40	-0.29110	125.78	0.13174	0.0074102	0.31876	3.1371	1.6410	2.2893	147.52	22.070	33.160	179.13	23.415	5.9703	0.0080086
84.060	0.20880	27.655	0.036160	-3.0367	-3.0292	84.170	29.347	58.353	782.30	-0.29014	125.32	0.13153	0.0073873	0.32187	3.1069	1.6424	2.2911	147.46	22.079	33.193	179.19	23.365	5.9789	0.0080225
84.165	0.21097	27.637	0.036184	-3.0306	-3.0230	84.242	29.332	58.377	781.20	-0.28918	124.86	0.13132	0.0073643	0.32500	3.0770	1.6437	2.2929	147.40	22.087	33.226	179.24	23.315	5.9876	0.0080364
84.270	0.21316	27.618	0.036208	-3.0246	-3.0168	84.314	29.317	58.400	780.10	-0.28822	124.40	0.13111	0.0073414	0.32815	3.0474	1.6451	2.2947	147.34	22.096	33.259	179.30	23.265	5.9962	0.0080504
84.375	0.21537	27.600	0.036232	-3.0185	-3.0107	84.387	29.302	58.423	779.00	-0.28725	123.95	0.13090	0.0073185	0.33132	3.0182	1.6464	2.2965	147.29	22.105	33.293	179.36	23.215	6.0048	0.0080644
84.480	0.21760	27.582	0.036256	-3.0124	-3.0045	84.459	29.287	58.447	777.90	-0.28627	123.50	0.13070	0.0072956	0.33452	2.9894	1.6478	2.2983	147.23	22.113	33.326	179.41	23.165	6.0135	0.0080784
84.585	0.21984	27.564	0.036280	-3.0063	-2.9983	84.531	29.273	58.471	776.80	-0.28529	123.05	0.13049	0.0072727	0.33774	2.9609	1.6491	2.3000	147.17	22.122	33.360	179.47	23.116	6.0222	0.0080925
84.690	0.22210	27.546	0.036304	-3.0002	-2.9921	84.603	29.258	58.494	775.70	-0.28430	122.61	0.13028	0.0072498	0.34098	2.9327	1.6505	2.3018	147.11	22.131	33.394	179.52	23.067	6.0308	0.0081066
84.795	0.22437	27.527	0.036328	-2.9941	-2.9859	84.675	29.243	58.519	774.59	-0.28330	122.16	0.13007	0.0072269	0.34425	2.9048	1.6518	2.3036	147.05	22.140	33.428	179.58	23.018	6.0395	0.0081207
84.900	0.22667	27.509	0.036352	-2.9880	-2.9798	84.747	29.229	58.543	773.49	-0.28230	121.72	0.12986	0.0072041	0.34754	2.8773	1.6531	2.3053	147.00	22.149	33.463	179.63	22.969	6.0482	0.0081348
85.005	0.22898	27.491	0.036376	-2.9819	-2.9736	84.819	29.214	58.567	772.38	-0.28130	121.28	0.12965	0.0071813	0.35086	2.8502	1.6544	2.3071	146.94	22.157	33.498	179.68	22.920	6.0569	0.0081490
85.110	0.23131	27.472	0.036400	-2.9758	-2.9674	84.891	29.200	58.592	771.28	-0.28028	120.85	0.12945	0.0071584	0.35420	2.8233	1.6557	2.3088	146.88	22.166	33.533	179.74	22.872	6.0656	0.0081632
85.215	0.23365	27.454	0.036425	-2.9697	-2.9612	84.962	29.185	58.617	770.17	-0.27927	120.41	0.12924	0.0071356	0.35756	2.7967	1.6571	2.3105	146.83	22.175	33.568	179.79	22.824	6.0743	0.0081775
85.320	0.23602	27.436	0.036449	-2.9636	-2.9550	85.034	29.171	58.642	769.07	-0.27824	119.98	0.12903	0.0071129	0.36095	2.7705	1.6584	2.3122	146.77	22.184	33.603	179.84	22.776	6.0830	0.0081918
85.425	0.23840	27.417	0.036473	-2.9575	-2.9488	85.106	29.156	58.667	767.96	-0.27721	119.55	0.12882	0.0070901	0.36436	2.7446	1.6597	2.3139	146.71	22.193	33.639	179.89	22.728	6.0918	0.0082061
85.531	0.24080	27.399	0.036498	-2.9514	-2.9426	85.177	29.142	58.693	766.85	-0.27617	119.13	0.12862	0.0070673	0.36779	2.7189	1.6609	2.3156	146.66	22.203	33.675	179.94	22.680	6.1005	0.0082205
85.636	0.24321	27.380	0.036522	-2.9452	-2.9364	85.249	29.127	58.718	765.74	-0.27513	118.70	0.12841	0.0070446	0.37125	2.6936	1.6622	2.3173	146.60	22.212	33.711	180.00	22.633	6.1093	0.0082349
85.741	0.24565	27.362	0.036547	-2.9391	-2.9302	85.320	29.113	58.744	764.63	-0.27408	118.28	0.12820	0.0070218	0.37474	2.6685	1.6635	2.3190	146.54	22.221	33.748	180.05	22.586	6.1180	0.0082493
85.846	0.24810	27.344	0.036572	-2.9330	-2.9239	85.392	29.099	58.770	763.52	-0.27302	117.86	0.12799	0.0069991	0.37825	2.6438	1.6648	2.3207	146.49	22.230	33.784	180.10	22.539	6.1268	0.0082637
85.951	0.25057	27.325	0.036597	-2.9269	-2.9177	85.463	29.085	58.796	762.41	-0.27196	117.44	0.12779	0.0069764	0.38178	2.6193	1.6661	2.3224	146.43	22.239	33.821	180.15	22.492	6.1356	0.0082782
86.056	0.25306	27.307	0.036621	-2.9208	-2.9115	85.534	29.070	58.822	761.30	-0.27089	117.02	0.12758	0.0069537	0.38534	2.5951	1.6673	2.3240	146.37	22.249	33.858	180.20	22.445	6.1444	0.0082928
86.161	0.25557	27.288	0.036646	-2.9147	-2.9053	85.605	29.056	58.849	760.19	-0.26982	116.61	0.12737	0.0069311	0.38893	2.5712	1.6686	2.3257	146.32	22.258	33.896	180.25	22.399	6.1532	0.0083074
86.266	0.25810	27.269	0.036671	-2.9085	-2.8991	85.677	29.042	58.876	759.07	-0.26874	116.20	0.12717	0.0069084	0.39253	2.5475	1.6698	2.3273	146.26	22.267	33.933	180.30	22.353	6.1620	0.0083220
86.371	0.26064	27.251	0.036696	-2.9024	-2.8928	85.748	29.028	58.903	757.96	-0.26765	115.79	0.12696	0.0068857	0.39617	2.5242	1.6711	2.3290	146.21	22.277	33.971	180.34	22.307	6.1708	0.0083366
86.476	0.26320	27.232	0.036721	-2.8963	-2.8866	85.819	29.014	58.930	756.85	-0.26655	115.38	0.12675	0.0068631	0.39983	2.5011	1.6723	2.3306	146.15	22.286	34.009	180.39	22.261	6.1796	0.0083513
86.581	0.26579	27.214	0.036746	-2.8901	-2.8804	85.890	29.000	58.957	755.73	-0.26545	114.98	0.12654	0.0068405	0.40352	2.4782	1.6736	2.3322	146.09	22.296	34.048	180.44	22.215	6.1884	0.0083660
86.686	0.26839	27.195	0.036771	-2.8840	-2.8741	85.960	28.986	58.985	754.61	-0.26434	114.57	0.12634	0.0068179	0.40723	2.4556	1.6748	2.3338	146.04	22.306	34.086	180.49	22.170	6.1973	0.0083808
86.791	0.27100	27.176	0.036797	-2.8779	-2.8679	86.031	28.972	59.013	753.50	-0.26323	114.17	0.12613	0.0067953	0.41096	2.4333	1.6760	2.3355	145.98	22.315	34.125	180.53	22.124	6.2061	0.0083956
86.896	0.27364	27.158	0.036822	-2.8717	-2.8617	86.102	28.958	59.041	752.38	-0.26211	113.77	0.12592	0.0067727	0.41473	2.4112	1.6772	2.3371	145.93	22.325	34.165	180.58	22.079	6.2150	0.0084104
87.002	0.27630	27.139	0.036847	-2.8656	-2.8554	86.173	28.944	59.069	751.26	-0.26098	113.37	0.12572	0.0067502	0.41852	2.3894	1.6785	2.3386	145.87	22.335	34.204	180.63	22.034	6.2239	0.0084253
87.107	0.27897	27.120	0.036873	-2.8594	-2.8492	86.243	28.930	59.097	750.14	-0.25984	112.98	0.12551	0.0067276	0.42233	2.3678	1.6797	2.3402	145.82	22.344	34.244	180.67	21.989	6.2328	0.0084402
87.212	0.28167	27.101	0.036898	-2.8533	-2.8429	86.314	28.916	59.126	749.02	-0.25870	112.59	0.12530	0.0067051	0.42618	2.3464	1.6809	2.3418	145.76	22.354	34.284	180.72	21.945	6.2417	0.0084552
87.317	0.28438	27.083	0.036924	-2.8471	-2.8366	86.384	28.903	59.155	747.90	-0.25755	112.19	0.12509	0.0066826	0.43005	2.3253	1.6821	2.3434	145.71	22.364	34.324	180.76	21.900	6.2506	0.0084702
87.422	0.28712	27.064	0.036950	-2.8410	-2.8304	86.455	28.889	59.184	746.78	-0.25639	111.80	0.12489	0.0066601	0.43394	2.3045	1.6833	2.3449	145.65	22.374	34.365	180.81	21.856	6.2595	0.0084852
87.527	0.28987	27.045	0.036975	-2.8348	-2.8241	86.525	28.875	59.213	745.66	-0.25523	111.42	0.12468	0.0066376	0.43786	2.2838	1.6844	2.3465	145.60	22.384	34.405	180.85	21.812	6.2684	0.0085003
87.632	0.29264	27.026	0.037001	-2.8287	-2.8179	86.596	28.861	59.243	744.54	-0.25406	111.03	0.12447	0.0066152	0.44181	2.2634	1.6856	2.3480	145.55	22.394	34.447	180.90	21.768	6.2774	0.0085154
87.737	0.29543	27.007	0.037027	-2.8225	-2.8116	86.666	28.848	59.272	743.41	-0.25288	110.65	0.12426	0.0065927	0.44579	2.2432	1.6868	2.3495	145.49	22.404	34.488	180.94	21.725	6.2863	0.0085306
87.842	0.29825	26.988	0.037053	-2.8164	-2.8053	86.736	28.834	59.302	742.29	-0.25169	110.27	0.12406	0.0065703	0.44979	2.2232	1.6880	2.3510	145.44	22.414	34.530	180.98	21.681	6.2953	0.0085458
87.947	0.30108	26.970	0.037079	-2.8102	-2.7990	86.806	28.821	59.332	741.16	-0.25050	109.89	0.12385	0.0065479	0.45382	2.2035	1.6891	2.3526	145.38	22.424	34.572	181.03	21.638	6.3043	0.0085611
88.052	0.30393	26.951	0.037105	-2.8040	-2.7928	86.877	28.807	59.363	740.04	-0.24930	109.51	0.12364	0.0065254	0.45788	2.1840	1.6903	2.3541	145.33	22.434	34.614	181.07	21.594	6.3132	0.0085764
88.157	0.30680	26.932	0.037131	-2.7979	-2.7865	86.947	28.794	59.393	738.91	-0.24809	109.13	0.12344	0.0065031	0.46197	2.1646	1.6914	2.3556	145.27	22.444	34.656	181.11	21.551	6.3222	0.0085917
88.262	0.30969	26.913	0.037157	-2.7917	-2.7802	87.017	28.780	59.424	737.78	-0.24688	108.76	0.12323	0.0064807	0.46608	2.1455	1.6926	2.3570	145.22	22.454	34.699	181.15	21.508	6.3312	0.0086071
88.367	0.31260	26.894	0.037183	-2.7855	-2.7739	87.087	28.767	59.455	736.65	-0.24565	108.38	0.12302	0.0064583	0.47022	2.1266	1.6937	2.3585	145.17	22.465	34.742	181.19	21.466	6.3403	0.0086225
88.472	0.31553	26.875	0.037210	-2.7794	-2.7676	87.157	28.754	59.487	735.52	-0.24442	108.01	0.12281	0.0064360	0.47439	2.1080	1.6949	2.3600	145.11	22.475	34.786	181.23	21.423	6.3493	0.0086380
88.578	0.31848	26.856	0.037236	-2.7732	-2.7613	87.226	28.740	59.518	734.39	-0.24319	107.64	0.12261	0.0064136	0.47859	2.0895	1.6960	2.3614	145.06	22.485	34.829	181.28	21.381	6.3583	0.0086535
88.683	0.32145	26.836	0.037263	-2.7670	-2.7550	87.296	28.727	59.550	733.26	-0.24194	107.28	0.12240	0.0063913	0.48282	2.0712	1.6971	2.3629	145.01	22.496	34.873	181.32	21.339	6.3674	0.0086690
88.788	0.32444	26.817	0.037289	-2.7608	-2.7487	87.366	28.714	59.582	732.13	-0.24069	106.91	0.12219	0.0063690	0.48707	2.0531	1.6982	2.3643	144.95	22.506	34.918	181.35	21.297	6.3764	0.0086847
88.893	0.32745	26.798	0.037316	-2.7546	-2.7424	87.436	28.700	59.614	731.00	-0.23943	106.55	0.12199	0.0063467	0.49136	2.0352	1.6993	2.3658	144.90	22.517	34.962	181.39	21.255	6.3855	0.0087003
88.998	0.33049	26.779	0.037343	-2.7485	-2.7361	87.505	28.687	59.647	729.87	-0.23816	106.19	0.12178	0.0063245	0.49567	2.0175	1.7004	2.3672	144.85	22.527	35.007	181.43	21.213	6.3946	0.0087160
89.103	0.33354	26.760	0.037369	-2.7423	-2.7298	87.575	28.674	59.680	728.73	-0.23688	105.83	0.12157	0.0063022	0.50001	2.0000	1.7015	2.3686	144.79	22.538	35.052	181.47	21.171	6.4037	0.0087318
89.208	0.33661	26.741	0.037396	-2.7361	-2.7235	87.645	28.661	59.713	727.60	-0.23559	105.47	0.12136	0.0062800	0.50438	1.9826	1.7026	2.3700	144.74	22.549	35.098	181.51	21.130	6.4128	0.0087475
89.313	0.33971	26.721	0.037423	-2.7299	-2.7172	87.714	28.648	59.746	726.46	-0.23430	105.11	0.12116	0.0062578	0.50878	1.9655	1.7037	2.3714	144.69	22.559	35.144	181.55	21.089	6.4219	0.0087634
89.418	0.34282	26.702	0.037450	-2.7237	-2.7109	87.784	28.635	59.779	725.32	-0.23300	104.75	0.12095	0.0062356	0.51321	1.9485	1.7048	2.3728	144.64	22.570	35.190	181.58	21.048	6.4310	0.0087793
89.523	0.34596	26.683	0.037477	-2.7175	-2.7045	87.853	28.622	59.813	724.18	-0.23169	104.40	0.12074	0.0062134	0.51767	1.9317	1.7059	2.3742	144.58	22.581	35.236	181.62	21.007	6.4402	0.0087952
89.628	0.34912	26.664	0.037504	-2.7113	-2.6982	87.922	28.609	59.847	723.05	-0.23037	104.05	0.12054	0.0061912	0.52216	1.9151	1.7069	2.3755	144.53	22.592	35.283	181.66	20.966	6.4493	0.0088112
89.733	0.35229	26.644	0.037531	-2.7051	-2.6919	87.992	28.596	59.881	721.91	-0.22904	103.70	0.12033	0.0061690	0.52667	1.8987	1.7080	2.3769	144.48	22.603	35.330	181.69	20.925	6.4585	0.0088272
89.838	0.35549	26.625	0.037559	-2.6989	-2.6855	88.061	28.583	59.916	720.77	-0.22771	103.35	0.12012	0.0061469	0.53122	1.8824	1.7090	2.3782	144.43	22.614	35.378	181.73	20.885	6.4677	0.0088433
89.943	0.35871	26.606	0.037586	-2.6927	-2.6792	88.130	28.570	59.951	719.62	-0.22637	103.00	0.11992	0.0061248	0.53580	1.8664	1.7101	2.3796	144.37	22.625	35.425	181.77	20.844	6.4769	0.0088595
90.048	0.36196	26.586	0.037613	-2.6865	-2.6728	88.199	28.558	59.986	718.48	-0.22501	102.66	0.11971	0.0061027	0.54041	1.8504	1.7111	2.3809	144.32	22.636	35.473	181.80	20.804	6.4861	0.0088757
90.154	0.36522	26.567	0.037641	-2.6802	-2.6665	88.268	28.545	60.021	717.34	-0.22365	102.31	0.11950	0.0060806	0.54505	1.8347	1.7122	2.3822	144.27	22.647	35.522	181.83	20.764	6.4953	0.0088919
90.259	0.36851	26.547	0.037669	-2.6740	-2.6601	88.337	28.532	60.057	716.19	-0.22228	101.97	0.11929	0.0060585	0.54972	1.8191	1.7132	2.3835	144.22	22.658	35.571	181.87	20.724	6.5045	0.0089082
90.364	0.37181	26.528	0.037696	-2.6678	-2.6538	88.406	28.520	60.092	715.05	-0.22091	101.63	0.11909	0.0060364	0.55442	1.8037	1.7142	2.3849	144.17	22.669	35.620	181.90	20.684	6.5137	0.0089245
90.469	0.37514	26.508	0.037724	-2.6616	-2.6474	88.475	28.507	60.129	713.90	-0.21952	101.29	0.11888	0.0060144	0.55915	1.7884	1.7152	2.3861	144.11	22.680	35.669	181.94	20.645	6.5230	0.0089409
90.574	0.37849	26.489	0.037752	-2.6553	-2.6411	88.544	28.494	60.165	712.76	-0.21812	100.96	0.11867	0.0059923	0.56391	1.7733	1.7162	2.3874	144.06	22.692	35.719	181.97	20.605	6.5323	0.0089574
90.679	0.38186	26.469	0.037780	-2.6491	-2.6347	88.613	28.482	60.202	711.61	-0.21672	100.62	0.11847	0.0059703	0.56870	1.7584	1.7172	2.3887	144.01	22.703	35.769	182.00	20.566	6.5415	0.0089739
90.784	0.38526	26.450	0.037808	-2.6429	-2.6283	88.682	28.469	60.239	710.46	-0.21531	100.29	0.11826	0.0059483	0.57353	1.7436	1.7182	2.3900	143.96	22.714	35.820	182.03	20.526	6.5508	0.0089905
90.889	0.38867	26.430	0.037836	-2.6366	-2.6219	88.751	28.457	60.276	709.31	-0.21388	99.952	0.11805	0.0059263	0.57839	1.7290	1.7192	2.3912	143.91	22.726	35.871	182.07	20.487	6.5601	0.0090071
90.994	0.39211	26.410	0.037864	-2.6304	-2.6156	88.819	28.444	60.313	708.16	-0.21245	99.621	0.11784	0.0059044	0.58327	1.7145	1.7202	2.3925	143.86	22.737	35.922	182.10	20.448	6.5694	0.0090237
91.099	0.39557	26.391	0.037892	-2.6242	-2.6092	88.888	28.432	60.351	707.01	-0.21101	99.291	0.11764	0.0058824	0.58819	1.7001	1.7212	2.3937	143.80	22.749	35.973	182.13	20.410	6.5788	0.0090405
91.204	0.39905	26.371	0.037920	-2.6179	-2.6028	88.957	28.420	60.389	705.85	-0.20956	98.963	0.11743	0.0058605	0.59315	1.6859	1.7222	2.3949	143.75	22.761	36.025	182.16	20.371	6.5881	0.0090572
91.309	0.40256	26.351	0.037949	-2.6117	-2.5964	89.025	28.407	60.428	704.70	-0.20810	98.636	0.11722	0.0058385	0.59813	1.6719	1.7231	2.3961	143.70	22.772	36.078	182.19	20.332	6.5975	0.0090741
91.414	0.40608	26.332	0.037977	-2.6054	-2.5900	89.094	28.395	60.466	703.54	-0.20663	98.310	0.11702	0.0058166	0.60315	1.6580	1.7241	2.3974	143.65	22.784	36.130	182.22	20.294	6.6068	0.0090910
91.519	0.40963	26.312	0.038006	-2.5992	-2.5836	89.162	28.383	60.505	702.39	-0.20515	97.986	0.11681	0.0057948	0.60820	1.6442	1.7250	2.3986	143.60	22.796	36.183	182.25	20.256	6.6162	0.0091079
91.625	0.41321	26.292	0.038034	-2.5929	-2.5772	89.231	28.371	60.545	701.23	-0.20367	97.664	0.11660	0.0057729	0.61328	1.6306	1.7260	2.3997	143.55	22.807	36.237	182.28	20.218	6.6256	0.0091249
91.730	0.41680	26.272	0.038063	-2.5867	-2.5708	89.299	28.358	60.584	700.07	-0.20217	97.342	0.11640	0.0057510	0.61839	1.6171	1.7269	2.4009	143.50	22.819	36.291	182.30	20.180	6.6350	0.0091420
91.835	0.42042	26.252	0.038092	-2.5804	-2.5644	89.367	28.346	60.624	698.92	-0.20066	97.023	0.11619	0.0057292	0.62354	1.6037	1.7278	2.4021	143.45	22.831	36.345	182.33	20.142	6.6445	0.0091591
91.940	0.42406	26.232	0.038121	-2.5741	-2.5580	89.436	28.334	60.664	697.76	-0.19914	96.704	0.11598	0.0057074	0.62872	1.5905	1.7288	2.4032	143.40	22.843	36.400	182.36	20.104	6.6539	0.0091763
92.045	0.42772	26.212	0.038150	-2.5679	-2.5515	89.504	28.322	60.705	696.60	-0.19762	96.387	0.11577	0.0056856	0.63394	1.5774	1.7297	2.4044	143.35	22.855	36.455	182.39	20.066	6.6633	0.0091936
92.150	0.43141	26.193	0.038179	-2.5616	-2.5451	89.572	28.310	60.746	695.43	-0.19608	96.072	0.11557	0.0056638	0.63918	1.5645	1.7306	2.4055	143.30	22.867	36.510	182.41	20.029	6.6728	0.0092109
92.255	0.43512	26.173	0.038208	-2.5553	-2.5387	89.640	28.298	60.787	694.27	-0.19453	95.758	0.11536	0.0056420	0.64447	1.5517	1.7315	2.4067	143.25	22.880	36.566	182.44	19.991	6.6823	0.0092283
92.360	0.43885	26.153	0.038237	-2.5490	-2.5323	89.709	28.286	60.828	693.11	-0.19297	95.445	0.11515	0.0056202	0.64978	1.5390	1.7324	2.4078	143.20	22.892	36.622	182.47	19.954	6.6918	0.0092457
92.465	0.44261	26.133	0.038267	-2.5428	-2.5258	89.777	28.274	60.870	691.94	-0.19141	95.133	0.11495	0.0055985	0.65513	1.5264	1.7333	2.4089	143.14	22.904	36.679	182.49	19.917	6.7013	0.0092632
92.570	0.44639	26.112	0.038296	-2.5365	-2.5194	89.845	28.263	60.912	690.78	-0.18983	94.823	0.11474	0.0055768	0.66052	1.5140	1.7342	2.4100	143.09	22.916	36.736	182.52	19.880	6.7108	0.0092808
92.675	0.45019	26.092	0.038325	-2.5302	-2.5129	89.913	28.251	60.954	689.61	-0.18824	94.514	0.11453	0.0055551	0.66593	1.5016	1.7350	2.4111	143.04	22.929	36.793	182.54	19.843	6.7204	0.0092984
92.780	0.45402	26.072	0.038355	-2.5239	-2.5065	89.981	28.239	60.997	688.44	-0.18664	94.207	0.11433	0.0055334	0.67139	1.4895	1.7359	2.4121	142.99	22.941	36.851	182.57	19.806	6.7299	0.0093161
92.885	0.45787	26.052	0.038385	-2.5176	-2.5000	90.049	28.227	61.040	687.27	-0.18503	93.901	0.11412	0.0055117	0.67688	1.4774	1.7368	2.4132	142.94	22.954	36.909	182.59	19.770	6.7395	0.0093338
92.990	0.46174	26.032	0.038414	-2.5113	-2.4936	90.117	28.216	61.084	686.10	-0.18341	93.596	0.11391	0.0054901	0.68240	1.4654	1.7376	2.4142	142.89	22.966	36.968	182.62	19.733	6.7491	0.0093517
93.095	0.46564	26.012	0.038444	-2.5050	-2.4871	90.184	28.204	61.128	684.93	-0.18178	93.292	0.11371	0.0054684	0.68796	1.4536	1.7384	2.4153	142.84	22.979	37.027	182.64	19.697	6.7587	0.0093695
93.201	0.46956	25.991	0.038474	-2.4987	-2.4806	90.252	28.193	61.172	683.76	-0.18014	92.990	0.11350	0.0054468	0.69355	1.4419	1.7393	2.4163	142.79	22.991	37.086	182.66	19.661	6.7683	0.0093875
93.306	0.47351	25.971	0.038504	-2.4924	-2.4742	90.320	28.181	61.216	682.58	-0.17848	92.689	0.11329	0.0054252	0.69918	1.4302	1.7401	2.4174	142.74	23.004	37.146	182.68	19.625	6.7779	0.0094055
93.411	0.47748	25.951	0.038534	-2.4861	-2.4677	90.388	28.170	61.261	681.41	-0.17682	92.389	0.11308	0.0054036	0.70485	1.4187	1.7409	2.4184	142.69	23.017	37.207	182.71	19.588	6.7875	0.0094236
93.516	0.48147	25.931	0.038565	-2.4798	-2.4612	90.455	28.158	61.306	680.23	-0.17515	92.091	0.11288	0.0053820	0.71055	1.4074	1.7418	2.4194	142.65	23.030	37.268	182.73	19.553	6.7972	0.0094418
93.621	0.48549	25.910	0.038595	-2.4735	-2.4547	90.523	28.147	61.352	679.06	-0.17346	91.794	0.11267	0.0053605	0.71628	1.3961	1.7426	2.4204	142.60	23.042	37.329	182.75	19.517	6.8069	0.0094600
93.726	0.48953	25.890	0.038625	-2.4671	-2.4482	90.591	28.135	61.397	677.88	-0.17176	91.498	0.11246	0.0053389	0.72206	1.3849	1.7434	2.4213	142.55	23.055	37.391	182.77	19.481	6.8166	0.0094783
93.831	0.49360	25.869	0.038656	-2.4608	-2.4417	90.658	28.124	61.444	676.70	-0.17005	91.203	0.11226	0.0053174	0.72787	1.3739	1.7442	2.4223	142.50	23.068	37.453	182.79	19.445	6.8263	0.0094966
93.936	0.49769	25.849	0.038686	-2.4545	-2.4352	90.726	28.113	61.490	675.52	-0.16833	90.909	0.11205	0.0052959	0.73372	1.3629	1.7449	2.4233	142.45	23.081	37.515	182.81	19.410	6.8360	0.0095151
94.041	0.50181	25.828	0.038717	-2.4482	-2.4287	90.793	28.102	61.537	674.34	-0.16660	90.617	0.11184	0.0052744	0.73960	1.3521	1.7457	2.4242	142.40	23.094	37.579	182.83	19.375	6.8457	0.0095336
94.146	0.50595	25.808	0.038748	-2.4418	-2.4222	90.861	28.090	61.584	673.15	-0.16486	90.326	0.11164	0.0052530	0.74552	1.3413	1.7465	2.4252	142.35	23.108	37.642	182.85	19.339	6.8555	0.0095522
94.251	0.51011	25.787	0.038779	-2.4355	-2.4157	90.928	28.079	61.632	671.97	-0.16310	90.036	0.11143	0.0052315	0.75148	1.3307	1.7473	2.4261	142.30	23.121	37.706	182.87	19.304	6.8652	0.0095708
94.356	0.51430	25.767	0.038810	-2.4291	-2.4092	90.996	28.068	61.680	670.79	-0.16134	89.747	0.11122	0.0052101	0.75748	1.3202	1.7480	2.4270	142.25	23.134	37.771	182.89	19.269	6.8750	0.0095896
94.461	0.51852	25.746	0.038841	-2.4228	-2.4027	91.063	28.057	61.729	669.60	-0.15956	89.460	0.11102	0.0051887	0.76351	1.3097	1.7488	2.4279	142.20	23.147	37.836	182.90	19.234	6.8848	0.0096084
94.566	0.52276	25.725	0.038872	-2.4165	-2.3961	91.130	28.046	61.778	668.41	-0.15777	89.173	0.11081	0.0051673	0.76958	1.2994	1.7495	2.4288	142.15	23.161	37.901	182.92	19.199	6.8946	0.0096272
94.672	0.52702	25.705	0.038903	-2.4101	-2.3896	91.198	28.035	61.827	667.22	-0.15596	88.888	0.11060	0.0051459	0.77569	1.2892	1.7502	2.4297	142.10	23.174	37.967	182.94	19.165	6.9045	0.0096462
94.777	0.53132	25.684	0.038935	-2.4037	-2.3831	91.265	28.024	61.876	666.04	-0.15415	88.604	0.11039	0.0051245	0.78184	1.2790	1.7510	2.4305	142.05	23.188	38.034	182.95	19.130	6.9143	0.0096652
94.882	0.53563	25.663	0.038966	-2.3974	-2.3765	91.332	28.013	61.926	664.84	-0.15232	88.321	0.11019	0.0051032	0.78803	1.2690	1.7517	2.4314	142.01	23.201	38.101	182.97	19.096	6.9242	0.0096843
94.987	0.53997	25.643	0.038998	-2.3910	-2.3700	91.400	28.002	61.977	663.65	-0.15048	88.039	0.10998	0.0050818	0.79425	1.2590	1.7524	2.4323	141.96	23.215	38.168	182.99	19.061	6.9341	0.0097035
95.092	0.54434	25.622	0.039029	-2.3847	-2.3634	91.467	27.992	62.028	662.46	-0.14863	87.758	0.10977	0.0050605	0.80052	1.2492	1.7531	2.4331	141.91	23.229	38.236	183.00	19.027	6.9440	0.0097228
95.197	0.54873	25.601	0.039061	-2.3783	-2.3568	91.534	27.981	62.079	661.26	-0.14676	87.479	0.10957	0.0050392	0.80682	1.2394	1.7538	2.4339	141.86	23.243	38.305	183.02	18.993	6.9539	0.0097421
95.302	0.55315	25.580	0.039093	-2.3719	-2.3503	91.601	27.970	62.130	660.07	-0.14488	87.200	0.10936	0.0050180	0.81316	1.2298	1.7545	2.4347	141.81	23.256	38.374	183.03	18.959	6.9639	0.0097616
95.407	0.55759	25.559	0.039125	-2.3655	-2.3437	91.668	27.960	62.183	658.87	-0.14299	86.923	0.10915	0.0049967	0.81955	1.2202	1.7552	2.4355	141.76	23.270	38.444	183.05	18.925	6.9738	0.0097811
95.512	0.56206	25.538	0.039157	-2.3591	-2.3371	91.735	27.949	62.235	657.67	-0.14109	86.647	0.10895	0.0049755	0.82597	1.2107	1.7558	2.4363	141.71	23.284	38.514	183.06	18.891	6.9838	0.0098007
95.617	0.56656	25.517	0.039189	-2.3528	-2.3306	91.802	27.938	62.288	656.47	-0.13917	86.372	0.10874	0.0049542	0.83243	1.2013	1.7565	2.4371	141.66	23.298	38.585	183.07	18.857	6.9938	0.0098203
95.722	0.57108	25.496	0.039222	-2.3464	-2.3240	91.869	27.928	62.341	655.27	-0.13724	86.097	0.10853	0.0049330	0.83894	1.1920	1.7572	2.4379	141.62	23.312	38.656	183.09	18.823	7.0038	0.0098401
95.827	0.57562	25.475	0.039254	-2.3400	-2.3174	91.936	27.917	62.395	654.07	-0.13529	85.824	0.10833	0.0049119	0.84548	1.1828	1.7578	2.4386	141.57	23.327	38.728	183.10	18.790	7.0138	0.0098599
95.932	0.58020	25.454	0.039287	-2.3336	-2.3108	92.003	27.907	62.449	652.87	-0.13334	85.552	0.10812	0.0048907	0.85206	1.1736	1.7584	2.4394	141.52	23.341	38.800	183.11	18.756	7.0239	0.0098799
96.037	0.58480	25.433	0.039319	-2.3272	-2.3042	92.070	27.897	62.504	651.66	-0.13136	85.281	0.10791	0.0048695	0.85869	1.1646	1.7591	2.4401	141.47	23.355	38.873	183.12	18.723	7.0339	0.0098999
96.142	0.58942	25.412	0.039352	-2.3208	-2.2976	92.137	27.886	62.559	650.46	-0.12938	85.011	0.10771	0.0048484	0.86536	1.1556	1.7597	2.4408	141.42	23.369	38.946	183.13	18.689	7.0440	0.0099200
96.248	0.59408	25.390	0.039385	-2.3144	-2.2910	92.204	27.876	62.614	649.25	-0.12738	84.743	0.10750	0.0048273	0.87206	1.1467	1.7603	2.4415	141.37	23.384	39.020	183.14	18.656	7.0541	0.0099402
96.353	0.59875	25.369	0.039418	-2.3079	-2.2843	92.270	27.866	62.670	648.04	-0.12537	84.475	0.10729	0.0048062	0.87881	1.1379	1.7609	2.4422	141.33	23.398	39.095	183.15	18.623	7.0642	0.0099604
96.458	0.60346	25.348	0.039451	-2.3015	-2.2777	92.337	27.856	62.727	646.83	-0.12334	84.208	0.10708	0.0047851	0.88561	1.1292	1.7615	2.4429	141.28	23.413	39.170	183.16	18.590	7.0744	0.0099808
96.563	0.60819	25.327	0.039484	-2.2951	-2.2711	92.404	27.845	62.784	645.62	-0.12130	83.942	0.10688	0.0047641	0.89244	1.1205	1.7621	2.4436	141.23	23.427	39.246	183.17	18.557	7.0845	0.010001
96.668	0.61295	25.305	0.039517	-2.2887	-2.2644	92.471	27.835	62.841	644.41	-0.11924	83.677	0.10667	0.0047430	0.89932	1.1120	1.7627	2.4443	141.18	23.442	39.322	183.18	18.524	7.0947	0.010022
96.773	0.61774	25.284	0.039551	-2.2822	-2.2578	92.537	27.825	62.899	643.20	-0.11717	83.413	0.10646	0.0047220	0.90624	1.1035	1.7633	2.4449	141.13	23.457	39.399	183.19	18.491	7.1049	0.010042
96.878	0.62255	25.263	0.039584	-2.2758	-2.2512	92.604	27.815	62.957	641.98	-0.11508	83.151	0.10626	0.0047010	0.91320	1.0951	1.7638	2.4455	141.08	23.472	39.477	183.20	18.458	7.1151	0.010063
96.983	0.62739	25.241	0.039618	-2.2694	-2.2445	92.671	27.805	63.016	640.77	-0.11298	82.889	0.10605	0.0046800	0.92020	1.0867	1.7644	2.4462	141.04	23.487	39.555	183.21	18.426	7.1254	0.010084
97.088	0.63226	25.220	0.039652	-2.2629	-2.2378	92.737	27.795	63.076	639.55	-0.11087	82.628	0.10584	0.0046590	0.92725	1.0785	1.7649	2.4468	140.99	23.502	39.634	183.22	18.393	7.1356	0.010105
97.193	0.63715	25.198	0.039686	-2.2565	-2.2312	92.804	27.786	63.135	638.33	-0.10874	82.368	0.10564	0.0046381	0.93434	1.0703	1.7655	2.4474	140.94	23.517	39.713	183.22	18.361	7.1459	0.010126
97.298	0.64207	25.176	0.039720	-2.2500	-2.2245	92.871	27.776	63.196	637.11	-0.10660	82.109	0.10543	0.0046172	0.94148	1.0622	1.7660	2.4480	140.89	23.532	39.793	183.23	18.329	7.1562	0.010147
97.403	0.64702	25.155	0.039754	-2.2436	-2.2178	92.937	27.766	63.256	635.89	-0.10443	81.851	0.10522	0.0045963	0.94866	1.0541	1.7665	2.4485	140.84	23.547	39.874	183.24	18.296	7.1665	0.010168
97.508	0.65200	25.133	0.039788	-2.2371	-2.2112	93.004	27.756	63.318	634.66	-0.10226	81.594	0.10502	0.0045754	0.95589	1.0461	1.7670	2.4491	140.80	23.562	39.955	183.24	18.264	7.1768	0.010189
97.613	0.65700	25.112	0.039822	-2.2306	-2.2045	93.070	27.747	63.379	633.44	-0.10007	81.338	0.10481	0.0045545	0.96316	1.0383	1.7675	2.4497	140.75	23.578	40.037	183.25	18.232	7.1872	0.010211
97.718	0.66203	25.090	0.039857	-2.2242	-2.1978	93.137	27.737	63.442	632.21	-0.097860	81.083	0.10460	0.0045336	0.97047	1.0304	1.7680	2.4502	140.70	23.593	40.120	183.25	18.200	7.1976	0.010232
97.824	0.66709	25.068	0.039891	-2.2177	-2.1911	93.203	27.728	63.505	630.99	-0.095637	80.828	0.10440	0.0045128	0.97783	1.0227	1.7685	2.4507	140.65	23.608	40.203	183.26	18.168	7.2080	0.010254
97.929	0.67218	25.046	0.039926	-2.2112	-2.1844	93.270	27.718	63.568	629.76	-0.093398	80.575	0.10419	0.0044920	0.98524	1.0150	1.7690	2.4512	140.61	23.624	40.287	183.26	18.136	7.2184	0.010276
98.034	0.67729	25.024	0.039961	-2.2047	-2.1777	93.336	27.709	63.632	628.53	-0.091143	80.323	0.10398	0.0044712	0.99269	1.0074	1.7694	2.4517	140.56	23.640	40.372	183.26	18.104	7.2289	0.010297
98.139	0.68243	25.002	0.039996	-2.1982	-2.1709	93.402	27.699	63.696	627.29	-0.088871	80.071	0.10378	0.0044504	1.0002	0.99982	1.7699	2.4522	140.51	23.655	40.458	183.27	18.073	7.2393	0.010319
98.244	0.68760	24.981	0.040031	-2.1917	-2.1642	93.469	27.690	63.761	626.06	-0.086583	79.820	0.10357	0.0044296	1.0077	0.99233	1.7704	2.4527	140.46	23.671	40.544	183.27	18.041	7.2498	0.010341
98.349	0.69280	24.959	0.040066	-2.1852	-2.1575	93.535	27.681	63.827	624.83	-0.084278	79.571	0.10336	0.0044089	1.0153	0.98492	1.7708	2.4532	140.42	23.687	40.631	183.27	18.009	7.2603	0.010364
98.454	0.69803	24.937	0.040102	-2.1787	-2.1507	93.601	27.671	63.893	623.59	-0.081956	79.322	0.10315	0.0043882	1.0230	0.97756	1.7712	2.4536	140.37	23.703	40.718	183.27	17.978	7.2709	0.010386
98.559	0.70329	24.915	0.040137	-2.1722	-2.1440	93.668	27.662	63.960	622.35	-0.079617	79.074	0.10295	0.0043675	1.0306	0.97027	1.7717	2.4540	140.32	23.719	40.806	183.27	17.946	7.2814	0.010408
98.664	0.70857	24.892	0.040173	-2.1657	-2.1372	93.734	27.653	64.027	621.11	-0.077262	78.827	0.10274	0.0043468	1.0384	0.96305	1.7721	2.4545	140.27	23.735	40.895	183.28	17.915	7.2920	0.010431
98.769	0.71388	24.870	0.040209	-2.1592	-2.1305	93.800	27.644	64.095	619.87	-0.074889	78.580	0.10253	0.0043261	1.0461	0.95589	1.7725	2.4549	140.23	23.751	40.985	183.28	17.884	7.3026	0.010453
98.874	0.71922	24.848	0.040244	-2.1527	-2.1237	93.867	27.635	64.163	618.63	-0.072498	78.335	0.10233	0.0043055	1.0540	0.94879	1.7729	2.4553	140.18	23.767	41.076	183.28	17.853	7.3132	0.010476
98.979	0.72459	24.826	0.040280	-2.1461	-2.1170	93.933	27.626	64.232	617.39	-0.070090	78.091	0.10212	0.0042849	1.0618	0.94176	1.7732	2.4556	140.13	23.784	41.167	183.28	17.822	7.3239	0.010499
99.084	0.72999	24.804	0.040317	-2.1396	-2.1102	93.999	27.617	64.302	616.14	-0.067664	77.847	0.10191	0.0042643	1.0698	0.93478	1.7736	2.4560	140.08	23.800	41.259	183.28	17.790	7.3345	0.010521
99.189	0.73542	24.781	0.040353	-2.1331	-2.1034	94.065	27.608	64.372	614.90	-0.065220	77.604	0.10171	0.0042437	1.0777	0.92787	1.7740	2.4564	140.04	23.816	41.352	183.27	17.759	7.3452	0.010544
99.295	0.74088	24.759	0.040389	-2.1265	-2.0966	94.132	27.599	64.443	613.65	-0.062758	77.362	0.10150	0.0042231	1.0858	0.92101	1.7743	2.4567	139.99	23.833	41.445	183.27	17.729	7.3559	0.010568
99.400	0.74636	24.737	0.040426	-2.1200	-2.0898	94.198	27.591	64.514	612.40	-0.060278	77.121	0.10129	0.0042026	1.0938	0.91421	1.7747	2.4570	139.94	23.850	41.539	183.27	17.698	7.3667	0.010591
99.505	0.75188	24.714	0.040463	-2.1134	-2.0830	94.264	27.582	64.586	611.15	-0.057779	76.880	0.10109	0.0041821	1.1020	0.90748	1.7750	2.4573	139.89	23.866	41.635	183.27	17.667	7.3774	0.010614
99.610	0.75742	24.692	0.040499	-2.1069	-2.0762	94.330	27.573	64.659	609.90	-0.055261	76.641	0.10088	0.0041615	1.1101	0.90080	1.7754	2.4576	139.85	23.883	41.731	183.26	17.636	7.3882	0.010638
99.715	0.76300	24.669	0.040536	-2.1003	-2.0694	94.396	27.565	64.732	608.64	-0.052725	76.402	0.10067	0.0041411	1.1183	0.89418	1.7757	2.4579	139.80	23.900	41.827	183.26	17.606	7.3990	0.010661
99.820	0.76860	24.647	0.040573	-2.0937	-2.0626	94.462	27.556	64.806	607.39	-0.050169	76.164	0.10047	0.0041206	1.1266	0.88761	1.7760	2.4582	139.75	23.917	41.925	183.26	17.575	7.4099	0.010685
99.925	0.77423	24.624	0.040611	-2.0872	-2.0557	94.528	27.548	64.881	606.13	-0.047595	75.927	0.10026	0.0041002	1.1349	0.88110	1.7763	2.4585	139.70	23.934	42.023	183.25	17.544	7.4207	0.010709
100.03	0.77989	24.601	0.040648	-2.0806	-2.0489	94.594	27.539	64.956	604.87	-0.045001	75.690	0.10005	0.0040797	1.1433	0.87465	1.7766	2.4587	139.66	23.951	42.123	183.25	17.514	7.4316	0.010733
100.14	0.78559	24.579	0.040686	-2.0740	-2.0420	94.661	27.531	65.032	603.61	-0.042387	75.455	0.099846	0.0040593	1.1517	0.86825	1.7769	2.4589	139.61	23.968	42.223	183.24	17.484	7.4425	0.010757
100.24	0.79131	24.556	0.040723	-2.0674	-2.0352	94.727	27.523	65.109	602.35	-0.039754	75.220	0.099639	0.0040389	1.1602	0.86191	1.7771	2.4592	139.56	23.986	42.324	183.24	17.453	7.4535	0.010781
100.35	0.79706	24.533	0.040761	-2.0608	-2.0283	94.793	27.514	65.186	601.08	-0.037100	74.986	0.099432	0.0040186	1.1687	0.85562	1.7774	2.4594	139.52	24.003	42.426	183.23	17.423	7.4645	0.010805
100.45	0.80284	24.510	0.040799	-2.0542	-2.0215	94.859	27.506	65.264	599.82	-0.034426	74.752	0.099226	0.0039982	1.1773	0.84938	1.7776	2.4595	139.47	24.020	42.529	183.23	17.393	7.4754	0.010830
100.56	0.80865	24.487	0.040837	-2.0476	-2.0146	94.925	27.498	65.343	598.55	-0.031732	74.520	0.099019	0.0039779	1.1860	0.84319	1.7779	2.4597	139.42	24.038	42.632	183.22	17.363	7.4865	0.010854
100.66	0.81449	24.465	0.040876	-2.0410	-2.0077	94.991	27.490	65.422	597.28	-0.029018	74.288	0.098812	0.0039576	1.1947	0.83706	1.7781	2.4599	139.37	24.056	42.737	183.21	17.332	7.4975	0.010879
100.77	0.82037	24.442	0.040914	-2.0344	-2.0008	95.057	27.482	65.502	596.01	-0.026282	74.057	0.098605	0.0039373	1.2034	0.83098	1.7783	2.4600	139.33	24.073	42.842	183.20	17.302	7.5086	0.010904
100.87	0.82627	24.419	0.040953	-2.0278	-1.9939	95.123	27.474	65.583	594.74	-0.023525	73.826	0.098398	0.0039171	1.2122	0.82495	1.7785	2.4602	139.28	24.091	42.949	183.19	17.272	7.5197	0.010929
100.98	0.83220	24.395	0.040991	-2.0211	-1.9870	95.189	27.466	65.665	593.47	-0.020748	73.597	0.098192	0.0038968	1.2210	0.81897	1.7787	2.4603	139.23	24.109	43.056	183.19	17.242	7.5308	0.010954
101.08	0.83817	24.372	0.041030	-2.0145	-1.9801	95.255	27.458	65.747	592.19	-0.017948	73.368	0.097985	0.0038766	1.2300	0.81304	1.7789	2.4604	139.18	24.127	43.165	183.18	17.213	7.5420	0.010979
101.19	0.84416	24.349	0.041069	-2.0079	-1.9732	95.321	27.450	65.830	590.91	-0.015128	73.140	0.097778	0.0038564	1.2389	0.80716	1.7791	2.4605	139.14	24.145	43.274	183.17	17.183	7.5531	0.011005
101.29	0.85018	24.326	0.041108	-2.0012	-1.9663	95.387	27.443	65.914	589.63	-0.012285	72.912	0.097571	0.0038362	1.2479	0.80133	1.7792	2.4605	139.09	24.163	43.384	183.16	17.153	7.5644	0.011030
101.40	0.85624	24.303	0.041148	-1.9946	-1.9593	95.453	27.435	65.998	588.35	-0.0094198	72.685	0.097365	0.0038161	1.2570	0.79555	1.7794	2.4606	139.04	24.181	43.496	183.15	17.123	7.5756	0.011056
101.50	0.86233	24.279	0.041187	-1.9879	-1.9524	95.519	27.428	66.084	587.07	-0.0065325	72.459	0.097158	0.0037959	1.2661	0.78981	1.7795	2.4606	139.00	24.200	43.608	183.14	17.094	7.5869	0.011082
101.61	0.86844	24.256	0.041227	-1.9812	-1.9454	95.585	27.420	66.170	585.79	-0.0036226	72.234	0.096951	0.0037758	1.2753	0.78412	1.7797	2.4606	138.95	24.218	43.721	183.12	17.064	7.5982	0.011108
101.71	0.87459	24.233	0.041267	-1.9746	-1.9385	95.651	27.413	66.257	584.50	-0.00068993	72.009	0.096744	0.0037557	1.2846	0.77848	1.7798	2.4607	138.90	24.237	43.835	183.11	17.034	7.6095	0.011134
101.82	0.88077	24.209	0.041307	-1.9679	-1.9315	95.717	27.405	66.345	583.21	0.0022658	71.785	0.096537	0.0037356	1.2939	0.77289	1.7799	2.4607	138.85	24.255	43.951	183.10	17.005	7.6208	0.011160
101.92	0.88698	24.186	0.041347	-1.9612	-1.9245	95.782	27.398	66.433	581.92	0.0052449	71.562	0.096331	0.0037156	1.3032	0.76734	1.7800	2.4606	138.81	24.274	44.067	183.09	16.975	7.6322	0.011187
102.03	0.89323	24.162	0.041387	-1.9545	-1.9176	95.848	27.391	66.522	580.63	0.0082474	71.339	0.096124	0.0036956	1.3126	0.76183	1.7801	2.4606	138.76	24.293	44.185	183.07	16.946	7.6436	0.011213
102.13	0.89950	24.138	0.041428	-1.9478	-1.9106	95.914	27.383	66.613	579.34	0.011274	71.117	0.095917	0.0036755	1.3221	0.75638	1.7802	2.4605	138.71	24.311	44.303	183.06	16.917	7.6551	0.011240
102.24	0.90581	24.115	0.041469	-1.9411	-1.9036	95.980	27.376	66.704	578.05	0.014324	70.896	0.095710	0.0036556	1.3316	0.75096	1.7803	2.4605	138.67	24.330	44.423	183.05	16.887	7.6666	0.011267
102.34	0.91214	24.091	0.041509	-1.9344	-1.8966	96.046	27.369	66.796	576.75	0.017399	70.675	0.095504	0.0036356	1.3412	0.74559	1.7803	2.4604	138.62	24.349	44.543	183.03	16.858	7.6781	0.011294
102.45	0.91851	24.067	0.041550	-1.9277	-1.8896	96.112	27.362	66.888	575.45	0.020498	70.455	0.095297	0.0036156	1.3509	0.74027	1.7804	2.4603	138.57	24.368	44.665	183.02	16.829	7.6896	0.011321
102.55	0.92491	24.043	0.041592	-1.9210	-1.8825	96.178	27.355	66.982	574.15	0.023622	70.236	0.095090	0.0035957	1.3606	0.73498	1.7804	2.4602	138.52	24.388	44.788	183.00	16.800	7.7012	0.011348
102.66	0.93134	24.019	0.041633	-1.9143	-1.8755	96.244	27.348	67.077	572.85	0.026771	70.017	0.094883	0.0035758	1.3703	0.72974	1.7804	2.4601	138.48	24.407	44.912	182.98	16.771	7.7128	0.011376
102.76	0.93781	23.995	0.041675	-1.9075	-1.8685	96.310	27.342	67.172	571.54	0.029946	69.799	0.094677	0.0035559	1.3802	0.72454	1.7804	2.4599	138.43	24.426	45.038	182.97	16.742	7.7244	0.011404
102.87	0.94431	23.971	0.041716	-1.9008	-1.8614	96.376	27.335	67.268	570.24	0.033146	69.581	0.094470	0.0035361	1.3901	0.71939	1.7804	2.4597	138.38	24.446	45.164	182.95	16.713	7.7361	0.011431
102.97	0.95084	23.947	0.041758	-1.8941	-1.8544	96.442	27.328	67.366	568.93	0.036372	69.364	0.094263	0.0035162	1.4000	0.71427	1.7804	2.4596	138.34	24.465	45.292	182.93	16.684	7.7478	0.011459
103.08	0.95740	23.923	0.041800	-1.8873	-1.8473	96.508	27.322	67.464	567.62	0.039624	69.148	0.094056	0.0034964	1.4100	0.70920	1.7804	2.4594	138.29	24.485	45.421	182.92	16.655	7.7595	0.011488
103.18	0.96399	23.899	0.041843	-1.8805	-1.8402	96.574	27.315	67.563	566.31	0.042903	68.932	0.093850	0.0034766	1.4201	0.70417	1.7804	2.4592	138.24	24.505	45.551	182.90	16.626	7.7712	0.011516
103.29	0.97062	23.875	0.041885	-1.8738	-1.8331	96.640	27.309	67.663	564.99	0.046208	68.717	0.093643	0.0034569	1.4303	0.69917	1.7803	2.4589	138.19	24.525	45.682	182.88	16.597	7.7830	0.011544
103.39	0.97728	23.851	0.041928	-1.8670	-1.8260	96.705	27.302	67.764	563.68	0.049541	68.503	0.093436	0.0034371	1.4405	0.69422	1.7802	2.4587	138.15	24.544	45.815	182.86	16.568	7.7949	0.011573
103.50	0.98397	23.826	0.041971	-1.8602	-1.8189	96.771	27.296	67.866	562.36	0.052901	68.289	0.093229	0.0034174	1.4507	0.68930	1.7802	2.4584	138.10	24.564	45.948	182.84	16.539	7.8067	0.011602
103.60	0.99069	23.802	0.042014	-1.8534	-1.8118	96.837	27.290	67.970	561.04	0.056288	68.076	0.093022	0.0033977	1.4611	0.68443	1.7801	2.4581	138.05	24.585	46.083	182.82	16.511	7.8186	0.011631
103.71	0.99745	23.777	0.042057	-1.8466	-1.8047	96.903	27.284	68.074	559.72	0.059704	67.863	0.092816	0.0033780	1.4715	0.67959	1.7800	2.4579	138.00	24.605	46.220	182.80	16.482	7.8306	0.011660
103.81	1.0042	23.753	0.042100	-1.8398	-1.7976	96.969	27.278	68.179	558.40	0.063147	67.651	0.092609	0.0033584	1.4819	0.67479	1.7799	2.4575	137.96	24.625	46.358	182.78	16.453	7.8425	0.011690
103.92	1.0111	23.728	0.042144	-1.8330	-1.7904	97.035	27.272	68.285	557.07	0.066620	67.439	0.092402	0.0033387	1.4925	0.67003	1.7798	2.4572	137.91	24.645	46.497	182.76	16.425	7.8546	0.011719
104.02	1.0179	23.704	0.042188	-1.8262	-1.7833	97.101	27.266	68.392	555.75	0.070121	67.228	0.092195	0.0033191	1.5031	0.66531	1.7796	2.4569	137.86	24.666	46.637	182.74	16.396	7.8666	0.011749
104.13	1.0248	23.679	0.042232	-1.8194	-1.7761	97.167	27.260	68.500	554.42	0.073651	67.018	0.091989	0.0032995	1.5137	0.66062	1.7795	2.4565	137.82	24.686	46.779	182.71	16.367	7.8787	0.011779
104.23	1.0317	23.654	0.042276	-1.8126	-1.7690	97.233	27.254	68.610	553.08	0.077211	66.808	0.091782	0.0032800	1.5245	0.65597	1.7793	2.4561	137.77	24.707	46.922	182.69	16.339	7.8908	0.011809
104.34	1.0387	23.629	0.042320	-1.8057	-1.7618	97.299	27.248	68.720	551.75	0.080801	66.599	0.091575	0.0032604	1.5353	0.65136	1.7792	2.4557	137.72	24.728	47.067	182.67	16.311	7.9029	0.011839
104.44	1.0457	23.604	0.042365	-1.7989	-1.7546	97.365	27.243	68.832	550.42	0.084421	66.390	0.091369	0.0032409	1.5461	0.64678	1.7790	2.4553	137.67	24.749	47.213	182.64	16.282	7.9151	0.011870
104.55	1.0527	23.579	0.042410	-1.7920	-1.7474	97.431	27.237	68.945	549.08	0.088072	66.182	0.091162	0.0032214	1.5571	0.64224	1.7788	2.4549	137.63	24.769	47.360	182.62	16.254	7.9274	0.011901
104.65	1.0598	23.554	0.042455	-1.7852	-1.7402	97.497	27.232	69.058	547.74	0.091754	65.974	0.090955	0.0032019	1.5681	0.63773	1.7786	2.4544	137.58	24.790	47.509	182.59	16.225	7.9396	0.011932
104.76	1.0669	23.529	0.042500	-1.7783	-1.7330	97.563	27.227	69.173	546.40	0.095467	65.767	0.090748	0.0031825	1.5791	0.63326	1.7783	2.4539	137.53	24.812	47.660	182.57	16.197	7.9519	0.011963
104.86	1.0740	23.504	0.042545	-1.7714	-1.7257	97.629	27.221	69.290	545.05	0.099211	65.560	0.090542	0.0031631	1.5903	0.62882	1.7781	2.4535	137.48	24.833	47.812	182.54	16.169	7.9643	0.011994
104.97	1.0811	23.479	0.042591	-1.7646	-1.7185	97.695	27.216	69.407	543.71	0.10299	65.354	0.090335	0.0031437	1.6015	0.62442	1.7779	2.4529	137.44	24.854	47.965	182.52	16.141	7.9767	0.012026
105.07	1.0883	23.454	0.042637	-1.7577	-1.7113	97.761	27.211	69.526	542.36	0.10680	65.149	0.090128	0.0031243	1.6128	0.62005	1.7776	2.4524	137.39	24.875	48.121	182.49	16.112	7.9891	0.012057
105.18	1.0956	23.428	0.042683	-1.7508	-1.7040	97.828	27.206	69.645	541.01	0.11064	64.944	0.089921	0.0031049	1.6241	0.61571	1.7773	2.4519	137.34	24.897	48.277	182.47	16.084	8.0015	0.012089
105.28	1.1028	23.403	0.042729	-1.7439	-1.6967	97.894	27.201	69.766	539.65	0.11451	64.739	0.089715	0.0030856	1.6356	0.61141	1.7770	2.4513	137.29	24.918	48.436	182.44	16.056	8.0140	0.012121
105.39	1.1101	23.378	0.042776	-1.7370	-1.6895	97.960	27.196	69.889	538.30	0.11842	64.535	0.089508	0.0030663	1.6471	0.60714	1.7767	2.4507	137.24	24.940	48.596	182.41	16.028	8.0266	0.012154
105.49	1.1174	23.352	0.042823	-1.7300	-1.6822	98.026	27.191	70.012	536.94	0.12236	64.331	0.089301	0.0030470	1.6586	0.60290	1.7764	2.4501	137.20	24.962	48.757	182.38	16.000	8.0392	0.012186
105.60	1.1248	23.326	0.042870	-1.7231	-1.6749	98.092	27.187	70.137	535.58	0.12634	64.128	0.089094	0.0030277	1.6703	0.59870	1.7761	2.4495	137.15	24.983	48.921	182.35	15.972	8.0518	0.012219
105.70	1.1322	23.301	0.042917	-1.7162	-1.6676	98.158	27.182	70.263	534.22	0.13035	63.926	0.088888	0.0030085	1.6820	0.59452	1.7757	2.4489	137.10	25.005	49.086	182.32	15.944	8.0645	0.012252
105.81	1.1396	23.275	0.042964	-1.7092	-1.6603	98.224	27.177	70.391	532.86	0.13440	63.724	0.088681	0.0029893	1.6938	0.59038	1.7754	2.4482	137.05	25.027	49.253	182.30	15.916	8.0772	0.012285
105.91	1.1471	23.249	0.043012	-1.7023	-1.6529	98.291	27.173	70.520	531.49	0.13848	63.522	0.088474	0.0029701	1.7057	0.58627	1.7750	2.4475	137.01	25.050	49.421	182.27	15.888	8.0900	0.012319
106.02	1.1546	23.223	0.043060	-1.6953	-1.6456	98.357	27.169	70.650	530.12	0.14260	63.321	0.088268	0.0029509	1.7177	0.58219	1.7746	2.4468	136.96	25.072	49.592	182.24	15.860	8.1028	0.012353
106.12	1.1622	23.197	0.043108	-1.6883	-1.6382	98.423	27.164	70.782	528.75	0.14676	63.120	0.088061	0.0029318	1.7297	0.57814	1.7742	2.4461	136.91	25.094	49.764	182.20	15.832	8.1156	0.012387
106.23	1.1697	23.171	0.043157	-1.6813	-1.6309	98.489	27.160	70.915	527.38	0.15095	62.920	0.087854	0.0029127	1.7418	0.57412	1.7738	2.4454	136.86	25.116	49.938	182.17	15.804	8.1285	0.012421
106.33	1.1773	23.145	0.043205	-1.6744	-1.6235	98.556	27.156	71.050	526.01	0.15518	62.720	0.087647	0.0028936	1.7540	0.57013	1.7734	2.4446	136.81	25.139	50.114	182.14	15.776	8.1414	0.012455
106.44	1.1850	23.119	0.043254	-1.6674	-1.6161	98.622	27.152	71.186	524.63	0.15944	62.521	0.087441	0.0028745	1.7662	0.56617	1.7729	2.4439	136.77	25.162	50.292	182.11	15.749	8.1544	0.012490
106.54	1.1927	23.093	0.043303	-1.6603	-1.6087	98.688	27.148	71.323	523.25	0.16375	62.322	0.087234	0.0028555	1.7786	0.56224	1.7725	2.4431	136.72	25.184	50.472	182.08	15.721	8.1675	0.012525
106.65	1.2004	23.067	0.043353	-1.6533	-1.6013	98.755	27.145	71.462	521.87	0.16809	62.123	0.087027	0.0028365	1.7910	0.55834	1.7720	2.4422	136.67	25.207	50.654	182.04	15.693	8.1805	0.012560
106.75	1.2081	23.040	0.043402	-1.6463	-1.5939	98.821	27.141	71.603	520.48	0.17248	61.925	0.086821	0.0028175	1.8035	0.55447	1.7715	2.4414	136.62	25.230	50.838	182.01	15.665	8.1937	0.012595
106.86	1.2159	23.014	0.043452	-1.6393	-1.5864	98.888	27.137	71.745	519.10	0.17690	61.728	0.086614	0.0027985	1.8161	0.55063	1.7710	2.4406	136.57	25.253	51.024	181.98	15.637	8.2068	0.012631
106.96	1.2238	22.987	0.043503	-1.6322	-1.5790	98.954	27.134	71.888	517.71	0.18136	61.530	0.086407	0.0027796	1.8288	0.54681	1.7705	2.4397	136.52	25.276	51.212	181.94	15.610	8.2201	0.012667
107.07	1.2316	22.961	0.043553	-1.6252	-1.5715	99.021	27.131	72.034	516.31	0.18587	61.334	0.086201	0.0027607	1.8415	0.54302	1.7700	2.4388	136.48	25.299	51.402	181.91	15.582	8.2333	0.012703
107.17	1.2395	22.934	0.043604	-1.6181	-1.5641	99.087	27.127	72.180	514.92	0.19041	61.137	0.085994	0.0027418	1.8544	0.53926	1.7694	2.4379	136.43	25.323	51.595	181.87	15.554	8.2467	0.012740
107.28	1.2475	22.907	0.043655	-1.6110	-1.5566	99.154	27.124	72.329	513.52	0.19500	60.941	0.085787	0.0027229	1.8673	0.53553	1.7689	2.4369	136.38	25.346	51.789	181.84	15.527	8.2600	0.012776
107.38	1.2554	22.880	0.043706	-1.6040	-1.5491	99.220	27.121	72.479	512.12	0.19963	60.746	0.085580	0.0027041	1.8803	0.53183	1.7683	2.4359	136.33	25.370	51.986	181.80	15.499	8.2735	0.012813
107.49	1.2634	22.853	0.043757	-1.5969	-1.5416	99.287	27.118	72.631	510.72	0.20430	60.551	0.085374	0.0026853	1.8934	0.52815	1.7677	2.4350	136.28	25.394	52.186	181.77	15.472	8.2869	0.012851
107.59	1.2715	22.826	0.043809	-1.5898	-1.5341	99.353	27.115	72.785	509.32	0.20901	60.356	0.085167	0.0026665	1.9066	0.52450	1.7671	2.4340	136.23	25.418	52.387	181.73	15.444	8.3005	0.012888
107.70	1.2796	22.799	0.043861	-1.5827	-1.5265	99.420	27.112	72.940	507.91	0.21377	60.161	0.084960	0.0026477	1.9199	0.52087	1.7664	2.4329	136.18	25.442	52.591	181.69	15.416	8.3140	0.012926
107.81	1.2877	22.772	0.043914	-1.5755	-1.5190	99.487	27.110	73.097	506.50	0.21858	59.967	0.084754	0.0026290	1.9332	0.51727	1.7658	2.4319	136.14	25.466	52.797	181.65	15.389	8.3277	0.012964
107.91	1.2958	22.745	0.043966	-1.5684	-1.5114	99.554	27.107	73.256	505.09	0.22343	59.774	0.084547	0.0026103	1.9467	0.51370	1.7651	2.4308	136.09	25.490	53.006	181.62	15.361	8.3414	0.013003
108.02	1.3040	22.717	0.044019	-1.5613	-1.5039	99.620	27.105	73.417	503.67	0.22832	59.581	0.084340	0.0025916	1.9602	0.51015	1.7645	2.4297	136.04	25.514	53.218	181.58	15.334	8.3551	0.013041
108.12	1.3122	22.690	0.044072	-1.5541	-1.4963	99.687	27.103	73.580	502.26	0.23326	59.388	0.084134	0.0025730	1.9738	0.50663	1.7638	2.4286	135.99	25.539	53.432	181.54	15.306	8.3689	0.013080
108.23	1.3205	22.662	0.044126	-1.5470	-1.4887	99.754	27.100	73.745	500.84	0.23825	59.195	0.083927	0.0025543	1.9875	0.50314	1.7631	2.4274	135.94	25.564	53.648	181.50	15.278	8.3828	0.013120
108.33	1.3288	22.635	0.044180	-1.5398	-1.4811	99.821	27.098	73.911	499.42	0.24329	59.003	0.083720	0.0025357	2.0013	0.49966	1.7623	2.4263	135.89	25.588	53.868	181.46	15.251	8.3967	0.013159
108.44	1.3371	22.607	0.044234	-1.5326	-1.4735	99.888	27.096	74.080	497.99	0.24837	58.811	0.083514	0.0025172	2.0153	0.49622	1.7616	2.4251	135.84	25.613	54.090	181.42	15.223	8.4106	0.013199
108.54	1.3455	22.579	0.044288	-1.5254	-1.4658	99.955	27.094	74.250	496.56	0.25350	58.620	0.083307	0.0024986	2.0292	0.49279	1.7608	2.4239	135.79	25.639	54.314	181.38	15.196	8.4247	0.013239
108.65	1.3539	22.552	0.044343	-1.5182	-1.4582	100.02	27.093	74.423	495.13	0.25868	58.429	0.083101	0.0024801	2.0433	0.48940	1.7600	2.4227	135.74	25.664	54.542	181.34	15.168	8.4388	0.013280
108.75	1.3624	22.524	0.044398	-1.5110	-1.4505	100.09	27.091	74.598	493.70	0.26392	58.238	0.082894	0.0024616	2.0575	0.48602	1.7592	2.4214	135.69	25.689	54.773	181.29	15.141	8.4529	0.013321
108.86	1.3709	22.496	0.044453	-1.5038	-1.4428	100.16	27.090	74.775	492.26	0.26920	58.047	0.082687	0.0024432	2.0718	0.48267	1.7584	2.4201	135.64	25.715	55.006	181.25	15.113	8.4671	0.013362
108.96	1.3794	22.467	0.044509	-1.4965	-1.4351	100.22	27.088	74.954	490.82	0.27453	57.857	0.082481	0.0024247	2.0862	0.47934	1.7576	2.4188	135.59	25.741	55.243	181.21	15.086	8.4814	0.013404
109.07	1.3880	22.439	0.044565	-1.4893	-1.4274	100.29	27.087	75.135	489.38	0.27992	57.667	0.082274	0.0024063	2.1007	0.47604	1.7568	2.4175	135.54	25.767	55.482	181.17	15.058	8.4957	0.013446
109.17	1.3966	22.411	0.044621	-1.4820	-1.4197	100.36	27.086	75.318	487.94	0.28536	57.478	0.082067	0.0023879	2.1152	0.47276	1.7559	2.4161	135.49	25.793	55.725	181.12	15.030	8.5101	0.013488
109.28	1.4052	22.383	0.044678	-1.4748	-1.4120	100.42	27.085	75.504	486.49	0.29085	57.289	0.081861	0.0023696	2.1299	0.46950	1.7550	2.4147	135.44	25.819	55.971	181.08	15.003	8.5246	0.013530
109.38	1.4139	22.354	0.044735	-1.4675	-1.4042	100.49	27.084	75.692	485.04	0.29640	57.100	0.081654	0.0023513	2.1447	0.46626	1.7541	2.4133	135.39	25.846	56.220	181.03	14.975	8.5391	0.013573
109.49	1.4226	22.325	0.044792	-1.4602	-1.3965	100.56	27.083	75.882	483.59	0.30200	56.911	0.081448	0.0023330	2.1596	0.46305	1.7532	2.4119	135.34	25.872	56.473	180.99	14.948	8.5537	0.013617
109.59	1.4314	22.297	0.044850	-1.4529	-1.3887	100.63	27.083	76.075	482.13	0.30766	56.723	0.081241	0.0023147	2.1746	0.45986	1.7522	2.4105	135.29	25.899	56.729	180.94	14.920	8.5683	0.013660
109.70	1.4402	22.268	0.044908	-1.4456	-1.3809	100.69	27.082	76.270	480.67	0.31338	56.535	0.081034	0.0022965	2.1897	0.45669	1.7513	2.4090	135.24	25.927	56.988	180.90	14.892	8.5830	0.013704
109.80	1.4490	22.239	0.044966	-1.4382	-1.3731	100.76	27.082	76.468	479.21	0.31915	56.347	0.080828	0.0022782	2.2049	0.45354	1.7503	2.4075	135.19	25.954	57.251	180.85	14.864	8.5978	0.013749
109.91	1.4579	22.210	0.045025	-1.4309	-1.3652	100.83	27.082	76.668	477.75	0.32498	56.160	0.080621	0.0022601	2.2202	0.45042	1.7493	2.4059	135.14	25.982	57.518	180.80	14.837	8.6127	0.013793
110.01	1.4668	22.181	0.045084	-1.4235	-1.3574	100.90	27.082	76.871	476.28	0.33087	55.973	0.080415	0.0022419	2.2356	0.44731	1.7483	2.4044	135.09	26.009	57.788	180.76	14.809	8.6276	0.013839
110.12	1.4757	22.152	0.045143	-1.4162	-1.3495	100.97	27.082	77.076	474.81	0.33682	55.786	0.080208	0.0022238	2.2511	0.44423	1.7472	2.4028	135.04	26.037	58.062	180.71	14.781	8.6426	0.013884
110.22	1.4847	22.122	0.045203	-1.4088	-1.3417	101.03	27.082	77.284	473.34	0.34284	55.599	0.080002	0.0022057	2.2667	0.44117	1.7462	2.4012	134.99	26.066	58.340	180.66	14.753	8.6577	0.013930
110.33	1.4938	22.093	0.045263	-1.4014	-1.3338	101.10	27.083	77.495	471.86	0.34891	55.413	0.079795	0.0021876	2.2825	0.43813	1.7451	2.3995	134.94	26.094	58.622	180.61	14.726	8.6728	0.013977
110.43	1.5028	22.064	0.045324	-1.3940	-1.3259	101.17	27.083	77.709	470.38	0.35505	55.227	0.079589	0.0021696	2.2983	0.43510	1.7440	2.3979	134.89	26.123	58.908	180.56	14.698	8.6880	0.014023
110.54	1.5119	22.034	0.045385	-1.3866	-1.3180	101.24	27.084	77.925	468.90	0.36125	55.041	0.079382	0.0021516	2.3143	0.43210	1.7429	2.3962	134.84	26.152	59.198	180.51	14.670	8.7033	0.014071
110.64	1.5211	22.004	0.045446	-1.3791	-1.3100	101.30	27.085	78.144	467.41	0.36751	54.855	0.079176	0.0021336	2.3303	0.42912	1.7417	2.3945	134.79	26.182	59.492	180.46	14.642	8.7187	0.014118
110.75	1.5303	21.974	0.045508	-1.3717	-1.3021	101.37	27.086	78.367	465.92	0.37384	54.670	0.078969	0.0021157	2.3465	0.42616	1.7406	2.3927	134.73	26.211	59.791	180.41	14.614	8.7341	0.014166
110.85	1.5395	21.944	0.045570	-1.3642	-1.2941	101.44	27.087	78.592	464.43	0.38024	54.485	0.078763	0.0020977	2.3628	0.42322	1.7394	2.3909	134.68	26.241	60.094	180.35	14.586	8.7497	0.014215
110.96	1.5488	21.914	0.045632	-1.3568	-1.2861	101.51	27.088	78.820	462.94	0.38670	54.300	0.078556	0.0020798	2.3793	0.42030	1.7382	2.3891	134.63	26.271	60.401	180.30	14.557	8.7653	0.014264
111.06	1.5581	21.884	0.045695	-1.3493	-1.2781	101.58	27.090	79.052	461.44	0.39323	54.115	0.078350	0.0020620	2.3958	0.41740	1.7369	2.3873	134.58	26.302	60.713	180.25	14.529	8.7809	0.014313
111.17	1.5674	21.854	0.045758	-1.3418	-1.2701	101.65	27.091	79.286	459.94	0.39984	53.930	0.078143	0.0020442	2.4125	0.41451	1.7357	2.3854	134.53	26.332	61.030	180.19	14.501	8.7967	0.014363
111.27	1.5768	21.823	0.045822	-1.3343	-1.2620	101.71	27.093	79.524	458.43	0.40651	53.746	0.077937	0.0020264	2.4293	0.41165	1.7344	2.3835	134.48	26.363	61.352	180.14	14.473	8.8125	0.014413
111.38	1.5862	21.793	0.045886	-1.3267	-1.2540	101.78	27.095	79.765	456.92	0.41325	53.562	0.077730	0.0020086	2.4462	0.40880	1.7331	2.3816	134.42	26.395	61.678	180.09	14.444	8.8285	0.014464
111.48	1.5957	21.762	0.045951	-1.3192	-1.2459	101.85	27.097	80.010	455.41	0.42007	53.378	0.077524	0.0019909	2.4632	0.40598	1.7318	2.3796	134.37	26.427	62.010	180.03	14.416	8.8445	0.014515
111.59	1.6052	21.732	0.046016	-1.3117	-1.2378	101.92	27.100	80.258	453.90	0.42696	53.194	0.077317	0.0019732	2.4804	0.40317	1.7305	2.3777	134.32	26.459	62.346	179.97	14.387	8.8606	0.014567
111.69	1.6148	21.701	0.046081	-1.3041	-1.2297	101.99	27.102	80.509	452.38	0.43393	53.011	0.077111	0.0019555	2.4976	0.40038	1.7291	2.3756	134.27	26.491	62.688	179.92	14.359	8.8767	0.014619
111.80	1.6244	21.670	0.046147	-1.2965	-1.2215	102.06	27.105	80.764	450.86	0.44097	52.827	0.076905	0.0019379	2.5151	0.39761	1.7277	2.3736	134.22	26.524	63.036	179.86	14.330	8.8930	0.014672
111.90	1.6340	21.639	0.046214	-1.2889	-1.2134	102.13	27.108	81.023	449.33	0.44809	52.644	0.076698	0.0019202	2.5326	0.39485	1.7263	2.3715	134.16	26.557	63.388	179.80	14.301	8.9094	0.014726
112.01	1.6437	21.607	0.046280	-1.2813	-1.2052	102.20	27.111	81.285	447.80	0.45529	52.461	0.076492	0.0019027	2.5503	0.39212	1.7249	2.3694	134.11	26.590	63.747	179.74	14.273	8.9258	0.014779
112.11	1.6534	21.576	0.046348	-1.2737	-1.1970	102.26	27.114	81.552	446.27	0.46257	52.278	0.076286	0.0018851	2.5681	0.38940	1.7235	2.3673	134.06	26.624	64.111	179.68	14.244	8.9424	0.014834
112.22	1.6632	21.545	0.046415	-1.2660	-1.1888	102.33	27.117	81.822	444.73	0.46993	52.096	0.076079	0.0018676	2.5860	0.38669	1.7220	2.3651	134.00	26.658	64.481	179.62	14.215	8.9590	0.014889
112.32	1.6730	21.513	0.046484	-1.2583	-1.1806	102.40	27.121	82.096	443.20	0.47737	51.913	0.075873	0.0018501	2.6041	0.38401	1.7205	2.3629	133.95	26.692	64.857	179.56	14.186	8.9757	0.014944
112.43	1.6828	21.481	0.046552	-1.2507	-1.1723	102.47	27.125	82.375	441.65	0.48490	51.731	0.075667	0.0018327	2.6223	0.38134	1.7189	2.3607	133.90	26.727	65.240	179.50	14.157	8.9926	0.015000
112.53	1.6927	21.449	0.046622	-1.2430	-1.1641	102.54	27.129	82.657	440.11	0.49251	51.548	0.075461	0.0018153	2.6407	0.37869	1.7174	2.3584	133.84	26.763	65.628	179.44	14.127	9.0095	0.015057
112.64	1.7026	21.417	0.046691	-1.2353	-1.1558	102.61	27.133	82.944	438.56	0.50021	51.366	0.075254	0.0017979	2.6592	0.37606	1.7158	2.3561	133.79	26.798	66.023	179.37	14.098	9.0265	0.015114
112.74	1.7126	21.385	0.046762	-1.2275	-1.1475	102.68	27.137	83.235	437.00	0.50800	51.184	0.075048	0.0017805	2.6778	0.37344	1.7142	2.3538	133.74	26.834	66.425	179.31	14.069	9.0437	0.015172
112.85	1.7226	21.353	0.046832	-1.2198	-1.1391	102.75	27.142	83.531	435.45	0.51587	51.002	0.074842	0.0017632	2.6966	0.37084	1.7126	2.3514	133.68	26.871	66.833	179.25	14.039	9.0609	0.015230
112.95	1.7326	21.320	0.046903	-1.2120	-1.1308	102.82	27.147	83.831	433.88	0.52384	50.820	0.074636	0.0017459	2.7155	0.36825	1.7109	2.3490	133.63	26.908	67.249	179.18	14.010	9.0782	0.015289
113.06	1.7427	21.288	0.046975	-1.2043	-1.1224	102.89	27.152	84.136	432.32	0.53190	50.639	0.074430	0.0017287	2.7346	0.36569	1.7092	2.3465	133.57	26.945	67.671	179.11	13.980	9.0957	0.015349
113.16	1.7529	21.255	0.047048	-1.1965	-1.1140	102.96	27.157	84.446	430.75	0.54006	50.457	0.074223	0.0017115	2.7538	0.36313	1.7075	2.3441	133.52	26.983	68.101	179.05	13.950	9.1132	0.015409
113.27	1.7630	21.222	0.047120	-1.1886	-1.1056	103.03	27.163	84.760	429.18	0.54831	50.275	0.074017	0.0016943	2.7732	0.36060	1.7058	2.3415	133.46	27.021	68.539	178.98	13.920	9.1309	0.015470
113.37	1.7733	21.189	0.047194	-1.1808	-1.0971	103.10	27.168	85.080	427.60	0.55666	50.094	0.073811	0.0016771	2.7927	0.35807	1.7040	2.3390	133.41	27.060	68.984	178.91	13.890	9.1487	0.015532
113.48	1.7835	21.156	0.047268	-1.1730	-1.0887	103.17	27.174	85.405	426.02	0.56511	49.913	0.073605	0.0016600	2.8124	0.35557	1.7022	2.3364	133.35	27.099	69.436	178.84	13.860	9.1665	0.015594
113.58	1.7938	21.123	0.047342	-1.1651	-1.0802	103.24	27.181	85.735	424.44	0.57366	49.731	0.073399	0.0016430	2.8322	0.35308	1.7004	2.3338	133.30	27.139	69.897	178.77	13.830	9.1845	0.015657
113.69	1.8042	21.089	0.047417	-1.1572	-1.0717	103.31	27.187	86.070	422.85	0.58231	49.550	0.073193	0.0016259	2.8522	0.35060	1.6986	2.3311	133.24	27.179	70.367	178.70	13.799	9.2027	0.015720
113.79	1.8146	21.056	0.047493	-1.1493	-1.0631	103.38	27.194	86.412	421.26	0.59107	49.369	0.072987	0.0016089	2.8724	0.34814	1.6967	2.3284	133.19	27.219	70.844	178.63	13.769	9.2209	0.015785
113.90	1.8250	21.022	0.047569	-1.1414	-1.0546	103.45	27.201	86.758	419.66	0.59993	49.188	0.072781	0.0015919	2.8927	0.34569	1.6948	2.3257	133.13	27.260	71.330	178.56	13.738	9.2393	0.015850
114.00	1.8355	20.988	0.047646	-1.1334	-1.0460	103.52	27.208	87.111	418.06	0.60890	49.007	0.072575	0.0015750	2.9132	0.34326	1.6929	2.3229	133.08	27.302	71.826	178.48	13.708	9.2577	0.015916
114.11	1.8460	20.954	0.047724	-1.1255	-1.0374	103.60	27.215	87.469	416.46	0.61799	48.825	0.072370	0.0015581	2.9339	0.34084	1.6909	2.3201	133.02	27.344	72.330	178.41	13.677	9.2763	0.015982
114.21	1.8566	20.920	0.047802	-1.1175	-1.0287	103.67	27.223	87.834	414.85	0.62718	48.644	0.072164	0.0015412	2.9547	0.33844	1.6889	2.3173	132.96	27.387	72.844	178.34	13.646	9.2951	0.016050
114.32	1.8672	20.885	0.047881	-1.1095	-1.0201	103.74	27.231	88.205	413.23	0.63649	48.463	0.071958	0.0015244	2.9757	0.33605	1.6869	2.3144	132.91	27.430	73.367	178.26	13.615	9.3139	0.016118
114.42	1.8779	20.851	0.047960	-1.1015	-1.0114	103.81	27.239	88.582	411.62	0.64592	48.282	0.071752	0.0015076	2.9969	0.33368	1.6848	2.3114	132.85	27.473	73.900	178.18	13.583	9.3329	0.016187
114.53	1.8886	20.816	0.048040	-1.0934	-1.0027	103.88	27.248	88.966	409.99	0.65546	48.101	0.071547	0.0014909	3.0183	0.33132	1.6827	2.3084	132.79	27.517	74.444	178.11	13.552	9.3521	0.016257
114.63	1.8993	20.781	0.048121	-1.0854	-0.99396	103.95	27.257	89.356	408.37	0.66513	47.920	0.071341	0.0014742	3.0398	0.32897	1.6806	2.3054	132.73	27.562	74.998	178.03	13.520	9.3713	0.016327
114.74	1.9101	20.746	0.048202	-1.0773	-0.98520	104.02	27.266	89.754	406.74	0.67492	47.739	0.071135	0.0014575	3.0615	0.32664	1.6785	2.3024	132.68	27.607	75.562	177.95	13.489	9.3907	0.016399
114.84	1.9209	20.711	0.048284	-1.0692	-0.97641	104.10	27.275	90.159	405.10	0.68484	47.558	0.070930	0.0014408	3.0834	0.32432	1.6763	2.2993	132.62	27.653	76.138	177.87	13.457	9.4103	0.016471
114.95	1.9318	20.675	0.048367	-1.0610	-0.96759	104.17	27.285	90.571	403.46	0.69488	47.377	0.070724	0.0014242	3.1055	0.32201	1.6741	2.2961	132.56	27.699	76.725	177.79	13.425	9.4300	0.016545
115.05	1.9427	20.639	0.048451	-1.0529	-0.95875	104.24	27.295	90.991	401.82	0.70506	47.196	0.070519	0.0014077	3.1278	0.31972	1.6718	2.2929	132.50	27.746	77.323	177.71	13.393	9.4498	0.016619
115.16	1.9537	20.604	0.048535	-1.0447	-0.94987	104.31	27.305	91.418	400.17	0.71537	47.015	0.070313	0.0013911	3.1503	0.31743	1.6695	2.2897	132.44	27.793	77.934	177.62	13.360	9.4698	0.016694
115.26	1.9647	20.568	0.048620	-1.0365	-0.94097	104.39	27.316	91.854	398.51	0.72581	46.834	0.070108	0.0013746	3.1729	0.31517	1.6672	2.2864	132.39	27.841	78.557	177.54	13.328	9.4899	0.016770
115.37	1.9758	20.531	0.048706	-1.0283	-0.93204	104.46	27.327	92.297	396.85	0.73640	46.652	0.069903	0.0013582	3.1958	0.31291	1.6649	2.2831	132.33	27.890	79.192	177.45	13.295	9.5102	0.016847
115.48	1.9869	20.495	0.048792	-1.0200	-0.92309	104.53	27.338	92.749	395.19	0.74713	46.471	0.069698	0.0013418	3.2189	0.31067	1.6625	2.2797	132.27	27.939	79.841	177.37	13.263	9.5307	0.016925
115.58	1.9980	20.458	0.048880	-1.0118	-0.91410	104.61	27.350	93.210	393.52	0.75800	46.290	0.069492	0.0013254	3.2421	0.30844	1.6600	2.2763	132.21	27.988	80.503	177.28	13.230	9.5513	0.017004
115.69	2.0092	20.422	0.048968	-1.0035	-0.90508	104.68	27.362	93.680	391.85	0.76902	46.108	0.069287	0.0013091	3.2656	0.30622	1.6576	2.2728	132.15	28.039	81.179	177.19	13.197	9.5721	0.017084
115.79	2.0205	20.385	0.049057	-0.99515	-0.89603	104.75	27.374	94.159	390.17	0.78019	45.926	0.069082	0.0012928	3.2893	0.30401	1.6551	2.2693	132.09	28.090	81.869	177.11	13.163	9.5930	0.017166
115.90	2.0318	20.347	0.049146	-0.98680	-0.88695	104.83	27.387	94.647	388.48	0.79151	45.745	0.068877	0.0012765	3.3132	0.30182	1.6525	2.2658	132.03	28.141	82.574	177.02	13.130	9.6141	0.017248
116.00	2.0431	20.310	0.049237	-0.97843	-0.87783	104.90	27.400	95.145	386.79	0.80299	45.563	0.068672	0.0012603	3.3374	0.29964	1.6500	2.2621	131.97	28.193	83.294	176.93	13.096	9.6354	0.017331
116.11	2.0545	20.272	0.049328	-0.97003	-0.86869	104.97	27.413	95.654	385.10	0.81463	45.381	0.068468	0.0012442	3.3617	0.29747	1.6473	2.2585	131.91	28.246	84.030	176.83	13.062	9.6569	0.017416
116.21	2.0659	20.234	0.049421	-0.96161	-0.85951	105.05	27.427	96.173	383.40	0.82643	45.199	0.068263	0.0012280	3.3863	0.29531	1.6447	2.2548	131.85	28.300	84.782	176.74	13.028	9.6786	0.017501
116.32	2.0774	20.196	0.049514	-0.95316	-0.85030	105.12	27.441	96.702	381.69	0.83841	45.016	0.068058	0.0012119	3.4111	0.29316	1.6420	2.2510	131.78	28.354	85.550	176.65	12.994	9.7004	0.017588
116.42	2.0889	20.158	0.049608	-0.94468	-0.84105	105.20	27.456	97.243	379.98	0.85055	44.834	0.067854	0.0011959	3.4361	0.29102	1.6393	2.2472	131.72	28.409	86.336	176.55	12.960	9.7224	0.017676
116.53	2.1005	20.120	0.049703	-0.93617	-0.83177	105.27	27.471	97.794	378.26	0.86287	44.651	0.067649	0.0011799	3.4614	0.28890	1.6365	2.2433	131.66	28.464	87.139	176.46	12.925	9.7446	0.017766
116.63	2.1121	20.081	0.049799	-0.92764	-0.82246	105.35	27.487	98.358	376.54	0.87537	44.468	0.067445	0.0011639	3.4869	0.28679	1.6337	2.2394	131.60	28.520	87.961	176.36	12.891	9.7670	0.017857
116.74	2.1238	20.042	0.049896	-0.91908	-0.81311	105.42	27.503	98.934	374.81	0.88805	44.285	0.067241	0.0011480	3.5127	0.28468	1.6308	2.2354	131.54	28.577	88.802	176.26	12.856	9.7897	0.017949
116.84	2.1355	20.003	0.049994	-0.91048	-0.80372	105.50	27.519	99.523	373.07	0.90092	44.102	0.067037	0.0011322	3.5387	0.28259	1.6279	2.2314	131.47	28.635	89.662	176.16	12.820	9.8125	0.018042
116.95	2.1472	19.963	0.050092	-0.90186	-0.79430	105.57	27.536	100.12	371.33	0.91398	43.919	0.066833	0.0011163	3.5650	0.28051	1.6250	2.2273	131.41	28.693	90.543	176.06	12.785	9.8355	0.018137
117.05	2.1590	19.923	0.050192	-0.89321	-0.78484	105.65	27.553	100.74	369.58	0.92723	43.735	0.066629	0.0011005	3.5915	0.27844	1.6220	2.2231	131.35	28.752	91.444	175.96	12.749	9.8588	0.018233
117.16	2.1709	19.883	0.050293	-0.88452	-0.77534	105.72	27.571	101.37	367.83	0.94069	43.551	0.066425	0.0010848	3.6183	0.27638	1.6189	2.2189	131.28	28.812	92.367	175.86	12.714	9.8822	0.018330
117.26	2.1828	19.843	0.050395	-0.87581	-0.76580	105.80	27.589	102.01	366.07	0.95435	43.367	0.066222	0.0010691	3.6453	0.27432	1.6158	2.2146	131.22	28.872	93.313	175.76	12.678	9.9059	0.018429
117.37	2.1947	19.803	0.050498	-0.86706	-0.75623	105.88	27.608	102.67	364.30	0.96822	43.183	0.066018	0.0010535	3.6726	0.27228	1.6127	2.2103	131.15	28.934	94.282	175.65	12.641	9.9298	0.018530
117.47	2.2067	19.762	0.050603	-0.85828	-0.74661	105.95	27.628	103.34	362.53	0.98231	42.998	0.065815	0.0010379	3.7002	0.27025	1.6095	2.2059	131.09	28.996	95.275	175.55	12.605	9.9540	0.018632
117.58	2.2188	19.721	0.050708	-0.84946	-0.73695	106.03	27.648	104.03	360.74	0.99661	42.813	0.065612	0.0010223	3.7281	0.26823	1.6063	2.2014	131.02	29.058	96.293	175.44	12.568	9.9784	0.018736
117.68	2.2309	19.679	0.050815	-0.84061	-0.72725	106.11	27.668	104.74	358.96	1.0111	42.628	0.065409	0.0010068	3.7563	0.26622	1.6030	2.1969	130.96	29.122	97.337	175.33	12.531	10.003	0.018842
117.79	2.2430	19.638	0.050922	-0.83173	-0.71751	106.19	27.689	105.46	357.16	1.0259	42.442	0.065206	0.00099133	3.7848	0.26422	1.5997	2.1923	130.89	29.187	98.408	175.22	12.494	10.028	0.018949
117.89	2.2552	19.596	0.051031	-0.82281	-0.70772	106.26	27.711	106.20	355.36	1.0409	42.256	0.065004	0.00097591	3.8135	0.26222	1.5963	2.1877	130.82	29.252	99.507	175.11	12.457	10.053	0.019058
118.00	2.2675	19.554	0.051141	-0.81385	-0.69789	106.34	27.733	106.96	353.55	1.0562	42.070	0.064802	0.00096054	3.8426	0.26024	1.5929	2.1829	130.76	29.318	100.64	175.00	12.419	10.078	0.019169
118.10	2.2797	19.511	0.051253	-0.80486	-0.68802	106.42	27.756	107.74	351.73	1.0717	41.883	0.064600	0.00094522	3.8720	0.25826	1.5894	2.1781	130.69	29.385	101.79	174.89	12.381	10.104	0.019281
118.21	2.2921	19.468	0.051365	-0.79583	-0.67810	106.50	27.780	108.54	349.90	1.0874	41.696	0.064398	0.00092995	3.9017	0.25630	1.5858	2.1733	130.62	29.453	102.98	174.78	12.343	10.130	0.019396
118.31	2.3045	19.425	0.051480	-0.78676	-0.66813	106.58	27.804	109.36	348.07	1.1034	41.509	0.064196	0.00091473	3.9317	0.25434	1.5822	2.1683	130.55	29.522	104.21	174.66	12.304	10.156	0.019512
118.42	2.3169	19.382	0.051595	-0.77765	-0.65811	106.66	27.829	110.20	346.23	1.1197	41.321	0.063995	0.00089956	3.9621	0.25239	1.5786	2.1633	130.48	29.592	105.46	174.54	12.266	10.183	0.019631
118.52	2.3294	19.338	0.051712	-0.76850	-0.64805	106.74	27.855	111.07	344.38	1.1363	41.132	0.063794	0.00088444	3.9928	0.25045	1.5748	2.1583	130.41	29.662	106.75	174.43	12.227	10.210	0.019752
118.63	2.3420	19.294	0.051830	-0.75931	-0.63793	106.82	27.881	111.96	342.52	1.1531	40.944	0.063593	0.00086937	4.0238	0.24852	1.5711	2.1531	130.34	29.734	108.08	174.31	12.187	10.237	0.019874
118.73	2.3546	19.249	0.051950	-0.75008	-0.62776	106.90	27.908	112.87	340.65	1.1703	40.754	0.063392	0.00085435	4.0552	0.24659	1.5672	2.1479	130.27	29.807	109.45	174.19	12.148	10.264	0.019999
118.84	2.3672	19.205	0.052071	-0.74081	-0.61755	106.98	27.936	113.81	338.77	1.1877	40.565	0.063192	0.00083938	4.0870	0.24468	1.5633	2.1425	130.20	29.880	110.86	174.06	12.108	10.292	0.020127
118.94	2.3799	19.159	0.052194	-0.73149	-0.60727	107.06	27.965	114.77	336.89	1.2055	40.374	0.062992	0.00082447	4.1191	0.24277	1.5594	2.1371	130.13	29.955	112.31	173.94	12.067	10.320	0.020257
119.05	2.3926	19.114	0.052318	-0.72213	-0.59695	107.14	27.995	115.76	334.99	1.2235	40.183	0.062793	0.00080960	4.1517	0.24087	1.5553	2.1317	130.06	30.031	113.80	173.82	12.027	10.348	0.020389
119.15	2.4054	19.068	0.052444	-0.71272	-0.58656	107.22	28.025	116.79	333.09	1.2420	39.992	0.062594	0.00079480	4.1845	0.23897	1.5513	2.1261	129.99	30.108	115.34	173.69	11.986	10.377	0.020524
119.26	2.4183	19.022	0.052572	-0.70326	-0.57613	107.30	28.057	117.84	331.17	1.2607	39.800	0.062395	0.00078004	4.2178	0.23709	1.5471	2.1204	129.91	30.186	116.93	173.56	11.945	10.406	0.020661
119.36	2.4312	18.975	0.052701	-0.69375	-0.56563	107.38	28.089	118.92	329.25	1.2798	39.608	0.062197	0.00076534	4.2515	0.23521	1.5429	2.1147	129.84	30.265	118.56	173.43	11.903	10.436	0.020801
119.47	2.4441	18.928	0.052833	-0.68420	-0.55507	107.47	28.123	120.04	327.31	1.2992	39.415	0.061999	0.00075070	4.2857	0.23334	1.5386	2.1089	129.76	30.346	120.25	173.30	11.861	10.466	0.020944
119.57	2.4571	18.880	0.052966	-0.67460	-0.54445	107.55	28.157	121.19	325.36	1.3190	39.221	0.061802	0.00073611	4.3202	0.23147	1.5342	2.1029	129.69	30.428	122.00	173.17	11.819	10.496	0.021090
119.68	2.4702	18.832	0.053101	-0.66494	-0.53377	107.63	28.193	122.38	323.41	1.3392	39.026	0.061605	0.00072158	4.3552	0.22961	1.5297	2.0969	129.61	30.511	123.80	173.03	11.776	10.527	0.021239
119.78	2.4833	18.784	0.053237	-0.65523	-0.52302	107.72	28.230	123.61	321.44	1.3598	38.831	0.061409	0.00070711	4.3906	0.22776	1.5252	2.0908	129.54	30.595	125.67	172.90	11.733	10.558	0.021390
119.89	2.4965	18.735	0.053376	-0.64546	-0.51221	107.80	28.268	124.87	319.46	1.3808	38.635	0.061214	0.00069270	4.4265	0.22591	1.5206	2.0846	129.46	30.680	127.60	172.76	11.690	10.589	0.021546
119.99	2.5097	18.686	0.053517	-0.63564	-0.50133	107.89	28.307	126.18	317.46	1.4022	38.439	0.061019	0.00067834	4.4628	0.22407	1.5159	2.0783	129.38	30.768	129.59	172.62	11.646	10.621	0.021704
120.10	2.5230	18.636	0.053660	-0.62576	-0.49038	107.97	28.347	127.54	315.46	1.4241	38.241	0.060825	0.00066405	4.4997	0.22224	1.5111	2.0718	129.31	30.856	131.66	172.48	11.602	10.654	0.021866
120.20	2.5363	18.586	0.053805	-0.61583	-0.47936	108.06	28.389	128.94	313.44	1.4464	38.043	0.060632	0.00064981	4.5370	0.22041	1.5063	2.0653	129.23	30.946	133.80	172.33	11.557	10.687	0.022032
120.31	2.5497	18.535	0.053953	-0.60583	-0.46827	108.14	28.432	130.39	311.41	1.4691	37.844	0.060439	0.00063564	4.5749	0.21858	1.5013	2.0587	129.15	31.037	136.02	172.19	11.512	10.720	0.022201
120.41	2.5631	18.484	0.054102	-0.59576	-0.45710	108.23	28.477	131.89	309.37	1.4924	37.644	0.060247	0.00062152	4.6133	0.21677	1.4963	2.0519	129.07	31.131	138.32	172.04	11.466	10.754	0.022375
120.52	2.5766	18.432	0.054254	-0.58564	-0.44585	108.32	28.523	133.45	307.31	1.5161	37.443	0.060057	0.00060748	4.6522	0.21495	1.4912	2.0450	128.99	31.225	140.71	171.89	11.420	10.788	0.022552
120.62	2.5901	18.379	0.054409	-0.57545	-0.43452	108.41	28.570	135.07	305.24	1.5403	37.241	0.059867	0.00059349	4.6917	0.21314	1.4860	2.0380	128.90	31.322	143.19	171.74	11.374	10.823	0.022734
120.73	2.6037	18.326	0.054566	-0.56518	-0.42311	108.49	28.620	136.75	303.15	1.5651	37.038	0.059678	0.00057957	4.7317	0.21134	1.4807	2.0309	128.82	31.420	145.78	171.58	11.327	10.859	0.022920
120.83	2.6174	18.273	0.054726	-0.55485	-0.41161	108.58	28.671	138.50	301.05	1.5904	36.835	0.059491	0.00056572	4.7724	0.20954	1.4752	2.0237	128.74	31.520	148.46	171.43	11.279	10.895	0.023111
120.94	2.6311	18.219	0.054888	-0.54445	-0.40003	108.67	28.724	140.31	298.93	1.6163	36.630	0.059304	0.00055193	4.8136	0.20774	1.4697	2.0163	128.65	31.623	151.26	171.27	11.231	10.931	0.023307
121.04	2.6448	18.164	0.055054	-0.53397	-0.38836	108.76	28.778	142.20	296.80	1.6428	36.424	0.059119	0.00053821	4.8555	0.20595	1.4641	2.0088	128.57	31.727	154.17	171.11	11.182	10.969	0.023508
121.15	2.6587	18.109	0.055222	-0.52341	-0.37659	108.85	28.835	144.16	294.65	1.6699	36.217	0.058936	0.00052456	4.8980	0.20416	1.4584	2.0012	128.48	31.833	157.21	170.94	11.133	11.006	0.023714
121.25	2.6725	18.053	0.055394	-0.51277	-0.36473	108.95	28.894	146.22	292.48	1.6976	36.008	0.058754	0.00051098	4.9412	0.20238	1.4525	1.9934	128.39	31.941	160.38	170.77	11.084	11.045	0.023926
121.36	2.6865	17.996	0.055568	-0.50205	-0.35277	109.04	28.955	148.35	290.29	1.7260	35.799	0.058573	0.00049747	4.9851	0.20060	1.4466	1.9854	128.30	32.052	163.70	170.60	11.033	11.084	0.024143
121.46	2.7004	17.938	0.055746	-0.49124	-0.34070	109.13	29.018	150.59	288.09	1.7550	35.588	0.058395	0.00048403	5.0298	0.19882	1.4405	1.9774	128.21	32.165	167.16	170.43	10.982	11.124	0.024367
121.57	2.7145	17.880	0.055928	-0.48034	-0.32853	109.22	29.084	152.93	285.87	1.7848	35.375	0.058218	0.00047066	5.0751	0.19704	1.4343	1.9691	128.12	32.281	170.79	170.25	10.931	11.165	0.024597
121.67	2.7286	17.821	0.056113	-0.46935	-0.31625	109.32	29.153	155.37	283.63	1.8154	35.162	0.058044	0.00045737	5.1213	0.19526	1.4279	1.9607	128.03	32.399	174.59	170.07	10.878	11.206	0.024834
121.78	2.7428	17.762	0.056301	-0.45827	-0.30385	109.41	29.224	157.94	281.37	1.8467	34.946	0.057872	0.00044416	5.1682	0.19349	1.4214	1.9521	127.94	32.520	178.58	169.89	10.825	11.249	0.025078
121.88	2.7570	17.701	0.056494	-0.44708	-0.29133	109.51	29.298	160.63	279.08	1.8788	34.730	0.057702	0.00043102	5.2160	0.19172	1.4148	1.9434	127.84	32.644	182.77	169.71	10.772	11.292	0.025329
121.99	2.7712	17.640	0.056691	-0.43579	-0.27869	109.61	29.375	163.45	276.78	1.9118	34.511	0.057535	0.00041796	5.2646	0.18995	1.4080	1.9344	127.75	32.771	187.17	169.51	10.717	11.336	0.025589
122.09	2.7856	17.577	0.056891	-0.42440	-0.26592	109.71	29.456	166.42	274.45	1.9457	34.291	0.057371	0.00040498	5.3141	0.18818	1.4011	1.9253	127.65	32.901	191.81	169.32	10.662	11.380	0.025857
122.20	2.8000	17.514	0.057097	-0.41289	-0.25302	109.80	29.539	169.55	272.10	1.9805	34.069	0.057210	0.00039208	5.3646	0.18641	1.3941	1.9160	127.55	33.034	196.70	169.12	10.606	11.426	0.026134
122.30	2.8144	17.450	0.057307	-0.40126	-0.23998	109.90	29.627	172.85	269.73	2.0162	33.846	0.057052	0.00037927	5.4160	0.18464	1.3868	1.9065	127.45	33.171	201.86	168.92	10.549	11.473	0.026420
122.41	2.8289	17.385	0.057522	-0.38951	-0.22679	110.00	29.718	176.34	267.33	2.0530	33.620	0.056898	0.00036654	5.4685	0.18287	1.3794	1.8967	127.35	33.312	207.32	168.71	10.491	11.521	0.026717
122.51	2.8435	17.318	0.057742	-0.37764	-0.21345	110.11	29.814	180.03	264.90	2.0908	33.392	0.056748	0.00035390	5.5220	0.18109	1.3718	1.8868	127.25	33.457	213.10	168.50	10.432	11.570	0.027024
122.62	2.8581	17.251	0.057968	-0.36563	-0.19995	110.21	29.914	183.94	262.45	2.1298	33.162	0.056603	0.00034134	5.5766	0.17932	1.3641	1.8766	127.14	33.606	219.23	168.28	10.373	11.620	0.027342
122.72	2.8728	17.182	0.058199	-0.35348	-0.18628	110.31	30.018	188.09	259.96	2.1699	32.930	0.056463	0.00032888	5.6324	0.17754	1.3561	1.8662	127.04	33.759	225.74	168.05	10.312	11.672	0.027673
122.83	2.8876	17.113	0.058436	-0.34118	-0.17244	110.42	30.128	192.50	257.45	2.2113	32.696	0.056327	0.00031651	5.6895	0.17576	1.3479	1.8555	126.93	33.917	232.67	167.82	10.250	11.724	0.028017
122.93	2.9024	17.042	0.058680	-0.32873	-0.15841	110.53	30.243	197.21	254.91	2.2540	32.459	0.056198	0.00030423	5.7478	0.17398	1.3396	1.8445	126.82	34.081	240.07	167.58	10.188	11.779	0.028374
123.04	2.9173	16.969	0.058930	-0.31611	-0.14419	110.64	30.363	202.23	252.33	2.2980	32.219	0.056075	0.00029205	5.8074	0.17219	1.3310	1.8333	126.71	34.249	247.97	167.34	10.124	11.834	0.028747
123.15	2.9322	16.895	0.059187	-0.30332	-0.12977	110.75	30.490	207.61	249.72	2.3435	31.976	0.055958	0.00027997	5.8685	0.17040	1.3221	1.8218	126.59	34.424	256.43	167.09	10.059	11.891	0.029136
123.25	2.9472	16.820	0.059453	-0.29035	-0.11513	110.86	30.624	213.38	247.08	2.3905	31.731	0.055849	0.00026799	5.9310	0.16860	1.3130	1.8099	126.48	34.605	265.52	166.83	9.9922	11.950	0.029543
123.36	2.9623	16.743	0.059726	-0.27719	-0.10027	110.97	30.764	219.59	244.40	2.4392	31.482	0.055749	0.00025612	5.9952	0.16680	1.3037	1.7978	126.36	34.792	275.30	166.56	9.9244	12.010	0.029968
123.46	2.9774	16.665	0.060007	-0.26382	-0.085158	111.09	30.913	226.30	241.68	2.4896	31.230	0.055658	0.00024436	6.0610	0.16499	1.2940	1.7853	126.24	34.987	285.86	166.28	9.8553	12.072	0.030414
123.57	2.9926	16.584	0.060298	-0.25024	-0.069792	111.20	31.070	233.55	238.91	2.5418	30.974	0.055576	0.00023270	6.1286	0.16317	1.2841	1.7724	126.11	35.189	297.29	165.99	9.7846	12.137	0.030883
123.67	3.0079	16.502	0.060599	-0.23643	-0.054154	111.32	31.236	241.43	236.11	2.5960	30.715	0.055506	0.00022116	6.1982	0.16134	1.2739	1.7592	125.98	35.400	309.70	165.69	9.7124	12.203	0.031376
123.78	3.0232	16.417	0.060911	-0.22237	-0.038222	111.44	31.412	250.01	233.26	2.6523	30.451	0.055448	0.00020974	6.2697	0.15950	1.2633	1.7455	125.85	35.620	323.23	165.38	9.6385	12.271	0.031897
123.88	3.0386	16.331	0.061234	-0.20804	-0.021978	111.57	31.599	259.39	230.36	2.7108	30.184	0.055404	0.00019844	6.3434	0.15764	1.2524	1.7314	125.72	35.850	338.02	165.06	9.5628	12.342	0.032447
123.99	3.0540	16.242	0.061569	-0.19343	-0.0053981	111.69	31.798	269.70	227.41	2.7717	29.911	0.055375	0.00018726	6.4195	0.15578	1.2410	1.7168	125.58	36.091	354.27	164.72	9.4853	12.416	0.033030
124.09	3.0696	16.150	0.061918	-0.17852	0.011545	111.82	32.010	281.08	224.41	2.8351	29.633	0.055363	0.00017622	6.4981	0.15389	1.2293	1.7017	125.44	36.344	372.19	164.36	9.4057	12.493	0.033650
124.20	3.0852	16.056	0.062281	-0.16327	0.028880	111.95	32.237	293.70	221.34	2.9014	29.350	0.055370	0.00016531	6.5793	0.15199	1.2171	1.6860	125.30	36.609	392.06	163.99	9.3239	12.572	0.034311
124.30	3.1008	15.959	0.062660	-0.14766	0.046641	112.09	32.479	307.78	218.22	2.9706	29.061	0.055398	0.00015454	6.6636	0.15007	1.2045	1.6698	125.15	36.890	414.21	163.60	9.2397	12.655	0.035018
124.41	3.1166	15.859	0.063058	-0.13166	0.064867	112.23	32.740	323.58	215.03	3.0431	28.766	0.055451	0.00014391	6.7510	0.14813	1.1913	1.6529	124.99	37.186	439.04	163.18	9.1531	12.742	0.035778
124.51	3.1324	15.754	0.063474	-0.11522	0.083604	112.37	33.021	341.44	211.77	3.1191	28.463	0.055531	0.00013344	6.8420	0.14616	1.1775	1.6353	124.83	37.501	467.08	162.74	9.0637	12.833	0.036598
124.62	3.1482	15.646	0.063913	-0.098308	0.10290	112.52	33.324	361.78	208.43	3.1990	28.152	0.055644	0.00012313	6.9369	0.14416	1.1631	1.6170	124.67	37.835	498.97	162.27	8.9713	12.928	0.037486
124.72	3.1642	15.534	0.064375	-0.080867	0.12283	112.67	33.653	385.17	205.01	3.2831	27.833	0.055794	0.00011299	7.0360	0.14213	1.1480	1.5977	124.49	38.193	535.57	161.77	8.8756	13.029	0.038455
124.83	3.1802	15.417	0.064865	-0.062833	0.14345	112.83	34.011	412.32	201.51	3.3720	27.504	0.055989	0.00010302	7.1400	0.14006	1.1321	1.5775	124.31	38.576	577.97	161.24	8.7764	13.135	0.039519
124.93	3.1963	15.294	0.065387	-0.044131	0.16486	112.99	34.403	444.22	197.90	3.4660	27.165	0.056237	9.3245e-05	7.2495	0.13794	1.1154	1.5563	124.13	38.989	627.67	160.66	8.6731	13.248	0.040694
125.04	3.2125	15.164	0.065944	-0.024667	0.18717	113.16	34.834	482.22	194.18	3.5659	26.812	0.056551	8.3665e-05	7.3651	0.13578	1.0976	1.5338	123.93	39.437	686.69	160.03	8.5653	13.368	0.042004
125.14	3.2287	15.028	0.066543	-0.0043257	0.21052	113.34	35.310	528.24	190.35	3.6724	26.446	0.056946	7.4296e-05	7.4878	0.13355	1.0787	1.5099	123.72	39.925	757.89	159.35	8.4524	13.498	0.043481
125.25	3.2450	14.883	0.067191	0.017042	0.23508	113.52	35.841	585.07	186.38	3.7864	26.063	0.057446	6.5156e-05	7.6188	0.13125	1.0584	1.4844	123.50	40.460	845.44	158.60	8.3338	13.637	0.045166
125.35	3.2614	14.728	0.067898	0.039629	0.26107	113.72	36.437	656.96	182.25	3.9090	25.661	0.058083	5.6262e-05	7.7597	0.12887	1.0366	1.4569	123.26	41.053	955.59	157.76	8.2084	13.789	0.047117
125.46	3.2779	14.561	0.068678	0.063698	0.28882	113.93	37.114	750.72	177.96	4.0417	25.235	0.058909	4.7639e-05	7.9125	0.12638	1.0129	1.4271	123.01	41.715	1098.3	156.82	8.0750	13.956	0.049424
125.56	3.2945	14.378	0.069549	0.089616	0.31874	114.16	37.893	877.86	173.45	4.1866	24.780	0.060005	3.9314e-05	8.0803	0.12376	0.98673	1.3944	122.73	42.465	1290.2	155.75	7.9319	14.142	0.052218
125.67	3.3111	14.176	0.070541	0.11793	0.35149	114.42	38.804	1059.6	168.70	4.3463	24.287	0.061512	3.1324e-05	8.2672	0.12096	0.95754	1.3580	122.43	43.327	1561.6	154.52	7.7767	14.353	0.055723
125.77	3.3278	13.947	0.071698	0.14949	0.38809	114.70	39.895	1339.4	163.63	4.5249	23.744	0.063694	2.3721e-05	8.4804	0.11792	0.92422	1.3166	122.08	44.340	1974.1	153.05	7.6058	14.598	0.060339
125.88	3.3447	13.680	0.073100	0.18584	0.43033	115.02	41.248	1822.6	158.16	4.7290	23.128	0.067127	1.6575e-05	8.7317	0.11453	0.88488	1.2679	121.68	45.566	2673.3	151.24	7.4127	14.895	0.066896
125.98	3.3616	13.348	0.074916	0.23012	0.48196	115.42	43.024	2839.5	152.10	4.9711	22.393	0.073366	1.0001e-05	9.0462	0.11054	0.83568	1.2073	121.18	47.124	4107.2	148.88	7.1849	15.277	0.077527
126.09	3.3786	12.881	0.077632	0.29135	0.55364	115.98	45.651	6177.6	145.02	5.2832	21.409	0.088995	4.2166e-06	9.4948	0.10532	0.76583	1.1217	120.49	49.299	8615.3	145.40	6.8892	15.847	0.10069
126.19	3.3958	11.184	0.089414	0.51527	0.81891	118.07	undefined	undefined	undefined	6.0831	18.304	undefined	undefined	11.184	0.089414	0.51527	0.81891	118.07	undefined	undefined	undefined	6.0831	18.304	undefined
