Temperature (K)	Pressure (MPa)	Density (l, mol/l)	Volume (l, l/mol)	Internal Energy (l, kJ/mol)	Enthalpy (l, kJ/mol)	Entropy (l, J/mol*K)	Cv (l, J/mol*K)	Cp (l, J/mol*K)	Sound Spd. (l, m/s)	Joule-Thomson (l, K/MPa)	Viscosity (l, uPa*s)	Therm. Cond. (l, W/m*K)	Surf. Tension (l, N/m)	Density (v, mol/l)	Volume (v, l/mol)	Internal Energy (v, kJ/mol)	Enthalpy (v, kJ/mol)	Entropy (v, J/mol*K)	Cv (v, J/mol*K)	Cp (v, J/mol*K)	Sound Spd. (v, m/s)	Joule-Thomson (v, K/MPa)	Viscosity (v, uPa*s)	Therm. Cond. (v, W/m*K)
54.361	0.00014628	40.816	0.024500	-6.1954	-6.1954	66.946	38.252	53.541	1123.4	-0.37992	773.62	0.20193	0.022601	0.00032370	3089.2	1.1195	1.5714	209.82	21.241	29.631	140.32	507.90	4.0962	0.0044204
54.528	0.00015418	40.795	0.024513	-6.1865	-6.1865	67.110	38.086	53.525	1124.4	-0.37966	766.70	0.20170	0.022555	0.00034016	2939.8	1.1229	1.5762	209.47	21.255	29.648	140.53	500.69	4.1098	0.0044371
54.695	0.00016246	40.774	0.024526	-6.1776	-6.1776	67.274	37.927	53.510	1125.3	-0.37938	759.84	0.20147	0.022509	0.00035733	2798.6	1.1264	1.5810	209.13	21.270	29.665	140.74	493.46	4.1233	0.0044538
54.862	0.00017112	40.752	0.024539	-6.1686	-6.1686	67.437	37.773	53.498	1126.2	-0.37910	753.07	0.20123	0.022462	0.00037523	2665.0	1.1298	1.5859	208.78	21.285	29.683	140.94	486.23	4.1369	0.0044704
55.029	0.00018018	40.731	0.024552	-6.1597	-6.1597	67.600	37.625	53.488	1127.0	-0.37881	746.36	0.20100	0.022416	0.00039391	2538.6	1.1333	1.5907	208.44	21.300	29.701	141.15	479.00	4.1504	0.0044871
55.196	0.00018966	40.709	0.024565	-6.1508	-6.1508	67.762	37.482	53.479	1127.7	-0.37852	739.73	0.20076	0.022370	0.00041338	2419.1	1.1367	1.5955	208.10	21.315	29.719	141.35	471.77	4.1640	0.0045037
55.363	0.00019957	40.687	0.024578	-6.1418	-6.1418	67.923	37.344	53.472	1128.4	-0.37822	733.18	0.20053	0.022324	0.00043367	2305.9	1.1402	1.6003	207.77	21.330	29.737	141.55	464.56	4.1775	0.0045204
55.530	0.00020993	40.666	0.024591	-6.1329	-6.1329	68.084	37.211	53.466	1129.0	-0.37792	726.70	0.20029	0.022278	0.00045481	2198.7	1.1436	1.6052	207.43	21.346	29.756	141.76	457.37	4.1911	0.0045371
55.697	0.00022075	40.644	0.024604	-6.1240	-6.1240	68.245	37.082	53.461	1129.6	-0.37762	720.29	0.20006	0.022232	0.00047683	2097.2	1.1470	1.6100	207.10	21.362	29.775	141.96	450.20	4.2046	0.0045537
55.864	0.00023205	40.622	0.024617	-6.1150	-6.1150	68.405	36.958	53.458	1130.1	-0.37732	713.95	0.19982	0.022186	0.00049975	2001.0	1.1505	1.6148	206.77	21.378	29.794	142.16	443.07	4.2181	0.0045704
56.031	0.00024385	40.600	0.024631	-6.1061	-6.1061	68.565	36.837	53.456	1130.5	-0.37701	707.68	0.19958	0.022140	0.00052361	1909.8	1.1539	1.6196	206.45	21.394	29.813	142.36	435.96	4.2317	0.0045871
56.198	0.00025618	40.578	0.024644	-6.0972	-6.0972	68.724	36.721	53.454	1130.9	-0.37671	701.48	0.19935	0.022094	0.00054844	1823.3	1.1574	1.6245	206.12	21.410	29.833	142.57	428.89	4.2452	0.0046038
56.365	0.00026903	40.556	0.024657	-6.0883	-6.0882	68.882	36.608	53.454	1131.2	-0.37640	695.35	0.19911	0.022048	0.00057427	1741.3	1.1608	1.6293	205.80	21.427	29.852	142.77	421.86	4.2588	0.0046204
56.532	0.00028245	40.534	0.024671	-6.0793	-6.0793	69.041	36.499	53.454	1131.5	-0.37610	689.30	0.19888	0.022002	0.00060114	1663.5	1.1643	1.6341	205.48	21.443	29.872	142.97	414.88	4.2723	0.0046371
56.699	0.00029644	40.511	0.024684	-6.0704	-6.0704	69.198	36.394	53.455	1131.7	-0.37579	683.31	0.19864	0.021956	0.00062907	1589.7	1.1677	1.6389	205.17	21.460	29.893	143.17	407.95	4.2858	0.0046538
56.867	0.00031103	40.489	0.024698	-6.0615	-6.0615	69.356	36.292	53.457	1131.9	-0.37549	677.39	0.19840	0.021911	0.00065810	1519.5	1.1711	1.6437	204.85	21.477	29.913	143.37	401.07	4.2993	0.0046705
57.034	0.00032624	40.467	0.024712	-6.0525	-6.0525	69.512	36.193	53.459	1132.0	-0.37519	671.53	0.19817	0.021865	0.00068827	1452.9	1.1746	1.6486	204.54	21.495	29.934	143.57	394.24	4.3129	0.0046872
57.201	0.00034209	40.444	0.024725	-6.0436	-6.0436	69.669	36.097	53.462	1132.1	-0.37488	665.75	0.19793	0.021819	0.00071960	1389.7	1.1780	1.6534	204.23	21.512	29.955	143.76	387.48	4.3264	0.0047039
57.368	0.00035859	40.422	0.024739	-6.0347	-6.0347	69.825	36.003	53.466	1132.1	-0.37458	660.03	0.19770	0.021773	0.00075215	1329.5	1.1814	1.6582	203.92	21.529	29.975	143.96	380.77	4.3399	0.0047206
57.535	0.00037579	40.400	0.024753	-6.0257	-6.0257	69.980	35.913	53.469	1132.1	-0.37428	654.37	0.19746	0.021727	0.00078594	1272.4	1.1849	1.6630	203.62	21.547	29.997	144.16	374.13	4.3535	0.0047373
57.702	0.00039369	40.377	0.024766	-6.0168	-6.0168	70.135	35.825	53.474	1132.0	-0.37398	648.78	0.19722	0.021681	0.00082101	1218.0	1.1883	1.6678	203.31	21.565	30.018	144.36	367.55	4.3670	0.0047540
57.869	0.00041232	40.355	0.024780	-6.0079	-6.0079	70.290	35.740	53.478	1131.9	-0.37369	643.25	0.19699	0.021636	0.00085741	1166.3	1.1917	1.6726	203.01	21.582	30.039	144.56	361.04	4.3805	0.0047707
58.036	0.00043172	40.332	0.024794	-5.9989	-5.9989	70.444	35.657	53.483	1131.8	-0.37339	637.79	0.19675	0.021590	0.00089517	1117.1	1.1952	1.6774	202.71	21.600	30.061	144.75	354.60	4.3940	0.0047874
58.203	0.00045189	40.309	0.024808	-5.9900	-5.9900	70.597	35.577	53.488	1131.6	-0.37310	632.39	0.19651	0.021544	0.00093432	1070.3	1.1986	1.6823	202.42	21.618	30.083	144.95	348.23	4.4075	0.0048041
58.370	0.00047287	40.287	0.024822	-5.9811	-5.9811	70.751	35.499	53.493	1131.4	-0.37281	627.05	0.19627	0.021498	0.00097493	1025.7	1.2020	1.6871	202.12	21.636	30.104	145.14	341.94	4.4210	0.0048208
58.537	0.00049469	40.264	0.024836	-5.9721	-5.9721	70.904	35.423	53.498	1131.1	-0.37252	621.78	0.19604	0.021453	0.0010170	983.27	1.2055	1.6919	201.83	21.655	30.126	145.34	335.72	4.4345	0.0048375
58.704	0.00051736	40.241	0.024850	-5.9632	-5.9632	71.056	35.348	53.503	1130.8	-0.37224	616.56	0.19580	0.021407	0.0010606	942.83	1.2089	1.6967	201.54	21.673	30.148	145.53	329.58	4.4481	0.0048542
58.871	0.00054093	40.219	0.024864	-5.9543	-5.9543	71.208	35.276	53.509	1130.5	-0.37195	611.40	0.19556	0.021361	0.0011058	904.30	1.2123	1.7015	201.25	21.691	30.170	145.73	323.51	4.4616	0.0048709
59.038	0.00056541	40.196	0.024878	-5.9453	-5.9453	71.360	35.206	53.515	1130.1	-0.37167	606.31	0.19533	0.021316	0.0011526	867.57	1.2158	1.7063	200.96	21.709	30.192	145.92	317.53	4.4751	0.0048876
59.205	0.00059085	40.173	0.024892	-5.9364	-5.9364	71.511	35.138	53.520	1129.7	-0.37139	601.27	0.19509	0.021270	0.0012011	832.56	1.2192	1.7111	200.68	21.728	30.214	146.12	311.62	4.4886	0.0049044
59.372	0.00061726	40.150	0.024906	-5.9275	-5.9274	71.662	35.071	53.526	1129.3	-0.37112	596.29	0.19485	0.021224	0.0012513	799.17	1.2226	1.7159	200.40	21.746	30.237	146.31	305.79	4.5021	0.0049211
59.539	0.00064467	40.127	0.024921	-5.9185	-5.9185	71.812	35.006	53.532	1128.8	-0.37085	591.37	0.19461	0.021179	0.0013033	767.31	1.2260	1.7207	200.12	21.764	30.259	146.50	300.05	4.5156	0.0049378
59.706	0.00067313	40.104	0.024935	-5.9096	-5.9096	71.962	34.943	53.538	1128.3	-0.37058	586.50	0.19438	0.021133	0.0013570	736.92	1.2295	1.7255	199.84	21.783	30.281	146.70	294.39	4.5291	0.0049545
59.873	0.00070266	40.081	0.024949	-5.9006	-5.9006	72.112	34.881	53.543	1127.8	-0.37031	581.69	0.19414	0.021088	0.0014126	707.91	1.2329	1.7303	199.56	21.801	30.303	146.89	288.80	4.5425	0.0049713
60.040	0.00073329	40.059	0.024963	-5.8917	-5.8917	72.261	34.820	53.549	1127.3	-0.37004	576.93	0.19390	0.021042	0.0014701	680.21	1.2363	1.7351	199.29	21.820	30.326	147.08	283.31	4.5560	0.0049880
60.207	0.00076506	40.036	0.024978	-5.8827	-5.8827	72.410	34.761	53.555	1126.7	-0.36978	572.23	0.19366	0.020997	0.0015296	653.76	1.2397	1.7399	199.02	21.838	30.348	147.27	277.89	4.5695	0.0050047
60.374	0.00079800	40.012	0.024992	-5.8738	-5.8738	72.558	34.703	53.560	1126.1	-0.36952	567.59	0.19343	0.020951	0.0015911	628.49	1.2432	1.7447	198.75	21.856	30.370	147.46	272.56	4.5830	0.0050215
60.541	0.00083214	39.989	0.025007	-5.8648	-5.8648	72.706	34.647	53.566	1125.5	-0.36926	562.99	0.19319	0.020906	0.0016547	604.35	1.2466	1.7495	198.48	21.874	30.392	147.65	267.31	4.5965	0.0050382
60.708	0.00086753	39.966	0.025021	-5.8559	-5.8559	72.854	34.591	53.571	1124.8	-0.36901	558.45	0.19295	0.020860	0.0017203	581.28	1.2500	1.7543	198.21	21.893	30.415	147.84	262.14	4.6100	0.0050550
60.875	0.00090420	39.943	0.025036	-5.8470	-5.8469	73.001	34.537	53.576	1124.1	-0.36875	553.97	0.19271	0.020815	0.0017882	559.22	1.2534	1.7591	197.94	21.911	30.437	148.03	257.06	4.6234	0.0050717
61.042	0.00094219	39.920	0.025050	-5.8380	-5.8380	73.148	34.484	53.582	1123.4	-0.36850	549.53	0.19248	0.020769	0.0018583	538.13	1.2568	1.7639	197.68	21.929	30.459	148.22	252.06	4.6369	0.0050885
61.209	0.00098153	39.897	0.025065	-5.8291	-5.8290	73.294	34.432	53.587	1122.7	-0.36825	545.14	0.19224	0.020724	0.0019306	517.96	1.2603	1.7686	197.42	21.947	30.481	148.41	247.14	4.6504	0.0051052
61.376	0.0010223	39.874	0.025079	-5.8201	-5.8201	73.440	34.382	53.592	1122.0	-0.36801	540.81	0.19200	0.020678	0.0020054	498.66	1.2637	1.7734	197.16	21.964	30.502	148.60	242.31	4.6639	0.0051220
61.543	0.0010644	39.851	0.025094	-5.8112	-5.8111	73.586	34.332	53.597	1121.2	-0.36777	536.52	0.19176	0.020633	0.0020825	480.20	1.2671	1.7782	196.90	21.982	30.524	148.79	237.56	4.6773	0.0051387
61.710	0.0011081	39.827	0.025108	-5.8022	-5.8022	73.731	34.283	53.601	1120.4	-0.36752	532.28	0.19153	0.020588	0.0021621	462.52	1.2705	1.7830	196.65	22.000	30.546	148.98	232.89	4.6908	0.0051555
61.878	0.0011532	39.804	0.025123	-5.7932	-5.7932	73.876	34.235	53.606	1119.6	-0.36728	528.09	0.19129	0.020542	0.0022442	445.60	1.2739	1.7878	196.39	22.017	30.567	149.17	228.30	4.7043	0.0051723
62.045	0.0011999	39.781	0.025138	-5.7843	-5.7843	74.020	34.188	53.610	1118.8	-0.36705	523.95	0.19105	0.020497	0.0023289	429.39	1.2773	1.7926	196.14	22.035	30.589	149.36	223.79	4.7177	0.0051890
62.212	0.0012483	39.758	0.025152	-5.7753	-5.7753	74.164	34.142	53.615	1118.0	-0.36681	519.86	0.19081	0.020452	0.0024162	413.86	1.2808	1.7974	195.89	22.052	30.610	149.55	219.37	4.7312	0.0052058
62.379	0.0012982	39.734	0.025167	-5.7664	-5.7663	74.308	34.096	53.619	1117.1	-0.36658	515.81	0.19058	0.020406	0.0025063	398.99	1.2842	1.8021	195.64	22.069	30.631	149.73	215.02	4.7446	0.0052226
62.546	0.0013499	39.711	0.025182	-5.7574	-5.7574	74.452	34.052	53.623	1116.2	-0.36635	511.81	0.19034	0.020361	0.0025992	384.74	1.2876	1.8069	195.39	22.086	30.652	149.92	210.75	4.7581	0.0052394
62.713	0.0014033	39.688	0.025197	-5.7485	-5.7484	74.595	34.008	53.627	1115.3	-0.36612	507.85	0.19010	0.020316	0.0026949	371.07	1.2910	1.8117	195.15	22.102	30.673	150.11	206.57	4.7715	0.0052561
62.880	0.0014584	39.664	0.025212	-5.7395	-5.7395	74.737	33.965	53.631	1114.4	-0.36589	503.94	0.18986	0.020270	0.0027935	357.97	1.2944	1.8165	194.90	22.119	30.693	150.30	202.46	4.7850	0.0052729
63.047	0.0015154	39.641	0.025226	-5.7306	-5.7305	74.880	33.922	53.635	1113.5	-0.36566	500.07	0.18962	0.020225	0.0028951	345.41	1.2978	1.8213	194.66	22.135	30.713	150.48	198.42	4.7984	0.0052897
63.214	0.0015743	39.618	0.025241	-5.7216	-5.7216	75.021	33.880	53.638	1112.6	-0.36544	496.25	0.18939	0.020180	0.0029998	333.36	1.3012	1.8260	194.42	22.152	30.734	150.67	194.47	4.8119	0.0053065
63.381	0.0016351	39.594	0.025256	-5.7126	-5.7126	75.163	33.839	53.642	1111.6	-0.36522	492.47	0.18915	0.020135	0.0031075	321.80	1.3046	1.8308	194.18	22.167	30.754	150.86	190.58	4.8253	0.0053233
63.548	0.0016979	39.571	0.025271	-5.7037	-5.7036	75.304	33.799	53.645	1110.7	-0.36500	488.73	0.18891	0.020090	0.0032185	310.70	1.3081	1.8356	193.94	22.183	30.773	151.04	186.78	4.8388	0.0053401
63.715	0.0017627	39.547	0.025286	-5.6947	-5.6947	75.445	33.759	53.648	1109.7	-0.36478	485.03	0.18867	0.020045	0.0033328	300.05	1.3115	1.8404	193.71	22.199	30.793	151.23	183.05	4.8522	0.0053569
63.882	0.0018296	39.524	0.025301	-5.6858	-5.6857	75.585	33.719	53.651	1108.7	-0.36456	481.38	0.18844	0.019999	0.0034503	289.83	1.3149	1.8451	193.47	22.214	30.812	151.41	179.39	4.8656	0.0053737
64.049	0.0018986	39.501	0.025316	-5.6768	-5.6767	75.726	33.681	53.654	1107.7	-0.36434	477.76	0.18820	0.019954	0.0035713	280.01	1.3183	1.8499	193.24	22.229	30.831	151.60	175.80	4.8791	0.0053905
64.216	0.0019698	39.477	0.025331	-5.6678	-5.6678	75.865	33.642	53.657	1106.7	-0.36412	474.19	0.18796	0.019909	0.0036958	270.58	1.3217	1.8547	193.01	22.244	30.850	151.78	172.28	4.8925	0.0054073
64.383	0.0020433	39.454	0.025346	-5.6589	-5.6588	76.005	33.605	53.660	1105.6	-0.36391	470.65	0.18772	0.019864	0.0038239	261.51	1.3251	1.8594	192.78	22.258	30.868	151.97	168.84	4.9059	0.0054241
64.550	0.0021190	39.430	0.025361	-5.6499	-5.6499	76.144	33.567	53.662	1104.6	-0.36369	467.16	0.18749	0.019819	0.0039556	252.81	1.3285	1.8642	192.55	22.273	30.886	152.15	165.46	4.9193	0.0054410
64.717	0.0021971	39.407	0.025376	-5.6409	-5.6409	76.282	33.531	53.664	1103.5	-0.36348	463.70	0.18725	0.019774	0.0040910	244.44	1.3319	1.8690	192.32	22.287	30.904	152.34	162.15	4.9327	0.0054578
64.884	0.0022776	39.383	0.025392	-5.6320	-5.6319	76.421	33.494	53.667	1102.5	-0.36327	460.28	0.18701	0.019729	0.0042302	236.39	1.3353	1.8737	192.10	22.300	30.922	152.52	158.91	4.9462	0.0054746
65.051	0.0023606	39.359	0.025407	-5.6230	-5.6230	76.559	33.458	53.669	1101.4	-0.36306	456.91	0.18677	0.019684	0.0043733	228.66	1.3387	1.8785	191.88	22.314	30.939	152.70	155.74	4.9596	0.0054915
65.218	0.0024461	39.336	0.025422	-5.6140	-5.6140	76.696	33.423	53.671	1100.3	-0.36285	453.56	0.18654	0.019639	0.0045204	221.22	1.3421	1.8833	191.65	22.327	30.956	152.89	152.63	4.9730	0.0055083
65.385	0.0025343	39.312	0.025437	-5.6051	-5.6050	76.834	33.388	53.673	1099.2	-0.36264	450.26	0.18630	0.019594	0.0046716	214.06	1.3455	1.8880	191.43	22.340	30.973	153.07	149.59	4.9864	0.0055251
65.552	0.0026250	39.289	0.025453	-5.5961	-5.5961	76.971	33.353	53.675	1098.1	-0.36243	446.99	0.18606	0.019549	0.0048268	207.18	1.3489	1.8928	191.21	22.353	30.989	153.26	146.61	4.9998	0.0055420
65.719	0.0027185	39.265	0.025468	-5.5872	-5.5871	77.107	33.319	53.676	1097.0	-0.36222	443.76	0.18582	0.019504	0.0049863	200.55	1.3523	1.8975	190.99	22.365	31.005	153.44	143.69	5.0132	0.0055588
65.886	0.0028148	39.242	0.025483	-5.5782	-5.5781	77.243	33.285	53.678	1095.9	-0.36201	440.56	0.18558	0.019459	0.0051501	194.17	1.3557	1.9023	190.78	22.377	31.021	153.62	140.84	5.0266	0.0055757
66.053	0.0029139	39.218	0.025499	-5.5692	-5.5692	77.379	33.251	53.680	1094.8	-0.36180	437.39	0.18535	0.019414	0.0053183	188.03	1.3591	1.9071	190.56	22.388	31.036	153.80	138.04	5.0400	0.0055926
66.220	0.0030159	39.194	0.025514	-5.5603	-5.5602	77.515	33.218	53.681	1093.6	-0.36160	434.27	0.18511	0.019370	0.0054909	182.12	1.3625	1.9118	190.35	22.400	31.051	153.99	135.31	5.0534	0.0056094
66.387	0.0031209	39.171	0.025529	-5.5513	-5.5512	77.650	33.185	53.682	1092.5	-0.36139	431.17	0.18487	0.019325	0.0056681	176.42	1.3659	1.9166	190.14	22.411	31.066	154.17	132.63	5.0668	0.0056263
66.554	0.0032290	39.147	0.025545	-5.5423	-5.5422	77.785	33.152	53.684	1091.3	-0.36118	428.11	0.18463	0.019280	0.0058500	170.94	1.3693	1.9213	189.93	22.422	31.080	154.35	130.02	5.0802	0.0056432
66.721	0.0033401	39.123	0.025560	-5.5334	-5.5333	77.919	33.120	53.685	1090.2	-0.36098	425.08	0.18440	0.019235	0.0060367	165.65	1.3727	1.9261	189.72	22.432	31.094	154.53	127.45	5.0935	0.0056600
66.889	0.0034545	39.100	0.025576	-5.5244	-5.5243	78.054	33.088	53.686	1089.0	-0.36077	422.09	0.18416	0.019190	0.0062282	160.56	1.3761	1.9308	189.51	22.442	31.108	154.72	124.95	5.1069	0.0056769
67.056	0.0035721	39.076	0.025591	-5.5154	-5.5153	78.188	33.056	53.687	1087.9	-0.36056	419.13	0.18392	0.019146	0.0064246	155.65	1.3795	1.9355	189.30	22.452	31.121	154.90	122.50	5.1203	0.0056938
67.223	0.0036930	39.052	0.025607	-5.5065	-5.5064	78.321	33.024	53.688	1086.7	-0.36036	416.20	0.18368	0.019101	0.0066260	150.92	1.3829	1.9403	189.10	22.461	31.134	155.08	120.10	5.1337	0.0057107
67.390	0.0038174	39.028	0.025622	-5.4975	-5.4974	78.454	32.993	53.689	1085.5	-0.36015	413.30	0.18345	0.019056	0.0068326	146.36	1.3863	1.9450	188.89	22.470	31.147	155.26	117.75	5.1471	0.0057276
67.557	0.0039452	39.005	0.025638	-5.4885	-5.4884	78.587	32.962	53.690	1084.3	-0.35994	410.43	0.18321	0.019011	0.0070444	141.96	1.3897	1.9498	188.69	22.479	31.159	155.44	115.46	5.1604	0.0057445
67.724	0.0040766	38.981	0.025654	-5.4796	-5.4795	78.720	32.931	53.690	1083.1	-0.35974	407.59	0.18297	0.018967	0.0072616	137.71	1.3931	1.9545	188.49	22.487	31.171	155.62	113.22	5.1738	0.0057614
67.891	0.0042115	38.957	0.025669	-5.4706	-5.4705	78.852	32.901	53.691	1081.9	-0.35953	404.79	0.18273	0.018922	0.0074841	133.62	1.3965	1.9592	188.29	22.495	31.182	155.80	111.03	5.1872	0.0057783
68.058	0.0043502	38.933	0.025685	-5.4616	-5.4615	78.984	32.870	53.692	1080.7	-0.35932	402.01	0.18250	0.018877	0.0077122	129.66	1.3999	1.9640	188.09	22.503	31.193	155.98	108.88	5.2005	0.0057953
68.225	0.0044927	38.910	0.025701	-5.4527	-5.4525	79.116	32.840	53.692	1079.5	-0.35911	399.26	0.18226	0.018833	0.0079459	125.85	1.4033	1.9687	187.89	22.510	31.204	156.16	106.79	5.2139	0.0058122
68.392	0.0046391	38.886	0.025716	-5.4437	-5.4436	79.247	32.810	53.693	1078.3	-0.35891	396.54	0.18202	0.018788	0.0081853	122.17	1.4067	1.9734	187.70	22.517	31.214	156.34	104.74	5.2272	0.0058291
68.559	0.0047894	38.862	0.025732	-5.4347	-5.4346	79.378	32.781	53.694	1077.0	-0.35870	393.85	0.18178	0.018744	0.0084306	118.62	1.4101	1.9782	187.50	22.524	31.224	156.52	102.74	5.2406	0.0058461
68.726	0.0049437	38.838	0.025748	-5.4258	-5.4256	79.508	32.751	53.694	1075.8	-0.35849	391.19	0.18155	0.018699	0.0086817	115.18	1.4135	1.9829	187.31	22.530	31.234	156.70	100.78	5.2539	0.0058630
68.893	0.0051021	38.814	0.025764	-5.4168	-5.4167	79.639	32.722	53.694	1074.6	-0.35828	388.56	0.18131	0.018654	0.0089390	111.87	1.4168	1.9876	187.11	22.536	31.243	156.88	98.869	5.2673	0.0058800
69.060	0.0052647	38.791	0.025779	-5.4078	-5.4077	79.769	32.693	53.695	1073.3	-0.35807	385.95	0.18107	0.018610	0.0092023	108.67	1.4202	1.9923	186.92	22.541	31.252	157.06	97.000	5.2806	0.0058969
69.227	0.0054316	38.767	0.025795	-5.3989	-5.3987	79.899	32.664	53.695	1072.1	-0.35785	383.38	0.18083	0.018565	0.0094720	105.57	1.4236	1.9971	186.73	22.546	31.260	157.24	95.174	5.2940	0.0059139
69.394	0.0056029	38.743	0.025811	-5.3899	-5.3897	80.028	32.635	53.696	1070.9	-0.35764	380.82	0.18060	0.018521	0.0097479	102.59	1.4270	2.0018	186.54	22.551	31.268	157.42	93.390	5.3073	0.0059309
69.561	0.0057786	38.719	0.025827	-5.3809	-5.3808	80.157	32.607	53.696	1069.6	-0.35743	378.30	0.18036	0.018476	0.010030	99.697	1.4304	2.0065	186.36	22.555	31.276	157.60	91.646	5.3206	0.0059478
69.728	0.0059589	38.695	0.025843	-5.3719	-5.3718	80.286	32.578	53.696	1068.4	-0.35721	375.80	0.18012	0.018432	0.010319	96.905	1.4338	2.0112	186.17	22.559	31.283	157.78	89.943	5.3340	0.0059648
69.895	0.0061437	38.671	0.025859	-5.3630	-5.3628	80.414	32.550	53.697	1067.1	-0.35700	373.33	0.17988	0.018388	0.010615	94.205	1.4371	2.0159	185.98	22.563	31.290	157.96	88.279	5.3473	0.0059818
70.062	0.0063334	38.647	0.025875	-5.3540	-5.3538	80.542	32.522	53.697	1065.8	-0.35678	370.88	0.17965	0.018343	0.010918	91.595	1.4405	2.0206	185.80	22.566	31.297	158.14	86.654	5.3606	0.0059988
70.229	0.0065278	38.623	0.025891	-5.3450	-5.3449	80.670	32.494	53.697	1064.6	-0.35657	368.46	0.17941	0.018299	0.011227	89.070	1.4439	2.0253	185.62	22.569	31.303	158.32	85.066	5.3739	0.0060158
70.396	0.0067271	38.600	0.025907	-5.3361	-5.3359	80.798	32.466	53.698	1063.3	-0.35635	366.06	0.17917	0.018254	0.011544	86.628	1.4473	2.0300	185.43	22.572	31.309	158.49	83.515	5.3873	0.0060328
70.563	0.0069314	38.576	0.025923	-5.3271	-5.3269	80.925	32.439	53.698	1062.0	-0.35613	363.69	0.17893	0.018210	0.011867	84.266	1.4506	2.0347	185.25	22.574	31.314	158.67	82.000	5.4006	0.0060498
70.730	0.0071409	38.552	0.025939	-5.3181	-5.3180	81.052	32.411	53.698	1060.8	-0.35591	361.34	0.17870	0.018166	0.012198	81.980	1.4540	2.0394	185.07	22.576	31.319	158.85	80.520	5.4139	0.0060669
70.897	0.0073555	38.528	0.025955	-5.3092	-5.3090	81.179	32.384	53.699	1059.5	-0.35569	359.02	0.17846	0.018121	0.012536	79.768	1.4574	2.0441	184.89	22.578	31.324	159.03	79.075	5.4272	0.0060839
71.064	0.0075754	38.504	0.025972	-5.3002	-5.3000	81.305	32.356	53.699	1058.2	-0.35546	356.72	0.17822	0.018077	0.012882	77.627	1.4608	2.0488	184.72	22.579	31.328	159.20	77.664	5.4405	0.0061010
71.231	0.0078007	38.480	0.025988	-5.2912	-5.2910	81.431	32.329	53.700	1056.9	-0.35524	354.44	0.17798	0.018033	0.013236	75.554	1.4641	2.0535	184.54	22.580	31.332	159.38	76.286	5.4538	0.0061180
71.398	0.0080315	38.456	0.026004	-5.2823	-5.2821	81.557	32.302	53.700	1055.7	-0.35501	352.19	0.17775	0.017988	0.013597	73.547	1.4675	2.0582	184.36	22.580	31.336	159.56	74.940	5.4671	0.0061351
71.565	0.0082679	38.432	0.026020	-5.2733	-5.2731	81.682	32.275	53.700	1054.4	-0.35478	349.95	0.17751	0.017944	0.013966	71.604	1.4709	2.0629	184.19	22.580	31.339	159.74	73.626	5.4804	0.0061521
71.732	0.0085099	38.408	0.026036	-5.2643	-5.2641	81.807	32.249	53.701	1053.1	-0.35456	347.75	0.17727	0.017900	0.014343	69.722	1.4742	2.0676	184.02	22.580	31.342	159.91	72.343	5.4937	0.0061692
71.900	0.0087578	38.384	0.026053	-5.2554	-5.2551	81.932	32.222	53.701	1051.8	-0.35432	345.56	0.17703	0.017856	0.014728	67.899	1.4776	2.0722	183.84	22.580	31.344	160.09	71.091	5.5070	0.0061863
72.067	0.0090116	38.360	0.026069	-5.2464	-5.2462	82.057	32.196	53.702	1050.5	-0.35409	343.39	0.17680	0.017812	0.015121	66.133	1.4809	2.0769	183.67	22.579	31.347	160.27	69.868	5.5203	0.0062034
72.234	0.0092713	38.336	0.026085	-5.2374	-5.2372	82.181	32.169	53.702	1049.2	-0.35386	341.25	0.17656	0.017767	0.015523	64.421	1.4843	2.0816	183.50	22.578	31.348	160.44	68.674	5.5336	0.0062205
72.401	0.0095372	38.312	0.026102	-5.2285	-5.2282	82.305	32.143	53.703	1047.9	-0.35362	339.13	0.17632	0.017723	0.015933	62.763	1.4877	2.0862	183.33	22.576	31.350	160.62	67.508	5.5469	0.0062376
72.568	0.0098093	38.287	0.026118	-5.2195	-5.2192	82.429	32.117	53.704	1046.6	-0.35339	337.03	0.17608	0.017679	0.016352	61.155	1.4910	2.0909	183.16	22.574	31.351	160.79	66.370	5.5602	0.0062547
72.735	0.010088	38.263	0.026135	-5.2105	-5.2103	82.552	32.090	53.704	1045.3	-0.35315	334.95	0.17584	0.017635	0.016779	59.597	1.4944	2.0956	183.00	22.572	31.352	160.97	65.259	5.5734	0.0062718
72.902	0.010373	38.239	0.026151	-5.2016	-5.2013	82.675	32.064	53.705	1044.0	-0.35291	332.89	0.17561	0.017591	0.017216	58.086	1.4977	2.1002	182.83	22.570	31.353	161.14	64.174	5.5867	0.0062890
73.069	0.010664	38.215	0.026168	-5.1926	-5.1923	82.798	32.039	53.706	1042.7	-0.35267	330.85	0.17537	0.017547	0.017661	56.621	1.5011	2.1049	182.67	22.567	31.353	161.32	63.115	5.6000	0.0063061
73.236	0.010962	38.191	0.026184	-5.1836	-5.1833	82.921	32.013	53.707	1041.4	-0.35242	328.83	0.17513	0.017503	0.018116	55.201	1.5044	2.1095	182.50	22.564	31.353	161.49	62.082	5.6133	0.0063233
73.403	0.011267	38.167	0.026201	-5.1747	-5.1744	83.043	31.987	53.707	1040.1	-0.35218	326.83	0.17489	0.017459	0.018580	53.823	1.5078	2.1142	182.34	22.560	31.353	161.67	61.073	5.6265	0.0063404
73.570	0.011579	38.143	0.026217	-5.1657	-5.1654	83.165	31.961	53.708	1038.8	-0.35193	324.85	0.17466	0.017415	0.019053	52.486	1.5111	2.1188	182.18	22.557	31.352	161.84	60.089	5.6398	0.0063576
73.737	0.011898	38.119	0.026234	-5.1567	-5.1564	83.287	31.936	53.709	1037.4	-0.35168	322.89	0.17442	0.017371	0.019536	51.189	1.5145	2.1235	182.01	22.553	31.351	162.02	59.128	5.6531	0.0063748
73.904	0.012224	38.094	0.026251	-5.1477	-5.1474	83.409	31.910	53.710	1036.1	-0.35143	320.95	0.17418	0.017327	0.020028	49.930	1.5178	2.1281	181.85	22.548	31.350	162.19	58.190	5.6663	0.0063920
74.071	0.012557	38.070	0.026267	-5.1388	-5.1384	83.530	31.885	53.711	1034.8	-0.35117	319.02	0.17394	0.017283	0.020530	48.709	1.5211	2.1327	181.70	22.544	31.349	162.37	57.274	5.6796	0.0064092
74.238	0.012897	38.046	0.026284	-5.1298	-5.1295	83.651	31.860	53.713	1033.5	-0.35092	317.12	0.17371	0.017239	0.021042	47.523	1.5245	2.1374	181.54	22.539	31.347	162.54	56.381	5.6928	0.0064264
74.405	0.013245	38.022	0.026301	-5.1208	-5.1205	83.771	31.834	53.714	1032.2	-0.35066	315.23	0.17347	0.017195	0.021565	46.372	1.5278	2.1420	181.38	22.534	31.345	162.71	55.509	5.7061	0.0064436
74.572	0.013601	37.998	0.026317	-5.1119	-5.1115	83.892	31.809	53.715	1030.9	-0.35040	313.37	0.17323	0.017151	0.022097	45.254	1.5311	2.1466	181.22	22.528	31.343	162.89	54.658	5.7193	0.0064609
74.739	0.013964	37.973	0.026334	-5.1029	-5.1025	84.012	31.784	53.716	1029.5	-0.35014	311.51	0.17299	0.017108	0.022640	44.169	1.5345	2.1512	181.07	22.523	31.340	163.06	53.827	5.7326	0.0064781
74.906	0.014335	37.949	0.026351	-5.0939	-5.0936	84.132	31.759	53.718	1028.2	-0.34987	309.68	0.17275	0.017064	0.023194	43.115	1.5378	2.1559	180.91	22.517	31.337	163.23	53.017	5.7458	0.0064954
75.073	0.014715	37.925	0.026368	-5.0850	-5.0846	84.251	31.734	53.719	1026.9	-0.34960	307.87	0.17252	0.017020	0.023758	42.092	1.5411	2.1605	180.76	22.510	31.334	163.40	52.226	5.7591	0.0065126
75.240	0.015102	37.901	0.026385	-5.0760	-5.0756	84.371	31.710	53.721	1025.6	-0.34933	306.07	0.17228	0.016976	0.024332	41.097	1.5444	2.1651	180.60	22.504	31.331	163.58	51.454	5.7723	0.0065299
75.407	0.015497	37.876	0.026402	-5.0670	-5.0666	84.490	31.685	53.723	1024.2	-0.34906	304.29	0.17204	0.016932	0.024918	40.131	1.5477	2.1697	180.45	22.497	31.328	163.75	50.701	5.7855	0.0065472
75.574	0.015901	37.852	0.026419	-5.0581	-5.0576	84.609	31.660	53.725	1022.9	-0.34879	302.52	0.17180	0.016889	0.025515	39.193	1.5511	2.1743	180.30	22.490	31.324	163.92	49.966	5.7988	0.0065645
75.741	0.016314	37.828	0.026436	-5.0491	-5.0487	84.727	31.635	53.726	1021.6	-0.34851	300.78	0.17156	0.016845	0.026123	38.280	1.5544	2.1789	180.15	22.483	31.320	164.09	49.249	5.8120	0.0065818
75.908	0.016735	37.803	0.026453	-5.0401	-5.0397	84.846	31.611	53.728	1020.3	-0.34823	299.04	0.17133	0.016801	0.026743	37.394	1.5577	2.1834	180.00	22.476	31.316	164.26	48.549	5.8252	0.0065991
76.075	0.017164	37.779	0.026470	-5.0311	-5.0307	84.964	31.586	53.730	1018.9	-0.34795	297.33	0.17109	0.016757	0.027374	36.532	1.5610	2.1880	179.85	22.468	31.312	164.43	47.866	5.8385	0.0066165
76.242	0.017603	37.755	0.026487	-5.0222	-5.0217	85.082	31.562	53.733	1017.6	-0.34767	295.63	0.17085	0.016714	0.028016	35.694	1.5643	2.1926	179.70	22.460	31.308	164.60	47.200	5.8517	0.0066338
76.409	0.018051	37.730	0.026504	-5.0132	-5.0127	85.199	31.538	53.735	1016.3	-0.34738	293.95	0.17061	0.016670	0.028671	34.879	1.5676	2.1972	179.56	22.452	31.303	164.77	46.549	5.8649	0.0066512
76.576	0.018507	37.706	0.026521	-5.0042	-5.0037	85.316	31.513	53.737	1014.9	-0.34709	292.28	0.17037	0.016627	0.029337	34.087	1.5709	2.2017	179.41	22.444	31.298	164.94	45.915	5.8781	0.0066686
76.743	0.018974	37.682	0.026538	-4.9953	-4.9947	85.433	31.489	53.739	1013.6	-0.34680	290.63	0.17014	0.016583	0.030016	33.316	1.5742	2.2063	179.27	22.435	31.293	165.11	45.296	5.8914	0.0066859
76.911	0.019449	37.657	0.026555	-4.9863	-4.9858	85.550	31.465	53.742	1012.3	-0.34651	288.99	0.16990	0.016539	0.030706	32.566	1.5775	2.2109	179.12	22.427	31.288	165.28	44.691	5.9046	0.0067033
77.078	0.019934	37.633	0.026573	-4.9773	-4.9768	85.667	31.441	53.745	1010.9	-0.34621	287.37	0.16966	0.016496	0.031410	31.837	1.5808	2.2154	178.98	22.418	31.283	165.45	44.102	5.9178	0.0067208
77.245	0.020429	37.608	0.026590	-4.9683	-4.9678	85.783	31.417	53.747	1009.6	-0.34591	285.76	0.16942	0.016452	0.032126	31.128	1.5840	2.2200	178.83	22.409	31.278	165.62	43.527	5.9310	0.0067382
77.412	0.020934	37.584	0.026607	-4.9594	-4.9588	85.899	31.393	53.750	1008.2	-0.34561	284.16	0.16918	0.016409	0.032854	30.438	1.5873	2.2245	178.69	22.400	31.272	165.79	42.965	5.9442	0.0067556
77.579	0.021448	37.560	0.026624	-4.9504	-4.9498	86.015	31.369	53.753	1006.9	-0.34530	282.59	0.16895	0.016365	0.033596	29.766	1.5906	2.2290	178.55	22.390	31.267	165.96	42.418	5.9574	0.0067731
77.746	0.021973	37.535	0.026642	-4.9414	-4.9408	86.130	31.345	53.756	1005.6	-0.34500	281.02	0.16871	0.016322	0.034350	29.112	1.5939	2.2336	178.41	22.381	31.261	166.13	41.883	5.9706	0.0067905
77.913	0.022508	37.511	0.026659	-4.9324	-4.9318	86.246	31.322	53.759	1004.2	-0.34469	279.47	0.16847	0.016278	0.035118	28.476	1.5972	2.2381	178.27	22.371	31.255	166.29	41.362	5.9838	0.0068080
78.080	0.023054	37.486	0.026677	-4.9235	-4.9228	86.361	31.298	53.762	1002.9	-0.34437	277.93	0.16823	0.016235	0.035899	27.856	1.6004	2.2426	178.13	22.361	31.249	166.46	40.853	5.9970	0.0068255
78.247	0.023610	37.462	0.026694	-4.9145	-4.9139	86.476	31.274	53.766	1001.5	-0.34406	276.41	0.16799	0.016191	0.036694	27.253	1.6037	2.2471	177.99	22.351	31.243	166.63	40.357	6.0102	0.0068430
78.414	0.024177	37.437	0.026712	-4.9055	-4.9049	86.590	31.251	53.769	1000.2	-0.34374	274.90	0.16775	0.016148	0.037502	26.665	1.6069	2.2516	177.86	22.341	31.237	166.79	39.872	6.0234	0.0068605
78.581	0.024755	37.412	0.026729	-4.8965	-4.8959	86.705	31.227	53.773	998.86	-0.34342	273.41	0.16752	0.016105	0.038324	26.093	1.6102	2.2561	177.72	22.331	31.231	166.96	39.399	6.0366	0.0068781
78.748	0.025343	37.388	0.026747	-4.8876	-4.8869	86.819	31.204	53.777	997.52	-0.34309	271.92	0.16728	0.016061	0.039160	25.536	1.6135	2.2606	177.58	22.320	31.225	167.13	38.938	6.0498	0.0068956
78.915	0.025943	37.363	0.026764	-4.8786	-4.8779	86.933	31.180	53.780	996.18	-0.34276	270.46	0.16704	0.016018	0.040010	24.993	1.6167	2.2651	177.45	22.310	31.218	167.29	38.488	6.0630	0.0069132
79.082	0.026555	37.339	0.026782	-4.8696	-4.8689	87.046	31.157	53.784	994.83	-0.34243	269.00	0.16680	0.015975	0.040875	24.465	1.6200	2.2696	177.31	22.299	31.212	167.46	38.049	6.0761	0.0069308
79.249	0.027177	37.314	0.026799	-4.8606	-4.8599	87.160	31.134	53.789	993.49	-0.34210	267.56	0.16656	0.015931	0.041754	23.950	1.6232	2.2741	177.18	22.289	31.206	167.62	37.620	6.0893	0.0069484
79.416	0.027812	37.290	0.026817	-4.8516	-4.8509	87.273	31.111	53.793	992.14	-0.34176	266.12	0.16632	0.015888	0.042648	23.448	1.6264	2.2786	177.05	22.278	31.199	167.79	37.202	6.1025	0.0069660
79.583	0.028458	37.265	0.026835	-4.8427	-4.8419	87.386	31.087	53.797	990.79	-0.34142	264.71	0.16608	0.015845	0.043557	22.959	1.6297	2.2830	176.91	22.267	31.193	167.95	36.794	6.1157	0.0069836
79.750	0.029116	37.240	0.026853	-4.8337	-4.8329	87.499	31.064	53.802	989.45	-0.34108	263.30	0.16585	0.015802	0.044480	22.482	1.6329	2.2875	176.78	22.256	31.186	168.12	36.396	6.1289	0.0070013
79.917	0.029786	37.216	0.026870	-4.8247	-4.8239	87.611	31.041	53.806	988.10	-0.34073	261.91	0.16561	0.015758	0.045419	22.017	1.6361	2.2919	176.65	22.245	31.180	168.28	36.007	6.1420	0.0070190
80.084	0.030469	37.191	0.026888	-4.8157	-4.8149	87.723	31.018	53.811	986.75	-0.34038	260.52	0.16537	0.015715	0.046373	21.564	1.6393	2.2964	176.52	22.233	31.173	168.44	35.628	6.1552	0.0070366
80.251	0.031164	37.166	0.026906	-4.8067	-4.8059	87.835	30.995	53.816	985.40	-0.34003	259.15	0.16513	0.015672	0.047343	21.123	1.6426	2.3008	176.39	22.222	31.167	168.61	35.257	6.1684	0.0070543
80.418	0.031871	37.141	0.026924	-4.7978	-4.7969	87.947	30.972	53.821	984.05	-0.33967	257.79	0.16489	0.015629	0.048328	20.692	1.6458	2.3052	176.26	22.211	31.160	168.77	34.896	6.1816	0.0070720
80.585	0.032591	37.117	0.026942	-4.7888	-4.7879	88.059	30.950	53.826	982.71	-0.33932	256.45	0.16465	0.015586	0.049329	20.272	1.6490	2.3097	176.13	22.199	31.154	168.93	34.544	6.1947	0.0070898
80.752	0.033325	37.092	0.026960	-4.7798	-4.7789	88.170	30.927	53.831	981.36	-0.33895	255.11	0.16441	0.015543	0.050346	19.862	1.6522	2.3141	176.01	22.188	31.148	169.09	34.199	6.2079	0.0071075
80.919	0.034071	37.067	0.026978	-4.7708	-4.7699	88.281	30.904	53.836	980.00	-0.33859	253.79	0.16417	0.015500	0.051380	19.463	1.6554	2.3185	175.88	22.176	31.141	169.25	33.864	6.2211	0.0071253
81.086	0.034830	37.042	0.026996	-4.7618	-4.7609	88.392	30.881	53.842	978.65	-0.33822	252.48	0.16394	0.015457	0.052429	19.073	1.6586	2.3229	175.75	22.165	31.135	169.41	33.536	6.2342	0.0071431
81.253	0.035603	37.018	0.027014	-4.7528	-4.7519	88.503	30.859	53.847	977.30	-0.33785	251.17	0.16370	0.015414	0.053496	18.693	1.6618	2.3273	175.63	22.153	31.129	169.57	33.216	6.2474	0.0071609
81.420	0.036390	36.993	0.027032	-4.7438	-4.7429	88.614	30.836	53.853	975.95	-0.33747	249.88	0.16346	0.015371	0.054578	18.322	1.6650	2.3317	175.50	22.142	31.122	169.73	32.904	6.2605	0.0071787
81.587	0.037190	36.968	0.027050	-4.7349	-4.7339	88.724	30.814	53.859	974.60	-0.33709	248.60	0.16322	0.015328	0.055678	17.960	1.6681	2.3361	175.38	22.130	31.116	169.89	32.599	6.2737	0.0071965
81.754	0.038004	36.943	0.027069	-4.7259	-4.7248	88.834	30.791	53.865	973.25	-0.33671	247.33	0.16298	0.015285	0.056795	17.607	1.6713	2.3404	175.25	22.118	31.110	170.05	32.301	6.2869	0.0072144
81.922	0.038832	36.918	0.027087	-4.7169	-4.7158	88.944	30.769	53.871	971.89	-0.33632	246.07	0.16274	0.015242	0.057929	17.262	1.6745	2.3448	175.13	22.107	31.104	170.21	32.011	6.3000	0.0072323
82.089	0.039674	36.893	0.027105	-4.7079	-4.7068	89.053	30.747	53.878	970.54	-0.33593	244.83	0.16250	0.015199	0.059081	16.926	1.6776	2.3492	175.01	22.095	31.098	170.37	31.727	6.3132	0.0072502
82.256	0.040531	36.869	0.027123	-4.6989	-4.6978	89.163	30.724	53.884	969.18	-0.33554	243.59	0.16226	0.015156	0.060250	16.598	1.6808	2.3535	174.89	22.083	31.093	170.53	31.450	6.3263	0.0072681
82.423	0.041403	36.844	0.027142	-4.6899	-4.6888	89.272	30.702	53.891	967.83	-0.33514	242.36	0.16202	0.015113	0.061437	16.277	1.6840	2.3579	174.77	22.072	31.087	170.69	31.180	6.3395	0.0072860
82.590	0.042289	36.819	0.027160	-4.6809	-4.6798	89.381	30.680	53.898	966.47	-0.33474	241.14	0.16178	0.015070	0.062641	15.964	1.6871	2.3622	174.65	22.060	31.082	170.84	30.916	6.3526	0.0073040
82.757	0.043190	36.794	0.027179	-4.6719	-4.6707	89.490	30.658	53.905	965.12	-0.33434	239.93	0.16154	0.015028	0.063864	15.658	1.6903	2.3665	174.53	22.048	31.076	171.00	30.659	6.3658	0.0073219
82.924	0.044106	36.769	0.027197	-4.6629	-4.6617	89.598	30.636	53.912	963.76	-0.33393	238.74	0.16130	0.014985	0.065106	15.360	1.6934	2.3709	174.41	22.037	31.071	171.16	30.407	6.3789	0.0073399
83.091	0.045038	36.744	0.027216	-4.6539	-4.6527	89.707	30.613	53.919	962.41	-0.33352	237.55	0.16107	0.014942	0.066365	15.068	1.6965	2.3752	174.29	22.025	31.066	171.31	30.161	6.3921	0.0073579
83.258	0.045985	36.719	0.027234	-4.6449	-4.6437	89.815	30.591	53.926	961.05	-0.33311	236.37	0.16083	0.014899	0.067644	14.783	1.6997	2.3795	174.17	22.014	31.061	171.47	29.921	6.4052	0.0073760
83.425	0.046948	36.694	0.027253	-4.6359	-4.6347	89.923	30.570	53.934	959.69	-0.33269	235.20	0.16059	0.014856	0.068941	14.505	1.7028	2.3838	174.05	22.002	31.056	171.62	29.687	6.4184	0.0073940
83.592	0.047926	36.669	0.027271	-4.6269	-4.6256	90.031	30.548	53.942	958.33	-0.33227	234.04	0.16035	0.014814	0.070257	14.233	1.7059	2.3881	173.93	21.990	31.051	171.78	29.458	6.4315	0.0074121
83.759	0.048921	36.644	0.027290	-4.6179	-4.6166	90.138	30.526	53.949	956.98	-0.33184	232.89	0.16011	0.014771	0.071593	13.968	1.7090	2.3923	173.82	21.979	31.047	171.93	29.235	6.4446	0.0074302
83.926	0.049932	36.618	0.027309	-4.6089	-4.6076	90.246	30.504	53.957	955.62	-0.33141	231.75	0.15987	0.014728	0.072948	13.708	1.7121	2.3966	173.70	21.968	31.042	172.08	29.016	6.4578	0.0074483
84.093	0.050959	36.593	0.027327	-4.5999	-4.5985	90.353	30.482	53.966	954.26	-0.33098	230.62	0.15963	0.014686	0.074323	13.455	1.7152	2.4009	173.59	21.956	31.038	172.24	28.803	6.4709	0.0074665
84.260	0.052003	36.568	0.027346	-4.5909	-4.5895	90.460	30.461	53.974	952.90	-0.33054	229.49	0.15939	0.014643	0.075717	13.207	1.7183	2.4051	173.47	21.945	31.034	172.39	28.595	6.4841	0.0074846
84.427	0.053063	36.543	0.027365	-4.5819	-4.5805	90.567	30.439	53.982	951.54	-0.33010	228.38	0.15915	0.014601	0.077131	12.965	1.7214	2.4094	173.36	21.934	31.030	172.54	28.391	6.4972	0.0075028
84.594	0.054140	36.518	0.027384	-4.5729	-4.5714	90.673	30.417	53.991	950.18	-0.32966	227.27	0.15891	0.014558	0.078566	12.728	1.7245	2.4136	173.24	21.923	31.027	172.69	28.192	6.5103	0.0075210
84.761	0.055235	36.493	0.027403	-4.5639	-4.5624	90.780	30.396	54.000	948.82	-0.32921	226.17	0.15867	0.014515	0.080021	12.497	1.7276	2.4178	173.13	21.911	31.023	172.84	27.998	6.5235	0.0075393
84.928	0.056347	36.468	0.027422	-4.5549	-4.5534	90.886	30.374	54.009	947.46	-0.32876	225.09	0.15843	0.014473	0.081496	12.270	1.7307	2.4221	173.02	21.900	31.020	172.99	27.808	6.5366	0.0075575
85.095	0.057476	36.442	0.027441	-4.5459	-4.5443	90.992	30.353	54.018	946.10	-0.32830	224.01	0.15819	0.014430	0.082993	12.049	1.7337	2.4263	172.91	21.890	31.017	173.14	27.623	6.5498	0.0075758
85.262	0.058623	36.417	0.027460	-4.5369	-4.5353	91.098	30.332	54.027	944.73	-0.32784	222.93	0.15795	0.014388	0.084510	11.833	1.7368	2.4305	172.80	21.879	31.014	173.29	27.441	6.5629	0.0075941
85.429	0.059788	36.392	0.027479	-4.5279	-4.5262	91.203	30.310	54.036	943.37	-0.32738	221.87	0.15771	0.014345	0.086048	11.621	1.7398	2.4347	172.68	21.868	31.012	173.44	27.264	6.5760	0.0076124
85.596	0.060971	36.367	0.027498	-4.5188	-4.5172	91.309	30.289	54.046	942.01	-0.32691	220.81	0.15747	0.014303	0.087608	11.415	1.7429	2.4388	172.57	21.857	31.009	173.59	27.091	6.5892	0.0076308
85.763	0.062172	36.341	0.027517	-4.5098	-4.5081	91.414	30.268	54.056	940.64	-0.32644	219.77	0.15723	0.014261	0.089189	11.212	1.7459	2.4430	172.46	21.847	31.007	173.74	26.921	6.6023	0.0076491
85.930	0.063392	36.316	0.027536	-4.5008	-4.4991	91.519	30.246	54.066	939.28	-0.32596	218.73	0.15699	0.014218	0.090792	11.014	1.7490	2.4472	172.35	21.836	31.006	173.89	26.756	6.6154	0.0076675
86.097	0.064630	36.291	0.027555	-4.4918	-4.4900	91.624	30.225	54.076	937.92	-0.32548	217.70	0.15675	0.014176	0.092417	10.821	1.7520	2.4513	172.25	21.826	31.004	174.03	26.594	6.6286	0.0076860
86.264	0.065887	36.265	0.027575	-4.4828	-4.4810	91.728	30.204	54.086	936.55	-0.32499	216.67	0.15651	0.014133	0.094063	10.631	1.7550	2.4555	172.14	21.816	31.003	174.18	26.435	6.6417	0.0077044
86.431	0.067164	36.240	0.027594	-4.4738	-4.4719	91.833	30.183	54.096	935.19	-0.32450	215.66	0.15627	0.014091	0.095733	10.446	1.7580	2.4596	172.03	21.806	31.002	174.33	26.281	6.6548	0.0077229
86.598	0.068459	36.214	0.027613	-4.4647	-4.4628	91.937	30.162	54.107	933.82	-0.32401	214.65	0.15603	0.014049	0.097424	10.264	1.7611	2.4637	171.92	21.796	31.001	174.47	26.129	6.6680	0.0077414
86.765	0.069774	36.189	0.027633	-4.4557	-4.4538	92.041	30.141	54.118	932.45	-0.32351	213.65	0.15579	0.014007	0.099139	10.087	1.7641	2.4679	171.82	21.786	31.000	174.62	25.981	6.6811	0.0077599
86.933	0.071108	36.164	0.027652	-4.4467	-4.4447	92.145	30.120	54.129	931.09	-0.32301	212.65	0.15555	0.013964	0.10088	9.9131	1.7671	2.4720	171.71	21.776	31.000	174.76	25.836	6.6942	0.0077785
87.100	0.072463	36.138	0.027672	-4.4377	-4.4357	92.249	30.099	54.140	929.72	-0.32251	211.67	0.15530	0.013922	0.10264	9.7431	1.7701	2.4761	171.60	21.766	31.000	174.90	25.694	6.7074	0.0077970
87.267	0.073837	36.113	0.027691	-4.4286	-4.4266	92.353	30.079	54.151	928.35	-0.32200	210.69	0.15506	0.013880	0.10442	9.5767	1.7730	2.4802	171.50	21.757	31.001	175.05	25.555	6.7205	0.0078156
87.434	0.075232	36.087	0.027711	-4.4196	-4.4175	92.456	30.058	54.163	926.98	-0.32148	209.72	0.15482	0.013838	0.10623	9.4137	1.7760	2.4842	171.39	21.748	31.002	175.19	25.419	6.7336	0.0078343
87.601	0.076647	36.062	0.027730	-4.4106	-4.4084	92.559	30.037	54.174	925.61	-0.32096	208.75	0.15458	0.013796	0.10806	9.2542	1.7790	2.4883	171.29	21.738	31.003	175.33	25.286	6.7468	0.0078529
87.768	0.078082	36.036	0.027750	-4.4015	-4.3994	92.662	30.017	54.186	924.24	-0.32044	207.80	0.15434	0.013753	0.10991	9.0980	1.7820	2.4923	171.18	21.729	31.004	175.47	25.156	6.7599	0.0078716
87.935	0.079539	36.010	0.027770	-4.3925	-4.3903	92.765	29.996	54.198	922.88	-0.31991	206.85	0.15410	0.013711	0.11179	8.9451	1.7849	2.4964	171.08	21.721	31.005	175.61	25.028	6.7730	0.0078903
88.102	0.081016	35.985	0.027790	-4.3835	-4.3812	92.868	29.975	54.210	921.50	-0.31938	205.90	0.15386	0.013669	0.11370	8.7954	1.7879	2.5004	170.98	21.712	31.007	175.75	24.904	6.7862	0.0079091
88.269	0.082515	35.959	0.027809	-4.3744	-4.3721	92.970	29.955	54.223	920.13	-0.31884	204.97	0.15362	0.013627	0.11562	8.6487	1.7908	2.5045	170.88	21.703	31.010	175.89	24.781	6.7993	0.0079278
88.436	0.084035	35.933	0.027829	-4.3654	-4.3630	93.073	29.934	54.235	918.76	-0.31830	204.04	0.15338	0.013585	0.11758	8.5051	1.7937	2.5085	170.77	21.695	31.012	176.03	24.662	6.8125	0.0079466
88.603	0.085577	35.908	0.027849	-4.3563	-4.3540	93.175	29.914	54.248	917.39	-0.31776	203.11	0.15314	0.013543	0.11955	8.3644	1.7967	2.5125	170.67	21.687	31.015	176.17	24.544	6.8256	0.0079655
88.770	0.087141	35.882	0.027869	-4.3473	-4.3449	93.277	29.894	54.261	916.02	-0.31721	202.20	0.15290	0.013501	0.12156	8.2266	1.7996	2.5165	170.57	21.678	31.018	176.31	24.429	6.8387	0.0079843
88.937	0.088727	35.856	0.027889	-4.3383	-4.3358	93.379	29.873	54.274	914.65	-0.31665	201.29	0.15265	0.013459	0.12359	8.0916	1.8025	2.5204	170.47	21.670	31.022	176.44	24.317	6.8519	0.0080032
89.104	0.090335	35.831	0.027909	-4.3292	-4.3267	93.480	29.853	54.287	913.27	-0.31609	200.38	0.15241	0.013417	0.12564	7.9593	1.8054	2.5244	170.37	21.663	31.026	176.58	24.206	6.8650	0.0080221
89.271	0.091965	35.805	0.027929	-4.3202	-4.3176	93.582	29.833	54.301	911.90	-0.31553	199.49	0.15217	0.013375	0.12772	7.8297	1.8083	2.5284	170.27	21.655	31.030	176.72	24.098	6.8782	0.0080411
89.438	0.093618	35.779	0.027949	-4.3111	-4.3085	93.683	29.813	54.314	910.52	-0.31496	198.60	0.15193	0.013333	0.12982	7.7027	1.8112	2.5323	170.17	21.648	31.035	176.85	23.992	6.8913	0.0080600
89.605	0.095295	35.753	0.027969	-4.3021	-4.2994	93.784	29.793	54.328	909.15	-0.31439	197.71	0.15169	0.013292	0.13196	7.5783	1.8141	2.5363	170.07	21.640	31.040	176.99	23.888	6.9045	0.0080790
89.772	0.096994	35.727	0.027990	-4.2930	-4.2903	93.885	29.773	54.342	907.77	-0.31381	196.83	0.15145	0.013250	0.13411	7.4563	1.8170	2.5402	169.97	21.633	31.046	177.12	23.786	6.9176	0.0080981
89.939	0.098716	35.702	0.028010	-4.2839	-4.2812	93.986	29.753	54.356	906.40	-0.31323	195.96	0.15121	0.013208	0.13630	7.3368	1.8199	2.5441	169.87	21.627	31.051	177.26	23.685	6.9307	0.0081171
90.106	0.10046	35.676	0.028030	-4.2749	-4.2721	94.087	29.733	54.371	905.02	-0.31264	195.09	0.15097	0.013166	0.13851	7.2196	1.8227	2.5480	169.78	21.620	31.057	177.39	23.587	6.9439	0.0081362
90.273	0.10223	35.650	0.028051	-4.2658	-4.2630	94.187	29.713	54.385	903.64	-0.31205	194.23	0.15072	0.013124	0.14075	7.1048	1.8256	2.5519	169.68	21.613	31.064	177.52	23.491	6.9570	0.0081554
90.440	0.10403	35.624	0.028071	-4.2568	-4.2538	94.288	29.693	54.400	902.26	-0.31145	193.38	0.15048	0.013083	0.14302	6.9922	1.8284	2.5558	169.58	21.607	31.071	177.65	23.396	6.9702	0.0081745
90.607	0.10584	35.598	0.028092	-4.2477	-4.2447	94.388	29.673	54.415	900.89	-0.31085	192.53	0.15024	0.013041	0.14531	6.8818	1.8313	2.5597	169.49	21.601	31.078	177.78	23.303	6.9833	0.0081937
90.774	0.10769	35.572	0.028112	-4.2386	-4.2356	94.488	29.653	54.430	899.51	-0.31024	191.69	0.15000	0.012999	0.14763	6.7736	1.8341	2.5635	169.39	21.595	31.086	177.91	23.212	6.9965	0.0082130
90.941	0.10955	35.546	0.028133	-4.2296	-4.2265	94.588	29.633	54.445	898.13	-0.30963	190.85	0.14976	0.012957	0.14998	6.6675	1.8369	2.5674	169.29	21.589	31.094	178.04	23.122	7.0097	0.0082322
91.108	0.11145	35.520	0.028153	-4.2205	-4.2173	94.687	29.614	54.461	896.75	-0.30902	190.02	0.14951	0.012916	0.15236	6.5635	1.8397	2.5712	169.20	21.584	31.102	178.17	23.034	7.0228	0.0082515
91.275	0.11336	35.494	0.028174	-4.2114	-4.2082	94.787	29.594	54.477	895.37	-0.30839	189.19	0.14927	0.012874	0.15476	6.4615	1.8426	2.5750	169.10	21.578	31.111	178.30	22.948	7.0360	0.0082709
91.442	0.11530	35.468	0.028195	-4.2023	-4.1991	94.886	29.575	54.492	893.98	-0.30777	188.37	0.14903	0.012833	0.15720	6.3614	1.8454	2.5789	169.01	21.573	31.121	178.43	22.863	7.0491	0.0082902
91.609	0.11727	35.441	0.028216	-4.1933	-4.1899	94.985	29.555	54.509	892.60	-0.30713	187.56	0.14879	0.012791	0.15966	6.2632	1.8481	2.5827	168.91	21.568	31.130	178.56	22.779	7.0623	0.0083096
91.776	0.11927	35.415	0.028236	-4.1842	-4.1808	95.084	29.536	54.525	891.22	-0.30650	186.75	0.14855	0.012749	0.16215	6.1670	1.8509	2.5864	168.82	21.564	31.140	178.68	22.697	7.0755	0.0083290
91.944	0.12129	35.389	0.028257	-4.1751	-4.1717	95.183	29.516	54.541	889.84	-0.30586	185.94	0.14830	0.012708	0.16468	6.0725	1.8537	2.5902	168.73	21.559	31.151	178.81	22.617	7.0886	0.0083485
92.111	0.12333	35.363	0.028278	-4.1660	-4.1625	95.282	29.497	54.558	888.45	-0.30521	185.15	0.14806	0.012666	0.16723	5.9799	1.8565	2.5940	168.63	21.555	31.162	178.93	22.537	7.1018	0.0083680
92.278	0.12540	35.337	0.028299	-4.1569	-4.1534	95.381	29.477	54.575	887.07	-0.30456	184.35	0.14782	0.012625	0.16981	5.8890	1.8592	2.5977	168.54	21.551	31.173	179.06	22.459	7.1150	0.0083876
92.445	0.12750	35.310	0.028320	-4.1478	-4.1442	95.479	29.458	54.592	885.68	-0.30390	183.56	0.14758	0.012584	0.17242	5.7998	1.8620	2.6015	168.45	21.547	31.185	179.18	22.382	7.1282	0.0084071
92.612	0.12963	35.284	0.028341	-4.1387	-4.1351	95.577	29.439	54.610	884.30	-0.30324	182.78	0.14734	0.012542	0.17506	5.7123	1.8647	2.6052	168.36	21.543	31.197	179.31	22.307	7.1413	0.0084267
92.779	0.13178	35.258	0.028362	-4.1296	-4.1259	95.676	29.420	54.627	882.91	-0.30257	182.00	0.14709	0.012501	0.17773	5.6265	1.8675	2.6089	168.27	21.540	31.210	179.43	22.232	7.1545	0.0084464
92.946	0.13396	35.232	0.028384	-4.1205	-4.1167	95.774	29.400	54.645	881.52	-0.30189	181.23	0.14685	0.012459	0.18043	5.5422	1.8702	2.6126	168.17	21.537	31.223	179.55	22.159	7.1677	0.0084661
93.113	0.13617	35.205	0.028405	-4.1114	-4.1076	95.871	29.381	54.663	880.13	-0.30121	180.46	0.14661	0.012418	0.18317	5.4595	1.8729	2.6163	168.08	21.533	31.236	179.67	22.087	7.1809	0.0084858
93.280	0.13840	35.179	0.028426	-4.1023	-4.0984	95.969	29.362	54.681	878.74	-0.30053	179.70	0.14637	0.012377	0.18593	5.3783	1.8756	2.6200	167.99	21.531	31.250	179.79	22.015	7.1941	0.0085056
93.447	0.14066	35.152	0.028448	-4.0932	-4.0892	96.067	29.343	54.699	877.35	-0.29984	178.94	0.14612	0.012335	0.18873	5.2987	1.8783	2.6237	167.90	21.528	31.265	179.91	21.945	7.2073	0.0085254
93.614	0.14295	35.126	0.028469	-4.0841	-4.0801	96.164	29.324	54.718	875.96	-0.29914	178.19	0.14588	0.012294	0.19155	5.2205	1.8810	2.6273	167.81	21.526	31.279	180.03	21.876	7.2204	0.0085452
93.781	0.14527	35.099	0.028491	-4.0750	-4.0709	96.261	29.305	54.737	874.57	-0.29844	177.44	0.14564	0.012253	0.19441	5.1437	1.8837	2.6310	167.72	21.524	31.295	180.15	21.808	7.2336	0.0085651
93.948	0.14762	35.073	0.028512	-4.0659	-4.0617	96.358	29.287	54.756	873.18	-0.29774	176.70	0.14540	0.012212	0.19730	5.0683	1.8864	2.6346	167.64	21.522	31.310	180.27	21.741	7.2468	0.0085850
94.115	0.15000	35.046	0.028534	-4.0568	-4.0525	96.455	29.268	54.775	871.79	-0.29703	175.96	0.14515	0.012170	0.20023	4.9943	1.8891	2.6382	167.55	21.520	31.327	180.39	21.675	7.2600	0.0086049
94.282	0.15240	35.020	0.028555	-4.0477	-4.0433	96.552	29.249	54.794	870.39	-0.29631	175.22	0.14491	0.012129	0.20318	4.9217	1.8917	2.6418	167.46	21.518	31.343	180.50	21.609	7.2733	0.0086249
94.449	0.15484	34.993	0.028577	-4.0385	-4.0341	96.649	29.230	54.814	869.00	-0.29558	174.49	0.14467	0.012088	0.20617	4.8503	1.8944	2.6454	167.37	21.517	31.360	180.62	21.545	7.2865	0.0086450
94.616	0.15730	34.967	0.028599	-4.0294	-4.0249	96.746	29.212	54.834	867.61	-0.29486	173.77	0.14442	0.012047	0.20919	4.7803	1.8970	2.6490	167.28	21.516	31.378	180.73	21.481	7.2997	0.0086650
94.783	0.15980	34.940	0.028621	-4.0203	-4.0157	96.842	29.193	54.854	866.21	-0.29412	173.05	0.14418	0.012006	0.21225	4.7115	1.8997	2.6525	167.19	21.515	31.396	180.85	21.419	7.3129	0.0086851
94.950	0.16232	34.913	0.028642	-4.0112	-4.0065	96.938	29.174	54.874	864.81	-0.29338	172.33	0.14394	0.011965	0.21534	4.6439	1.9023	2.6561	167.11	21.515	31.414	180.96	21.357	7.3261	0.0087053
95.117	0.16488	34.887	0.028664	-4.0020	-3.9973	97.034	29.156	54.895	863.42	-0.29263	171.62	0.14369	0.011924	0.21846	4.5775	1.9049	2.6596	167.02	21.514	31.433	181.07	21.295	7.3393	0.0087255
95.284	0.16746	34.860	0.028686	-3.9929	-3.9881	97.130	29.137	54.915	862.02	-0.29188	170.91	0.14345	0.011883	0.22162	4.5123	1.9075	2.6631	166.93	21.514	31.453	181.19	21.235	7.3526	0.0087457
95.451	0.17008	34.833	0.028708	-3.9838	-3.9789	97.226	29.119	54.936	860.62	-0.29112	170.21	0.14321	0.011842	0.22481	4.4483	1.9101	2.6667	166.85	21.514	31.473	181.30	21.175	7.3658	0.0087660
95.618	0.17273	34.806	0.028730	-3.9746	-3.9697	97.322	29.101	54.958	859.22	-0.29036	169.51	0.14297	0.011801	0.22803	4.3854	1.9127	2.6702	166.76	21.515	31.493	181.41	21.116	7.3790	0.0087863
95.785	0.17540	34.779	0.028753	-3.9655	-3.9604	97.417	29.082	54.979	857.82	-0.28959	168.81	0.14272	0.011760	0.23129	4.3236	1.9153	2.6736	166.68	21.515	31.514	181.52	21.057	7.3923	0.0088067
95.952	0.17811	34.753	0.028775	-3.9563	-3.9512	97.513	29.064	55.001	856.42	-0.28881	168.12	0.14248	0.011719	0.23458	4.2629	1.9178	2.6771	166.59	21.516	31.535	181.63	21.000	7.4055	0.0088271
96.119	0.18085	34.726	0.028797	-3.9472	-3.9420	97.608	29.046	55.023	855.02	-0.28803	167.44	0.14224	0.011678	0.23791	4.2032	1.9204	2.6806	166.51	21.517	31.557	181.74	20.943	7.4188	0.0088476
96.286	0.18363	34.699	0.028820	-3.9380	-3.9327	97.703	29.028	55.045	853.61	-0.28724	166.75	0.14199	0.011637	0.24128	4.1446	1.9230	2.6840	166.42	21.518	31.579	181.84	20.886	7.4320	0.0088681
96.453	0.18643	34.672	0.028842	-3.9289	-3.9235	97.798	29.009	55.067	852.21	-0.28645	166.07	0.14175	0.011596	0.24468	4.0870	1.9255	2.6874	166.34	21.520	31.602	181.95	20.830	7.4453	0.0088886
96.620	0.18927	34.645	0.028864	-3.9197	-3.9143	97.893	28.991	55.090	850.81	-0.28565	165.40	0.14150	0.011556	0.24812	4.0304	1.9280	2.6908	166.25	21.522	31.625	182.06	20.775	7.4586	0.0089092
96.787	0.19214	34.618	0.028887	-3.9106	-3.9050	97.988	28.973	55.112	849.40	-0.28484	164.73	0.14126	0.011515	0.25159	3.9747	1.9305	2.6942	166.17	21.523	31.649	182.16	20.720	7.4718	0.0089299
96.955	0.19504	34.591	0.028910	-3.9014	-3.8958	98.083	28.955	55.135	847.99	-0.28403	164.06	0.14102	0.011474	0.25510	3.9200	1.9331	2.6976	166.09	21.526	31.673	182.27	20.666	7.4851	0.0089505
97.122	0.19798	34.564	0.028932	-3.8922	-3.8865	98.177	28.937	55.159	846.59	-0.28321	163.40	0.14077	0.011433	0.25865	3.8663	1.9356	2.7010	166.00	21.528	31.698	182.37	20.612	7.4984	0.0089713
97.289	0.20095	34.536	0.028955	-3.8831	-3.8772	98.272	28.919	55.182	845.18	-0.28238	162.74	0.14053	0.011393	0.26223	3.8135	1.9381	2.7044	165.92	21.531	31.723	182.48	20.559	7.5117	0.0089920
97.456	0.20395	34.509	0.028978	-3.8739	-3.8680	98.366	28.902	55.206	843.77	-0.28155	162.09	0.14029	0.011352	0.26585	3.7615	1.9405	2.7077	165.84	21.533	31.749	182.58	20.506	7.5249	0.0090129
97.623	0.20699	34.482	0.029001	-3.8647	-3.8587	98.460	28.884	55.230	842.36	-0.28071	161.44	0.14004	0.011311	0.26951	3.7105	1.9430	2.7110	165.76	21.537	31.775	182.68	20.454	7.5382	0.0090337
97.790	0.21006	34.455	0.029023	-3.8555	-3.8494	98.554	28.866	55.254	840.95	-0.27986	160.79	0.13980	0.011271	0.27320	3.6603	1.9455	2.7144	165.68	21.540	31.802	182.78	20.402	7.5515	0.0090547
97.957	0.21316	34.428	0.029046	-3.8463	-3.8401	98.648	28.848	55.279	839.54	-0.27901	160.14	0.13955	0.011230	0.27694	3.6109	1.9479	2.7177	165.59	21.543	31.829	182.88	20.351	7.5648	0.0090756
98.124	0.21630	34.400	0.029069	-3.8371	-3.8309	98.742	28.831	55.303	838.13	-0.27815	159.50	0.13931	0.011190	0.28071	3.5624	1.9504	2.7209	165.51	21.547	31.857	182.98	20.300	7.5781	0.0090966
98.291	0.21947	34.373	0.029093	-3.8280	-3.8216	98.835	28.813	55.328	836.71	-0.27729	158.87	0.13907	0.011149	0.28452	3.5147	1.9528	2.7242	165.43	21.551	31.885	183.08	20.249	7.5915	0.0091177
98.458	0.22268	34.346	0.029116	-3.8188	-3.8123	98.929	28.795	55.354	835.30	-0.27641	158.23	0.13882	0.011108	0.28837	3.4678	1.9553	2.7275	165.35	21.555	31.914	183.18	20.199	7.6048	0.0091388
98.625	0.22593	34.318	0.029139	-3.8096	-3.8030	99.022	28.778	55.379	833.88	-0.27554	157.61	0.13858	0.011068	0.29226	3.4217	1.9577	2.7307	165.27	21.560	31.943	183.28	20.149	7.6181	0.0091600
98.792	0.22921	34.291	0.029162	-3.8004	-3.7937	99.116	28.760	55.405	832.47	-0.27465	156.98	0.13833	0.011028	0.29618	3.3763	1.9601	2.7339	165.19	21.565	31.973	183.38	20.100	7.6314	0.0091812
98.959	0.23252	34.263	0.029186	-3.7912	-3.7844	99.209	28.743	55.431	831.05	-0.27376	156.36	0.13809	0.010987	0.30015	3.3317	1.9625	2.7372	165.11	21.569	32.004	183.47	20.051	7.6448	0.0092025
99.126	0.23587	34.236	0.029209	-3.7820	-3.7751	99.302	28.726	55.457	829.63	-0.27286	155.74	0.13784	0.010947	0.30416	3.2878	1.9649	2.7404	165.03	21.575	32.034	183.57	20.002	7.6581	0.0092238
99.293	0.23926	34.208	0.029233	-3.7727	-3.7657	99.395	28.708	55.484	828.21	-0.27195	155.12	0.13760	0.010906	0.30821	3.2446	1.9672	2.7435	164.95	21.580	32.066	183.66	19.954	7.6715	0.0092452
99.460	0.24268	34.181	0.029256	-3.7635	-3.7564	99.487	28.691	55.510	826.79	-0.27104	154.51	0.13736	0.010866	0.31229	3.2021	1.9696	2.7467	164.87	21.586	32.098	183.76	19.906	7.6848	0.0092666
99.627	0.24614	34.153	0.029280	-3.7543	-3.7471	99.580	28.674	55.537	825.37	-0.27012	153.90	0.13711	0.010826	0.31642	3.1603	1.9720	2.7499	164.79	21.591	32.130	183.85	19.858	7.6982	0.0092880
99.794	0.24964	34.126	0.029303	-3.7451	-3.7378	99.673	28.657	55.565	823.95	-0.26919	153.30	0.13687	0.010785	0.32059	3.1192	1.9743	2.7530	164.71	21.597	32.163	183.94	19.811	7.7116	0.0093096
99.961	0.25318	34.098	0.029327	-3.7359	-3.7284	99.765	28.640	55.592	822.52	-0.26825	152.69	0.13662	0.010745	0.32480	3.0788	1.9767	2.7561	164.64	21.604	32.196	184.03	19.764	7.7250	0.0093312
100.13	0.25675	34.070	0.029351	-3.7266	-3.7191	99.857	28.623	55.620	821.10	-0.26731	152.10	0.13638	0.010705	0.32905	3.0390	1.9790	2.7592	164.56	21.610	32.230	184.13	19.717	7.7383	0.0093528
100.30	0.26036	34.043	0.029375	-3.7174	-3.7097	99.950	28.606	55.648	819.67	-0.26636	151.50	0.13613	0.010665	0.33335	2.9999	1.9813	2.7623	164.48	21.617	32.265	184.22	19.671	7.7517	0.0093745
100.46	0.26401	34.015	0.029399	-3.7082	-3.7004	100.04	28.589	55.676	818.25	-0.26541	150.91	0.13589	0.010624	0.33768	2.9613	1.9836	2.7654	164.40	21.624	32.300	184.30	19.625	7.7651	0.0093962
100.63	0.26769	33.987	0.029423	-3.6989	-3.6910	100.13	28.572	55.705	816.82	-0.26444	150.32	0.13564	0.010584	0.34206	2.9234	1.9859	2.7685	164.32	21.631	32.335	184.39	19.579	7.7785	0.0094180
100.80	0.27142	33.959	0.029447	-3.6897	-3.6817	100.23	28.555	55.734	815.39	-0.26347	149.73	0.13540	0.010544	0.34648	2.8861	1.9882	2.7715	164.25	21.638	32.371	184.48	19.533	7.7920	0.0094399
100.96	0.27518	33.931	0.029471	-3.6804	-3.6723	100.32	28.538	55.763	813.96	-0.26249	149.15	0.13515	0.010504	0.35095	2.8494	1.9905	2.7746	164.17	21.646	32.408	184.57	19.488	7.8054	0.0094618
101.13	0.27898	33.903	0.029496	-3.6712	-3.6629	100.41	28.521	55.793	812.53	-0.26150	148.57	0.13491	0.010464	0.35545	2.8133	1.9927	2.7776	164.09	21.654	32.445	184.66	19.442	7.8188	0.0094838
101.30	0.28282	33.875	0.029520	-3.6619	-3.6536	100.50	28.504	55.822	811.10	-0.26051	147.99	0.13466	0.010424	0.36001	2.7777	1.9950	2.7806	164.02	21.662	32.483	184.74	19.397	7.8322	0.0095058
101.46	0.28670	33.847	0.029544	-3.6526	-3.6442	100.59	28.488	55.852	809.67	-0.25951	147.42	0.13442	0.010384	0.36460	2.7427	1.9972	2.7836	163.94	21.670	32.521	184.83	19.353	7.8457	0.0095279
101.63	0.29062	33.819	0.029569	-3.6434	-3.6348	100.68	28.471	55.883	808.23	-0.25850	146.85	0.13417	0.010344	0.36924	2.7083	1.9995	2.7865	163.87	21.678	32.560	184.91	19.308	7.8591	0.0095501
101.80	0.29458	33.791	0.029594	-3.6341	-3.6254	100.77	28.455	55.913	806.80	-0.25748	146.28	0.13393	0.010304	0.37392	2.6744	2.0017	2.7895	163.79	21.687	32.599	184.99	19.264	7.8726	0.0095723
101.97	0.29858	33.763	0.029618	-3.6248	-3.6160	100.87	28.438	55.944	805.36	-0.25646	145.72	0.13369	0.010264	0.37865	2.6410	2.0039	2.7924	163.71	21.696	32.639	185.08	19.220	7.8861	0.0095946
102.13	0.30262	33.735	0.029643	-3.6156	-3.6066	100.96	28.422	55.975	803.92	-0.25542	145.15	0.13344	0.010224	0.38342	2.6081	2.0061	2.7953	163.64	21.705	32.679	185.16	19.176	7.8996	0.0096169
102.30	0.30670	33.707	0.029668	-3.6063	-3.5972	101.05	28.405	56.007	802.48	-0.25438	144.59	0.13320	0.010184	0.38824	2.5757	2.0083	2.7983	163.56	21.715	32.720	185.24	19.132	7.9130	0.0096393
102.47	0.31082	33.678	0.029693	-3.5970	-3.5878	101.14	28.389	56.038	801.05	-0.25333	144.04	0.13295	0.010144	0.39310	2.5439	2.0104	2.8011	163.49	21.724	32.762	185.32	19.088	7.9265	0.0096617
102.63	0.31499	33.650	0.029717	-3.5877	-3.5783	101.23	28.372	56.070	799.60	-0.25227	143.48	0.13271	0.010105	0.39801	2.5125	2.0126	2.8040	163.41	21.734	32.804	185.40	19.045	7.9400	0.0096842
102.80	0.31919	33.622	0.029743	-3.5784	-3.5689	101.32	28.356	56.103	798.16	-0.25121	142.93	0.13247	0.010065	0.40297	2.4816	2.0148	2.8069	163.34	21.744	32.847	185.48	19.002	7.9536	0.0097068
102.97	0.32344	33.594	0.029768	-3.5691	-3.5595	101.41	28.340	56.135	796.72	-0.25013	142.39	0.13222	0.010025	0.40797	2.4512	2.0169	2.8097	163.27	21.754	32.890	185.56	18.959	7.9671	0.0097295
103.13	0.32773	33.565	0.029793	-3.5598	-3.5500	101.50	28.324	56.168	795.27	-0.24905	141.84	0.13198	0.0099853	0.41302	2.4212	2.0191	2.8125	163.19	21.764	32.934	185.63	18.916	7.9806	0.0097522
103.30	0.33206	33.537	0.029818	-3.5505	-3.5406	101.59	28.308	56.201	793.83	-0.24796	141.30	0.13173	0.0099456	0.41811	2.3917	2.0212	2.8153	163.12	21.775	32.978	185.71	18.873	7.9942	0.0097749
103.47	0.33643	33.508	0.029843	-3.5412	-3.5311	101.68	28.291	56.235	792.38	-0.24686	140.76	0.13149	0.0099060	0.42326	2.3626	2.0233	2.8181	163.04	21.786	33.023	185.79	18.830	8.0077	0.0097978
103.64	0.34084	33.480	0.029869	-3.5319	-3.5217	101.77	28.275	56.269	790.93	-0.24575	140.22	0.13125	0.0098663	0.42845	2.3340	2.0254	2.8209	162.97	21.797	33.068	185.86	18.788	8.0213	0.0098207
103.80	0.34530	33.451	0.029894	-3.5225	-3.5122	101.86	28.259	56.303	789.49	-0.24464	139.69	0.13100	0.0098267	0.43369	2.3058	2.0275	2.8237	162.90	21.808	33.114	185.93	18.746	8.0348	0.0098436
103.97	0.34980	33.423	0.029920	-3.5132	-3.5028	101.95	28.244	56.337	788.04	-0.24351	139.15	0.13076	0.0097871	0.43897	2.2780	2.0296	2.8264	162.83	21.819	33.161	186.01	18.704	8.0484	0.0098667
104.14	0.35435	33.394	0.029946	-3.5039	-3.4933	102.04	28.228	56.372	786.58	-0.24238	138.63	0.13051	0.0097476	0.44431	2.2507	2.0316	2.8291	162.75	21.831	33.208	186.08	18.662	8.0620	0.0098898
104.30	0.35894	33.365	0.029971	-3.4946	-3.4838	102.13	28.212	56.407	785.13	-0.24123	138.10	0.13027	0.0097080	0.44970	2.2237	2.0337	2.8318	162.68	21.843	33.256	186.15	18.620	8.0756	0.0099129
104.47	0.36357	33.337	0.029997	-3.4852	-3.4743	102.22	28.196	56.443	783.68	-0.24008	137.57	0.13002	0.0096686	0.45513	2.1972	2.0357	2.8345	162.61	21.855	33.304	186.22	18.578	8.0892	0.0099362
104.64	0.36824	33.308	0.030023	-3.4759	-3.4648	102.31	28.180	56.479	782.22	-0.23892	137.05	0.12978	0.0096291	0.46061	2.1710	2.0378	2.8372	162.54	21.867	33.353	186.29	18.536	8.1028	0.0099595
104.81	0.37297	33.279	0.030049	-3.4665	-3.4553	102.40	28.165	56.515	780.76	-0.23775	136.53	0.12953	0.0095897	0.46615	2.1452	2.0398	2.8399	162.46	21.880	33.402	186.36	18.495	8.1165	0.0099828
104.97	0.37773	33.250	0.030075	-3.4572	-3.4458	102.49	28.149	56.551	779.31	-0.23657	136.02	0.12929	0.0095502	0.47173	2.1199	2.0418	2.8425	162.39	21.892	33.452	186.43	18.453	8.1301	0.010006
105.14	0.38254	33.221	0.030101	-3.4478	-3.4363	102.58	28.133	56.588	777.85	-0.23538	135.50	0.12904	0.0095109	0.47737	2.0948	2.0438	2.8451	162.32	21.905	33.503	186.50	18.412	8.1438	0.010030
105.31	0.38740	33.192	0.030128	-3.4384	-3.4268	102.67	28.118	56.625	776.39	-0.23419	134.99	0.12880	0.0094715	0.48305	2.0702	2.0458	2.8477	162.25	21.918	33.554	186.57	18.371	8.1574	0.010053
105.47	0.39230	33.163	0.030154	-3.4291	-3.4172	102.75	28.102	56.662	774.92	-0.23298	134.48	0.12856	0.0094322	0.48879	2.0459	2.0477	2.8503	162.18	21.931	33.606	186.63	18.330	8.1711	0.010077
105.64	0.39725	33.134	0.030180	-3.4197	-3.4077	102.84	28.087	56.700	773.46	-0.23176	133.98	0.12831	0.0093929	0.49458	2.0219	2.0497	2.8529	162.11	21.945	33.658	186.70	18.289	8.1848	0.010101
105.81	0.40224	33.105	0.030207	-3.4103	-3.3982	102.93	28.072	56.738	772.00	-0.23054	133.47	0.12807	0.0093537	0.50042	1.9983	2.0516	2.8555	162.04	21.959	33.711	186.77	18.248	8.1985	0.010125
105.97	0.40728	33.076	0.030233	-3.4009	-3.3886	103.02	28.056	56.777	770.53	-0.22930	132.97	0.12782	0.0093144	0.50631	1.9751	2.0536	2.8580	161.97	21.972	33.765	186.83	18.207	8.2122	0.010148
106.14	0.41236	33.047	0.030260	-3.3916	-3.3791	103.11	28.041	56.815	769.06	-0.22806	132.47	0.12758	0.0092752	0.51225	1.9522	2.0555	2.8605	161.90	21.986	33.819	186.89	18.166	8.2260	0.010172
106.31	0.41750	33.018	0.030287	-3.3822	-3.3695	103.20	28.026	56.854	767.59	-0.22680	131.97	0.12733	0.0092361	0.51825	1.9296	2.0574	2.8630	161.83	22.001	33.874	186.96	18.126	8.2397	0.010196
106.48	0.42268	32.988	0.030314	-3.3728	-3.3599	103.29	28.011	56.894	766.12	-0.22554	131.48	0.12709	0.0091969	0.52430	1.9073	2.0593	2.8655	161.76	22.015	33.929	187.02	18.085	8.2534	0.010221
106.64	0.42790	32.959	0.030341	-3.3634	-3.3504	103.38	27.996	56.934	764.65	-0.22426	130.98	0.12684	0.0091578	0.53041	1.8853	2.0612	2.8680	161.69	22.030	33.985	187.08	18.045	8.2672	0.010245
106.81	0.43318	32.930	0.030368	-3.3539	-3.3408	103.46	27.981	56.974	763.18	-0.22298	130.49	0.12660	0.0091188	0.53657	1.8637	2.0631	2.8704	161.62	22.044	34.042	187.14	18.005	8.2810	0.010269
106.98	0.43850	32.900	0.030395	-3.3445	-3.3312	103.55	27.966	57.015	761.71	-0.22168	130.00	0.12635	0.0090797	0.54278	1.8424	2.0650	2.8728	161.55	22.059	34.099	187.20	17.965	8.2948	0.010293
107.14	0.44387	32.871	0.030422	-3.3351	-3.3216	103.64	27.951	57.056	760.23	-0.22038	129.52	0.12611	0.0090407	0.54905	1.8213	2.0668	2.8753	161.48	22.074	34.157	187.26	17.924	8.3086	0.010318
107.31	0.44929	32.841	0.030449	-3.3257	-3.3120	103.73	27.936	57.097	758.75	-0.21906	129.03	0.12586	0.0090017	0.55537	1.8006	2.0687	2.8776	161.41	22.090	34.215	187.31	17.884	8.3224	0.010342
107.48	0.45475	32.812	0.030477	-3.3163	-3.3024	103.82	27.921	57.139	757.27	-0.21774	128.55	0.12562	0.0089628	0.56175	1.7802	2.0705	2.8800	161.34	22.105	34.275	187.37	17.844	8.3362	0.010367
107.64	0.46027	32.782	0.030504	-3.3068	-3.2928	103.90	27.906	57.181	755.79	-0.21640	128.07	0.12537	0.0089239	0.56818	1.7600	2.0723	2.8824	161.27	22.121	34.334	187.43	17.805	8.3500	0.010392
107.81	0.46584	32.753	0.030532	-3.2974	-3.2832	103.99	27.891	57.223	754.31	-0.21506	127.59	0.12513	0.0088850	0.57467	1.7401	2.0741	2.8847	161.20	22.137	34.395	187.48	17.765	8.3639	0.010416
107.98	0.47145	32.723	0.030560	-3.2879	-3.2735	104.08	27.877	57.266	752.83	-0.21370	127.12	0.12488	0.0088461	0.58122	1.7205	2.0759	2.8870	161.13	22.153	34.456	187.54	17.725	8.3778	0.010441
108.15	0.47711	32.693	0.030587	-3.2785	-3.2639	104.17	27.862	57.309	751.35	-0.21233	126.64	0.12464	0.0088073	0.58782	1.7012	2.0777	2.8893	161.06	22.169	34.517	187.59	17.685	8.3916	0.010466
108.31	0.48283	32.663	0.030615	-3.2690	-3.2542	104.25	27.848	57.353	749.86	-0.21095	126.17	0.12439	0.0087685	0.59448	1.6821	2.0794	2.8916	161.00	22.186	34.579	187.65	17.646	8.4055	0.010491
108.48	0.48859	32.634	0.030643	-3.2596	-3.2446	104.34	27.833	57.397	748.37	-0.20956	125.70	0.12415	0.0087297	0.60120	1.6633	2.0812	2.8939	160.93	22.202	34.642	187.70	17.606	8.4194	0.010516
108.65	0.49441	32.604	0.030671	-3.2501	-3.2349	104.43	27.819	57.441	746.88	-0.20816	125.24	0.12390	0.0086910	0.60798	1.6448	2.0829	2.8961	160.86	22.219	34.706	187.75	17.567	8.4334	0.010541
108.81	0.50027	32.574	0.030700	-3.2406	-3.2253	104.52	27.804	57.486	745.39	-0.20675	124.77	0.12366	0.0086523	0.61481	1.6265	2.0847	2.8984	160.79	22.236	34.770	187.80	17.528	8.4473	0.010567
108.98	0.50619	32.544	0.030728	-3.2311	-3.2156	104.60	27.790	57.531	743.90	-0.20532	124.31	0.12341	0.0086137	0.62171	1.6085	2.0864	2.9006	160.72	22.253	34.835	187.85	17.488	8.4613	0.010592
109.15	0.51215	32.514	0.030756	-3.2217	-3.2059	104.69	27.776	57.577	742.41	-0.20389	123.85	0.12317	0.0085750	0.62866	1.5907	2.0881	2.9028	160.66	22.270	34.900	187.90	17.449	8.4752	0.010617
109.31	0.51817	32.484	0.030785	-3.2122	-3.1962	104.78	27.761	57.623	740.91	-0.20244	123.39	0.12292	0.0085364	0.63567	1.5731	2.0898	2.9049	160.59	22.288	34.967	187.95	17.410	8.4892	0.010643
109.48	0.52424	32.454	0.030813	-3.2027	-3.1865	104.86	27.747	57.669	739.42	-0.20098	122.93	0.12268	0.0084978	0.64275	1.5558	2.0915	2.9071	160.52	22.305	35.033	188.00	17.371	8.5032	0.010668
109.65	0.53037	32.423	0.030842	-3.1932	-3.1768	104.95	27.733	57.716	737.92	-0.19951	122.47	0.12243	0.0084593	0.64988	1.5387	2.0931	2.9092	160.46	22.323	35.101	188.04	17.332	8.5172	0.010694
109.82	0.53654	32.393	0.030871	-3.1837	-3.1671	105.04	27.719	57.764	736.42	-0.19803	122.02	0.12219	0.0084208	0.65707	1.5219	2.0948	2.9113	160.39	22.341	35.169	188.09	17.293	8.5313	0.010720
109.98	0.54277	32.363	0.030900	-3.1741	-3.1574	105.12	27.705	57.811	734.92	-0.19654	121.57	0.12194	0.0083823	0.66433	1.5053	2.0964	2.9134	160.32	22.359	35.238	188.13	17.254	8.5453	0.010746
110.15	0.54905	32.332	0.030929	-3.1646	-3.1476	105.21	27.691	57.859	733.41	-0.19503	121.12	0.12169	0.0083439	0.67164	1.4889	2.0980	2.9155	160.26	22.378	35.308	188.18	17.216	8.5594	0.010772
110.32	0.55538	32.302	0.030958	-3.1551	-3.1379	105.30	27.677	57.908	731.91	-0.19352	120.67	0.12145	0.0083055	0.67902	1.4727	2.0996	2.9175	160.19	22.396	35.378	188.22	17.177	8.5735	0.010798
110.48	0.56177	32.272	0.030987	-3.1456	-3.1282	105.38	27.663	57.957	730.40	-0.19199	120.22	0.12120	0.0082671	0.68646	1.4567	2.1012	2.9196	160.12	22.415	35.449	188.27	17.138	8.5876	0.010824
110.65	0.56821	32.241	0.031016	-3.1360	-3.1184	105.47	27.649	58.007	728.90	-0.19044	119.78	0.12096	0.0082287	0.69396	1.4410	2.1028	2.9216	160.06	22.434	35.520	188.31	17.100	8.6017	0.010850
110.82	0.57470	32.211	0.031046	-3.1265	-3.1086	105.56	27.636	58.057	727.39	-0.18889	119.34	0.12071	0.0081904	0.70153	1.4255	2.1044	2.9236	159.99	22.453	35.593	188.35	17.061	8.6158	0.010877
110.99	0.58125	32.180	0.031075	-3.1169	-3.0989	105.64	27.622	58.107	725.87	-0.18732	118.90	0.12047	0.0081522	0.70916	1.4101	2.1059	2.9256	159.92	22.472	35.666	188.39	17.023	8.6300	0.010903
111.15	0.58785	32.149	0.031105	-3.1074	-3.0891	105.73	27.608	58.158	724.36	-0.18574	118.46	0.12022	0.0081139	0.71685	1.3950	2.1075	2.9275	159.86	22.491	35.739	188.43	16.984	8.6441	0.010930
111.32	0.59450	32.118	0.031135	-3.0978	-3.0793	105.82	27.595	58.209	722.85	-0.18415	118.02	0.11998	0.0080757	0.72461	1.3801	2.1090	2.9295	159.79	22.510	35.814	188.47	16.946	8.6583	0.010956
111.49	0.60122	32.088	0.031165	-3.0882	-3.0695	105.90	27.581	58.261	721.33	-0.18254	117.59	0.11973	0.0080375	0.73243	1.3653	2.1105	2.9314	159.73	22.530	35.889	188.51	16.908	8.6725	0.010983
111.65	0.60798	32.057	0.031195	-3.0786	-3.0597	105.99	27.568	58.313	719.81	-0.18092	117.15	0.11949	0.0079994	0.74032	1.3508	2.1120	2.9333	159.66	22.550	35.965	188.54	16.870	8.6868	0.011010
111.82	0.61480	32.026	0.031225	-3.0691	-3.0499	106.07	27.554	58.366	718.29	-0.17929	116.72	0.11924	0.0079613	0.74828	1.3364	2.1135	2.9351	159.60	22.570	36.041	188.58	16.832	8.7010	0.011037
111.99	0.62168	31.995	0.031255	-3.0595	-3.0400	106.16	27.541	58.419	716.77	-0.17765	116.29	0.11900	0.0079232	0.75630	1.3222	2.1150	2.9370	159.53	22.590	36.119	188.62	16.794	8.7153	0.011064
112.15	0.62862	31.964	0.031285	-3.0499	-3.0302	106.25	27.528	58.473	715.25	-0.17599	115.86	0.11875	0.0078851	0.76438	1.3082	2.1165	2.9388	159.47	22.610	36.197	188.65	16.756	8.7296	0.011091
112.32	0.63561	31.933	0.031316	-3.0403	-3.0204	106.33	27.515	58.527	713.72	-0.17431	115.43	0.11851	0.0078471	0.77254	1.2944	2.1179	2.9407	159.40	22.631	36.276	188.69	16.718	8.7439	0.011118
112.49	0.64265	31.902	0.031346	-3.0307	-3.0105	106.42	27.501	58.582	712.20	-0.17263	115.01	0.11826	0.0078091	0.78076	1.2808	2.1193	2.9424	159.34	22.651	36.355	188.72	16.680	8.7582	0.011146
112.66	0.64976	31.871	0.031377	-3.0210	-3.0006	106.50	27.488	58.637	710.67	-0.17093	114.59	0.11801	0.0077712	0.78905	1.2674	2.1207	2.9442	159.27	22.672	36.436	188.75	16.642	8.7725	0.011173
112.82	0.65692	31.839	0.031408	-3.0114	-2.9908	106.59	27.475	58.693	709.14	-0.16921	114.16	0.11777	0.0077333	0.79740	1.2541	2.1221	2.9460	159.21	22.693	36.517	188.79	16.604	8.7869	0.011201
112.99	0.66413	31.808	0.031439	-3.0018	-2.9809	106.67	27.462	58.749	707.61	-0.16748	113.74	0.11752	0.0076954	0.80583	1.2410	2.1235	2.9477	159.14	22.714	36.599	188.82	16.567	8.8013	0.011229
113.16	0.67141	31.777	0.031470	-2.9921	-2.9710	106.76	27.449	58.806	706.07	-0.16574	113.33	0.11728	0.0076576	0.81433	1.2280	2.1249	2.9494	159.08	22.735	36.681	188.85	16.529	8.8157	0.011257
113.32	0.67874	31.745	0.031501	-2.9825	-2.9611	106.84	27.437	58.863	704.54	-0.16398	112.91	0.11703	0.0076198	0.82289	1.2152	2.1263	2.9511	159.02	22.756	36.765	188.88	16.491	8.8301	0.011284
113.49	0.68613	31.714	0.031532	-2.9728	-2.9512	106.93	27.424	58.921	703.00	-0.16221	112.49	0.11679	0.0075820	0.83153	1.2026	2.1276	2.9528	158.95	22.778	36.849	188.91	16.454	8.8445	0.011313
113.66	0.69358	31.682	0.031563	-2.9632	-2.9413	107.02	27.411	58.980	701.46	-0.16042	112.08	0.11654	0.0075443	0.84024	1.1901	2.1289	2.9544	158.89	22.799	36.934	188.93	16.417	8.8590	0.011341
113.82	0.70109	31.651	0.031595	-2.9535	-2.9314	107.10	27.398	59.039	699.92	-0.15862	111.67	0.11630	0.0075066	0.84901	1.1778	2.1303	2.9560	158.82	22.821	37.020	188.96	16.379	8.8735	0.011369
113.99	0.70865	31.619	0.031627	-2.9438	-2.9214	107.19	27.386	59.098	698.38	-0.15680	111.26	0.11605	0.0074689	0.85786	1.1657	2.1316	2.9576	158.76	22.843	37.107	188.99	16.342	8.8880	0.011397
114.16	0.71628	31.587	0.031658	-2.9341	-2.9115	107.27	27.373	59.158	696.83	-0.15497	110.85	0.11581	0.0074312	0.86679	1.1537	2.1329	2.9592	158.70	22.865	37.194	189.01	16.305	8.9025	0.011426
114.33	0.72397	31.555	0.031690	-2.9245	-2.9015	107.36	27.361	59.219	695.29	-0.15312	110.44	0.11556	0.0073936	0.87578	1.1418	2.1341	2.9608	158.63	22.887	37.283	189.04	16.268	8.9171	0.011455
114.49	0.73171	31.524	0.031722	-2.9148	-2.8916	107.44	27.348	59.280	693.74	-0.15126	110.03	0.11532	0.0073561	0.88485	1.1301	2.1354	2.9623	158.57	22.910	37.372	189.06	16.231	8.9317	0.011483
114.66	0.73952	31.492	0.031755	-2.9051	-2.8816	107.53	27.336	59.342	692.19	-0.14938	109.63	0.11507	0.0073186	0.89399	1.1186	2.1366	2.9638	158.51	22.932	37.462	189.08	16.194	8.9463	0.011512
114.83	0.74738	31.460	0.031787	-2.8953	-2.8716	107.61	27.324	59.404	690.63	-0.14748	109.23	0.11482	0.0072811	0.90321	1.1072	2.1378	2.9653	158.44	22.955	37.552	189.11	16.157	8.9609	0.011541
114.99	0.75531	31.428	0.031819	-2.8856	-2.8616	107.70	27.311	59.467	689.08	-0.14557	108.83	0.11458	0.0072436	0.91250	1.0959	2.1391	2.9668	158.38	22.978	37.644	189.13	16.120	8.9755	0.011570
115.16	0.76329	31.395	0.031852	-2.8759	-2.8516	107.78	27.299	59.531	687.52	-0.14365	108.43	0.11433	0.0072062	0.92187	1.0848	2.1402	2.9682	158.32	23.001	37.737	189.15	16.083	8.9902	0.011600
115.33	0.77134	31.363	0.031884	-2.8662	-2.8416	107.86	27.287	59.595	685.97	-0.14170	108.03	0.11409	0.0071688	0.93131	1.0738	2.1414	2.9697	158.25	23.024	37.830	189.17	16.046	9.0049	0.011629
115.50	0.77945	31.331	0.031917	-2.8564	-2.8315	107.95	27.275	59.659	684.40	-0.13974	107.63	0.11384	0.0071314	0.94083	1.0629	2.1426	2.9711	158.19	23.047	37.925	189.19	16.009	9.0196	0.011659
115.66	0.78762	31.299	0.031950	-2.8467	-2.8215	108.03	27.263	59.725	682.84	-0.13776	107.23	0.11360	0.0070941	0.95042	1.0522	2.1437	2.9724	158.13	23.070	38.020	189.21	15.973	9.0344	0.011688
115.83	0.79585	31.266	0.031983	-2.8369	-2.8115	108.12	27.251	59.791	681.28	-0.13577	106.84	0.11335	0.0070568	0.96009	1.0416	2.1449	2.9738	158.06	23.094	38.116	189.23	15.936	9.0491	0.011718
116.00	0.80415	31.234	0.032017	-2.8271	-2.8014	108.20	27.239	59.857	679.71	-0.13376	106.45	0.11311	0.0070196	0.96985	1.0311	2.1460	2.9751	158.00	23.118	38.213	189.24	15.900	9.0639	0.011748
116.16	0.81251	31.201	0.032050	-2.8174	-2.7913	108.29	27.228	59.925	678.14	-0.13173	106.06	0.11286	0.0069824	0.97967	1.0207	2.1471	2.9765	157.94	23.141	38.311	189.26	15.863	9.0788	0.011778
116.33	0.82093	31.169	0.032083	-2.8076	-2.7812	108.37	27.216	59.993	676.57	-0.12968	105.67	0.11262	0.0069452	0.98958	1.0105	2.1482	2.9777	157.88	23.165	38.410	189.27	15.827	9.0936	0.011808
116.50	0.82941	31.136	0.032117	-2.7978	-2.7711	108.46	27.204	60.061	675.00	-0.12762	105.28	0.11237	0.0069081	0.99957	1.0004	2.1492	2.9790	157.81	23.189	38.510	189.29	15.791	9.1085	0.011838
116.66	0.83795	31.103	0.032151	-2.7880	-2.7610	108.54	27.193	60.130	673.43	-0.12554	104.89	0.11213	0.0068710	1.0096	0.99045	2.1503	2.9803	157.75	23.214	38.610	189.30	15.754	9.1234	0.011869
116.83	0.84656	31.070	0.032185	-2.7782	-2.7509	108.62	27.181	60.200	671.85	-0.12344	104.50	0.11188	0.0068339	1.0198	0.98060	2.1513	2.9815	157.69	23.238	38.712	189.31	15.718	9.1383	0.011900
117.00	0.85524	31.038	0.032219	-2.7684	-2.7408	108.71	27.170	60.271	670.27	-0.12132	104.12	0.11163	0.0067969	1.0300	0.97086	2.1524	2.9827	157.63	23.262	38.815	189.33	15.682	9.1533	0.011930
117.17	0.86397	31.005	0.032253	-2.7585	-2.7307	108.79	27.158	60.342	668.69	-0.11919	103.74	0.11139	0.0067599	1.0403	0.96123	2.1534	2.9838	157.57	23.287	38.919	189.34	15.646	9.1683	0.011961
117.33	0.87278	30.972	0.032288	-2.7487	-2.7205	108.88	27.147	60.414	667.11	-0.11703	103.35	0.11114	0.0067230	1.0507	0.95172	2.1544	2.9850	157.50	23.312	39.023	189.35	15.610	9.1833	0.011992
117.50	0.88164	30.939	0.032322	-2.7389	-2.7104	108.96	27.136	60.487	665.52	-0.11486	102.97	0.11090	0.0066861	1.0612	0.94232	2.1553	2.9861	157.44	23.337	39.129	189.36	15.574	9.1983	0.012023
117.67	0.89057	30.905	0.032357	-2.7290	-2.7002	109.05	27.125	60.560	663.93	-0.11266	102.59	0.11065	0.0066492	1.0718	0.93304	2.1563	2.9872	157.38	23.362	39.236	189.37	15.538	9.2134	0.012055
117.83	0.89957	30.872	0.032392	-2.7191	-2.6900	109.13	27.114	60.635	662.34	-0.11045	102.22	0.11041	0.0066123	1.0824	0.92386	2.1572	2.9883	157.32	23.387	39.343	189.38	15.503	9.2285	0.012086
118.00	0.90863	30.839	0.032427	-2.7093	-2.6798	109.21	27.103	60.709	660.75	-0.10822	101.84	0.11016	0.0065755	1.0931	0.91479	2.1581	2.9893	157.26	23.412	39.452	189.38	15.467	9.2436	0.012118
118.17	0.91776	30.805	0.032462	-2.6994	-2.6696	109.30	27.092	60.785	659.16	-0.10597	101.46	0.10992	0.0065388	1.1040	0.90583	2.1590	2.9904	157.20	23.438	39.562	189.39	15.431	9.2588	0.012150
118.33	0.92695	30.772	0.032497	-2.6895	-2.6594	109.38	27.081	60.861	657.56	-0.10369	101.09	0.10967	0.0065021	1.1149	0.89697	2.1599	2.9914	157.13	23.463	39.673	189.39	15.396	9.2740	0.012182
118.50	0.93621	30.738	0.032533	-2.6796	-2.6492	109.46	27.070	60.939	655.96	-0.10140	100.72	0.10943	0.0064654	1.1259	0.88821	2.1608	2.9924	157.07	23.489	39.785	189.40	15.360	9.2892	0.012214
118.67	0.94554	30.705	0.032568	-2.6697	-2.6389	109.55	27.059	61.016	654.36	-0.099090	100.35	0.10918	0.0064287	1.1369	0.87956	2.1617	2.9933	157.01	23.515	39.898	189.40	15.325	9.3045	0.012246
118.84	0.95493	30.671	0.032604	-2.6598	-2.6287	109.63	27.049	61.095	652.76	-0.096756	99.975	0.10894	0.0063921	1.1481	0.87100	2.1625	2.9942	156.95	23.541	40.012	189.41	15.289	9.3198	0.012278
119.00	0.96439	30.637	0.032640	-2.6499	-2.6184	109.72	27.038	61.175	651.15	-0.094402	99.606	0.10869	0.0063555	1.1594	0.86255	2.1633	2.9951	156.89	23.567	40.127	189.41	15.254	9.3351	0.012311
119.17	0.97392	30.604	0.032676	-2.6399	-2.6081	109.80	27.028	61.255	649.55	-0.092027	99.238	0.10845	0.0063190	1.1707	0.85419	2.1641	2.9960	156.83	23.593	40.244	189.41	15.219	9.3505	0.012344
119.34	0.98352	30.570	0.032712	-2.6300	-2.5978	109.88	27.017	61.336	647.94	-0.089630	98.871	0.10820	0.0062825	1.1821	0.84593	2.1649	2.9969	156.77	23.620	40.361	189.41	15.184	9.3659	0.012377
119.50	0.99318	30.536	0.032749	-2.6200	-2.5875	109.97	27.007	61.418	646.32	-0.087211	98.505	0.10796	0.0062461	1.1937	0.83776	2.1657	2.9977	156.70	23.646	40.480	189.41	15.149	9.3813	0.012410
119.67	1.0029	30.501	0.032785	-2.6101	-2.5772	110.05	26.996	61.501	644.71	-0.084771	98.141	0.10771	0.0062097	1.2053	0.82969	2.1664	2.9985	156.64	23.673	40.600	189.41	15.114	9.3967	0.012443
119.84	1.0127	30.467	0.032822	-2.6001	-2.5669	110.13	26.986	61.584	643.09	-0.082308	97.777	0.10747	0.0061733	1.2170	0.82170	2.1671	2.9993	156.58	23.700	40.721	189.41	15.079	9.4122	0.012476
120.01	1.0226	30.433	0.032859	-2.5901	-2.5565	110.22	26.976	61.669	641.47	-0.079823	97.415	0.10722	0.0061369	1.2288	0.81381	2.1678	3.0000	156.52	23.727	40.843	189.41	15.044	9.4278	0.012510
120.17	1.0325	30.399	0.032896	-2.5801	-2.5462	110.30	26.966	61.754	639.85	-0.077315	97.054	0.10698	0.0061006	1.2407	0.80601	2.1685	3.0008	156.46	23.754	40.966	189.40	15.009	9.4433	0.012544
120.34	1.0425	30.364	0.032933	-2.5701	-2.5358	110.38	26.956	61.840	638.23	-0.074784	96.695	0.10673	0.0060644	1.2527	0.79829	2.1692	3.0015	156.40	23.781	41.091	189.40	14.974	9.4589	0.012578
120.51	1.0526	30.330	0.032971	-2.5601	-2.5254	110.47	26.946	61.927	636.60	-0.072230	96.336	0.10649	0.0060282	1.2648	0.79067	2.1699	3.0021	156.34	23.809	41.217	189.40	14.939	9.4746	0.012612
120.67	1.0628	30.295	0.033009	-2.5501	-2.5150	110.55	26.936	62.015	634.97	-0.069652	95.979	0.10624	0.0059920	1.2769	0.78312	2.1705	3.0028	156.28	23.836	41.344	189.39	14.905	9.4902	0.012646
120.84	1.0730	30.261	0.033046	-2.5401	-2.5046	110.64	26.927	62.104	633.34	-0.067050	95.622	0.10600	0.0059558	1.2892	0.77567	2.1711	3.0034	156.22	23.864	41.473	189.38	14.870	9.5060	0.012681
121.01	1.0833	30.226	0.033084	-2.5300	-2.4942	110.72	26.917	62.194	631.70	-0.064424	95.267	0.10575	0.0059197	1.3016	0.76829	2.1717	3.0040	156.16	23.891	41.603	189.38	14.835	9.5217	0.012715
121.17	1.0936	30.191	0.033123	-2.5200	-2.4838	110.80	26.907	62.285	630.07	-0.061774	94.913	0.10551	0.0058837	1.3141	0.76100	2.1723	3.0045	156.09	23.919	41.734	189.37	14.801	9.5375	0.012750
121.34	1.1040	30.156	0.033161	-2.5099	-2.4733	110.89	26.898	62.377	628.43	-0.059099	94.560	0.10526	0.0058477	1.3266	0.75379	2.1729	3.0051	156.03	23.947	41.866	189.36	14.767	9.5533	0.012785
121.51	1.1145	30.121	0.033199	-2.4998	-2.4628	110.97	26.889	62.470	626.79	-0.056399	94.208	0.10502	0.0058117	1.3393	0.74666	2.1734	3.0056	155.97	23.976	42.000	189.35	14.732	9.5692	0.012821
121.68	1.1251	30.086	0.033238	-2.4898	-2.4524	111.05	26.879	62.563	625.14	-0.053673	93.857	0.10477	0.0057758	1.3521	0.73960	2.1739	3.0061	155.91	24.004	42.135	189.34	14.698	9.5851	0.012856
121.84	1.1358	30.051	0.033277	-2.4797	-2.4419	111.14	26.870	62.658	623.50	-0.050922	93.507	0.10453	0.0057399	1.3650	0.73263	2.1744	3.0065	155.85	24.032	42.272	189.33	14.664	9.6011	0.012892
122.01	1.1465	30.015	0.033316	-2.4696	-2.4314	111.22	26.861	62.754	621.85	-0.048145	93.158	0.10429	0.0057040	1.3779	0.72573	2.1749	3.0070	155.79	24.061	42.410	189.32	14.630	9.6171	0.012928
122.18	1.1573	29.980	0.033356	-2.4594	-2.4208	111.30	26.852	62.851	620.19	-0.045341	92.811	0.10404	0.0056682	1.3910	0.71891	2.1754	3.0074	155.73	24.090	42.549	189.30	14.596	9.6331	0.012964
122.34	1.1681	29.945	0.033395	-2.4493	-2.4103	111.38	26.843	62.949	618.54	-0.042511	92.464	0.10380	0.0056324	1.4042	0.71216	2.1758	3.0077	155.67	24.119	42.690	189.29	14.562	9.6492	0.013000
122.51	1.1791	29.909	0.033435	-2.4392	-2.3998	111.47	26.834	63.048	616.88	-0.039654	92.119	0.10355	0.0055967	1.4175	0.70548	2.1763	3.0081	155.61	24.148	42.833	189.27	14.528	9.6653	0.013036
122.68	1.1901	29.873	0.033475	-2.4290	-2.3892	111.55	26.825	63.148	615.22	-0.036769	91.774	0.10331	0.0055610	1.4309	0.69888	2.1767	3.0084	155.55	24.177	42.977	189.26	14.494	9.6815	0.013073
122.84	1.2011	29.838	0.033515	-2.4189	-2.3786	111.63	26.816	63.249	613.56	-0.033857	91.431	0.10306	0.0055254	1.4444	0.69235	2.1771	3.0087	155.49	24.206	43.122	189.24	14.460	9.6977	0.013110
123.01	1.2123	29.802	0.033555	-2.4087	-2.3680	111.72	26.808	63.351	611.89	-0.030916	91.088	0.10282	0.0054898	1.4580	0.68589	2.1774	3.0089	155.43	24.235	43.269	189.22	14.426	9.7139	0.013147
123.18	1.2235	29.766	0.033596	-2.3985	-2.3574	111.80	26.799	63.454	610.23	-0.027947	90.747	0.10257	0.0054542	1.4717	0.67950	2.1778	3.0091	155.37	24.265	43.417	189.21	14.392	9.7302	0.013184
123.35	1.2348	29.730	0.033636	-2.3883	-2.3468	111.88	26.791	63.559	608.56	-0.024950	90.406	0.10233	0.0054187	1.4855	0.67317	2.1781	3.0093	155.31	24.295	43.568	189.19	14.359	9.7466	0.013222
123.51	1.2462	29.694	0.033677	-2.3781	-2.3361	111.97	26.782	63.664	606.88	-0.021923	90.067	0.10209	0.0053832	1.4994	0.66692	2.1784	3.0095	155.25	24.325	43.719	189.17	14.325	9.7630	0.013260
123.68	1.2577	29.657	0.033718	-2.3679	-2.3255	112.05	26.774	63.771	605.21	-0.018866	89.728	0.10184	0.0053478	1.5135	0.66073	2.1787	3.0096	155.19	24.355	43.873	189.15	14.292	9.7794	0.013298
123.85	1.2692	29.621	0.033760	-2.3576	-2.3148	112.13	26.766	63.879	603.53	-0.015780	89.391	0.10160	0.0053124	1.5276	0.65461	2.1789	3.0098	155.13	24.385	44.028	189.13	14.258	9.7959	0.013336
124.01	1.2808	29.585	0.033801	-2.3474	-2.3041	112.22	26.758	63.988	601.84	-0.012663	89.054	0.10135	0.0052770	1.5419	0.64855	2.1792	3.0098	155.07	24.415	44.185	189.10	14.225	9.8125	0.013375
124.18	1.2925	29.548	0.033843	-2.3371	-2.2934	112.30	26.750	64.099	600.16	-0.0095156	88.718	0.10111	0.0052417	1.5563	0.64256	2.1794	3.0099	155.01	24.445	44.343	189.08	14.192	9.8290	0.013413
124.35	1.3042	29.511	0.033885	-2.3269	-2.2827	112.38	26.742	64.211	598.47	-0.0063369	88.384	0.10086	0.0052065	1.5708	0.63663	2.1796	3.0099	154.95	24.476	44.503	189.06	14.158	9.8457	0.013452
124.52	1.3161	29.475	0.033927	-2.3166	-2.2719	112.47	26.734	64.324	596.78	-0.0031266	88.050	0.10062	0.0051713	1.5854	0.63076	2.1798	3.0099	154.88	24.507	44.665	189.03	14.125	9.8624	0.013491
124.68	1.3280	29.438	0.033970	-2.3063	-2.2612	112.55	26.726	64.438	595.09	0.00011574	87.717	0.10038	0.0051361	1.6001	0.62496	2.1799	3.0098	154.82	24.538	44.829	189.01	14.092	9.8791	0.013531
124.85	1.3400	29.401	0.034013	-2.2960	-2.2504	112.63	26.718	64.553	593.39	0.0033906	87.385	0.10013	0.0051010	1.6150	0.61921	2.1800	3.0098	154.76	24.569	44.995	188.98	14.059	9.8959	0.013571
125.02	1.3520	29.364	0.034056	-2.2857	-2.2396	112.71	26.711	64.670	591.69	0.0066983	87.055	0.099889	0.0050659	1.6299	0.61353	2.1801	3.0097	154.70	24.600	45.162	188.95	14.026	9.9128	0.013611
125.18	1.3642	29.327	0.034099	-2.2753	-2.2288	112.80	26.704	64.789	589.99	0.010039	86.725	0.099645	0.0050308	1.6450	0.60790	2.1802	3.0095	154.64	24.631	45.332	188.93	13.993	9.9297	0.013651
125.35	1.3764	29.289	0.034142	-2.2650	-2.2180	112.88	26.696	64.908	588.28	0.013414	86.395	0.099401	0.0049959	1.6602	0.60233	2.1803	3.0093	154.58	24.663	45.503	188.90	13.960	9.9467	0.013691
125.52	1.3887	29.252	0.034186	-2.2546	-2.2072	112.96	26.689	65.030	586.58	0.016823	86.067	0.099158	0.0049609	1.6755	0.59682	2.1803	3.0091	154.52	24.694	45.676	188.87	13.927	9.9637	0.013732
125.68	1.4011	29.214	0.034230	-2.2443	-2.1963	113.05	26.682	65.152	584.86	0.020267	85.740	0.098914	0.0049260	1.6910	0.59137	2.1804	3.0089	154.46	24.726	45.852	188.84	13.894	9.9808	0.013773
125.85	1.4135	29.177	0.034274	-2.2339	-2.1854	113.13	26.675	65.276	583.15	0.023747	85.414	0.098670	0.0048911	1.7066	0.58598	2.1803	3.0086	154.40	24.758	46.029	188.81	13.861	9.9979	0.013814
126.02	1.4261	29.139	0.034318	-2.2235	-2.1745	113.21	26.668	65.402	581.43	0.027262	85.088	0.098427	0.0048563	1.7223	0.58064	2.1803	3.0083	154.34	24.790	46.209	188.77	13.829	10.015	0.013856
126.19	1.4387	29.101	0.034363	-2.2131	-2.1636	113.30	26.661	65.529	579.71	0.030813	84.763	0.098183	0.0048216	1.7381	0.57535	2.1803	3.0080	154.28	24.822	46.390	188.74	13.796	10.032	0.013898
126.35	1.4514	29.063	0.034408	-2.2026	-2.1527	113.38	26.654	65.657	577.99	0.034401	84.440	0.097940	0.0047868	1.7540	0.57012	2.1802	3.0076	154.22	24.855	46.574	188.71	13.763	10.050	0.013940
126.52	1.4641	29.025	0.034453	-2.1922	-2.1417	113.46	26.648	65.787	576.26	0.038026	84.117	0.097696	0.0047522	1.7701	0.56494	2.1801	3.0072	154.16	24.887	46.760	188.67	13.731	10.067	0.013982
126.69	1.4770	28.987	0.034498	-2.1817	-2.1308	113.55	26.641	65.919	574.53	0.041689	83.795	0.097453	0.0047175	1.7863	0.55981	2.1800	3.0068	154.10	24.920	46.948	188.64	13.698	10.084	0.014025
126.85	1.4899	28.949	0.034544	-2.1713	-2.1198	113.63	26.635	66.052	572.80	0.045391	83.473	0.097209	0.0046830	1.8027	0.55474	2.1798	3.0063	154.04	24.953	47.138	188.60	13.666	10.102	0.014068
127.02	1.5030	28.910	0.034590	-2.1608	-2.1088	113.71	26.629	66.187	571.06	0.049131	83.153	0.096966	0.0046484	1.8191	0.54971	2.1796	3.0058	153.98	24.986	47.331	188.56	13.633	10.120	0.014111
127.19	1.5161	28.872	0.034636	-2.1503	-2.0978	113.80	26.622	66.324	569.32	0.052911	82.834	0.096723	0.0046139	1.8357	0.54474	2.1794	3.0053	153.92	25.019	47.526	188.52	13.601	10.137	0.014155
127.35	1.5292	28.833	0.034682	-2.1398	-2.0867	113.88	26.616	66.462	567.58	0.056731	82.515	0.096479	0.0045795	1.8525	0.53982	2.1792	3.0047	153.86	25.052	47.723	188.49	13.569	10.155	0.014199
127.52	1.5425	28.794	0.034729	-2.1292	-2.0757	113.96	26.610	66.602	565.83	0.060592	82.197	0.096236	0.0045451	1.8693	0.53495	2.1790	3.0041	153.80	25.086	47.923	188.45	13.536	10.173	0.014243
127.69	1.5558	28.755	0.034776	-2.1187	-2.0646	114.04	26.605	66.744	564.08	0.064494	81.880	0.095993	0.0045108	1.8864	0.53012	2.1787	3.0035	153.74	25.120	48.125	188.40	13.504	10.191	0.014288
127.86	1.5693	28.716	0.034823	-2.1081	-2.0535	114.13	26.599	66.887	562.33	0.068438	81.564	0.095750	0.0044765	1.9035	0.52534	2.1784	3.0028	153.67	25.154	48.330	188.36	13.472	10.208	0.014333
128.02	1.5828	28.677	0.034871	-2.0976	-2.0424	114.21	26.593	67.033	560.57	0.072425	81.248	0.095507	0.0044422	1.9208	0.52062	2.1781	3.0021	153.61	25.188	48.537	188.32	13.440	10.226	0.014378
128.19	1.5964	28.638	0.034919	-2.0870	-2.0312	114.29	26.588	67.180	558.81	0.076454	80.933	0.095264	0.0044080	1.9382	0.51593	2.1777	3.0013	153.55	25.222	48.747	188.28	13.408	10.244	0.014423
128.36	1.6100	28.599	0.034967	-2.0764	-2.0201	114.38	26.582	67.329	557.05	0.080528	80.619	0.095021	0.0043739	1.9558	0.51130	2.1773	3.0006	153.49	25.256	48.959	188.23	13.376	10.263	0.014469
128.52	1.6238	28.559	0.035015	-2.0657	-2.0089	114.46	26.577	67.480	555.28	0.084646	80.306	0.094778	0.0043398	1.9735	0.50671	2.1769	2.9997	153.43	25.291	49.175	188.19	13.344	10.281	0.014515
128.69	1.6376	28.519	0.035064	-2.0551	-1.9977	114.54	26.572	67.633	553.51	0.088809	79.994	0.094535	0.0043057	1.9914	0.50216	2.1765	2.9989	153.37	25.326	49.393	188.14	13.312	10.299	0.014562
128.86	1.6516	28.479	0.035113	-2.0444	-1.9865	114.63	26.567	67.788	551.73	0.093018	79.682	0.094293	0.0042717	2.0094	0.49766	2.1761	2.9980	153.31	25.360	49.614	188.09	13.280	10.317	0.014609
129.02	1.6656	28.439	0.035162	-2.0338	-1.9752	114.71	26.562	67.945	549.96	0.097274	79.371	0.094050	0.0042377	2.0276	0.49320	2.1756	2.9970	153.25	25.396	49.837	188.05	13.248	10.336	0.014656
129.19	1.6797	28.399	0.035212	-2.0231	-1.9639	114.79	26.557	68.105	548.17	0.10158	79.061	0.093807	0.0042038	2.0459	0.48879	2.1751	2.9961	153.19	25.431	50.064	188.00	13.216	10.354	0.014704
129.36	1.6938	28.359	0.035262	-2.0124	-1.9527	114.88	26.553	68.266	546.39	0.10593	78.752	0.093565	0.0041700	2.0643	0.48442	2.1745	2.9951	153.13	25.466	50.294	187.95	13.184	10.373	0.014752
129.53	1.7081	28.319	0.035312	-2.0017	-1.9413	114.96	26.548	68.429	544.60	0.11033	78.443	0.093322	0.0041362	2.0830	0.48009	2.1740	2.9940	153.06	25.502	50.526	187.90	13.152	10.392	0.014800
129.69	1.7225	28.278	0.035363	-1.9909	-1.9300	115.04	26.544	68.595	542.81	0.11478	78.135	0.093080	0.0041024	2.1017	0.47580	2.1734	2.9929	153.00	25.538	50.762	187.85	13.120	10.410	0.014849
129.86	1.7369	28.238	0.035414	-1.9802	-1.9187	115.13	26.540	68.763	541.01	0.11928	77.828	0.092837	0.0040687	2.1206	0.47156	2.1727	2.9918	152.94	25.574	51.001	187.79	13.089	10.429	0.014898
130.03	1.7514	28.197	0.035465	-1.9694	-1.9073	115.21	26.536	68.933	539.21	0.12383	77.521	0.092595	0.0040351	2.1397	0.46735	2.1721	2.9906	152.88	25.610	51.244	187.74	13.057	10.448	0.014948
130.19	1.7660	28.156	0.035517	-1.9586	-1.8959	115.30	26.532	69.106	537.41	0.12843	77.216	0.092353	0.0040015	2.1590	0.46318	2.1714	2.9894	152.82	25.647	51.489	187.69	13.025	10.467	0.014998
130.36	1.7807	28.115	0.035568	-1.9478	-1.8844	115.38	26.528	69.281	535.60	0.13309	76.910	0.092110	0.0039679	2.1784	0.45906	2.1707	2.9882	152.76	25.683	51.738	187.63	12.994	10.486	0.015048
130.53	1.7955	28.074	0.035621	-1.9370	-1.8730	115.46	26.524	69.458	533.79	0.13780	76.606	0.091868	0.0039344	2.1979	0.45497	2.1700	2.9869	152.70	25.720	51.991	187.58	12.962	10.506	0.015099
130.70	1.8104	28.032	0.035673	-1.9261	-1.8615	115.55	26.521	69.638	531.97	0.14256	76.302	0.091626	0.0039010	2.2177	0.45093	2.1692	2.9855	152.63	25.757	52.246	187.52	12.930	10.525	0.015150
130.86	1.8254	27.991	0.035726	-1.9152	-1.8500	115.63	26.517	69.820	530.15	0.14738	75.999	0.091384	0.0038676	2.2376	0.44692	2.1684	2.9842	152.57	25.795	52.506	187.46	12.899	10.544	0.015202
131.03	1.8404	27.949	0.035780	-1.9044	-1.8385	115.71	26.514	70.005	528.33	0.15225	75.697	0.091142	0.0038343	2.2576	0.44294	2.1676	2.9828	152.51	25.832	52.769	187.40	12.867	10.564	0.015254
131.20	1.8556	27.907	0.035833	-1.8935	-1.8270	115.80	26.511	70.193	526.50	0.15719	75.395	0.090900	0.0038010	2.2779	0.43901	2.1667	2.9813	152.45	25.870	53.036	187.34	12.836	10.583	0.015306
131.36	1.8708	27.865	0.035887	-1.8825	-1.8154	115.88	26.508	70.383	524.67	0.16218	75.094	0.090658	0.0037677	2.2983	0.43511	2.1658	2.9798	152.39	25.908	53.307	187.28	12.804	10.603	0.015359
131.53	1.8861	27.823	0.035942	-1.8716	-1.8038	115.97	26.505	70.576	522.83	0.16723	74.794	0.090416	0.0037346	2.3188	0.43125	2.1649	2.9783	152.32	25.946	53.582	187.22	12.773	10.623	0.015413
131.70	1.9015	27.781	0.035996	-1.8606	-1.7922	116.05	26.503	70.772	520.99	0.17234	74.494	0.090174	0.0037014	2.3396	0.42742	2.1639	2.9767	152.26	25.984	53.860	187.16	12.741	10.643	0.015467
131.86	1.9170	27.738	0.036052	-1.8497	-1.7805	116.13	26.500	70.971	519.15	0.17751	74.195	0.089933	0.0036684	2.3605	0.42363	2.1629	2.9750	152.20	26.023	54.143	187.10	12.710	10.663	0.015521
132.03	1.9326	27.695	0.036107	-1.8386	-1.7689	116.22	26.498	71.172	517.30	0.18275	73.896	0.089691	0.0036354	2.3816	0.41988	2.1619	2.9734	152.14	26.062	54.430	187.03	12.678	10.683	0.015576
132.20	1.9483	27.653	0.036163	-1.8276	-1.7572	116.30	26.496	71.377	515.45	0.18805	73.598	0.089449	0.0036024	2.4029	0.41616	2.1609	2.9716	152.07	26.101	54.721	186.97	12.647	10.703	0.015631
132.37	1.9640	27.609	0.036219	-1.8166	-1.7454	116.39	26.494	71.585	513.59	0.19341	73.301	0.089208	0.0035695	2.4244	0.41247	2.1598	2.9699	152.01	26.140	55.017	186.90	12.616	10.724	0.015687
132.53	1.9799	27.566	0.036276	-1.8055	-1.7337	116.47	26.492	71.796	511.73	0.19884	73.004	0.088966	0.0035366	2.4461	0.40882	2.1587	2.9681	151.95	26.180	55.317	186.84	12.584	10.744	0.015743
132.70	1.9959	27.523	0.036333	-1.7944	-1.7219	116.56	26.490	72.010	509.86	0.20433	72.708	0.088725	0.0035038	2.4679	0.40520	2.1575	2.9662	151.89	26.219	55.622	186.77	12.553	10.765	0.015800
132.87	2.0119	27.479	0.036391	-1.7833	-1.7101	116.64	26.489	72.227	507.99	0.20990	72.413	0.088483	0.0034711	2.4900	0.40161	2.1563	2.9643	151.82	26.259	55.931	186.70	12.521	10.785	0.015858
133.03	2.0280	27.436	0.036449	-1.7722	-1.6983	116.73	26.487	72.448	506.12	0.21553	72.118	0.088242	0.0034384	2.5122	0.39806	2.1551	2.9624	151.76	26.300	56.246	186.63	12.490	10.806	0.015915
133.20	2.0443	27.392	0.036507	-1.7610	-1.6864	116.81	26.486	72.672	504.24	0.22123	71.823	0.088000	0.0034058	2.5346	0.39454	2.1538	2.9604	151.70	26.340	56.565	186.56	12.459	10.827	0.015974
133.37	2.0606	27.348	0.036566	-1.7499	-1.6745	116.89	26.485	72.900	502.35	0.22701	71.529	0.087759	0.0033732	2.5573	0.39104	2.1525	2.9583	151.63	26.381	56.889	186.49	12.427	10.848	0.016033
133.53	2.0770	27.303	0.036625	-1.7387	-1.6626	116.98	26.484	73.131	500.47	0.23286	71.236	0.087518	0.0033407	2.5801	0.38758	2.1512	2.9562	151.57	26.422	57.218	186.42	12.396	10.869	0.016093
133.70	2.0935	27.259	0.036685	-1.7275	-1.6506	117.06	26.484	73.366	498.57	0.23878	70.944	0.087277	0.0033083	2.6031	0.38416	2.1499	2.9541	151.50	26.463	57.553	186.34	12.364	10.891	0.016153
133.87	2.1101	27.214	0.036745	-1.7162	-1.6387	117.15	26.483	73.605	496.67	0.24478	70.651	0.087036	0.0032759	2.6263	0.38076	2.1485	2.9519	151.44	26.505	57.893	186.27	12.333	10.912	0.016213
134.04	2.1268	27.170	0.036806	-1.7049	-1.6267	117.23	26.483	73.847	494.77	0.25085	70.360	0.086795	0.0032436	2.6498	0.37739	2.1470	2.9497	151.38	26.547	58.239	186.19	12.302	10.934	0.016275
134.20	2.1436	27.124	0.036867	-1.6936	-1.6146	117.32	26.483	74.094	492.86	0.25701	70.069	0.086554	0.0032113	2.6734	0.37405	2.1455	2.9474	151.31	26.589	58.590	186.12	12.270	10.955	0.016337
134.37	2.1605	27.079	0.036929	-1.6823	-1.6025	117.41	26.483	74.344	490.95	0.26324	69.778	0.086313	0.0031791	2.6973	0.37074	2.1440	2.9450	151.25	26.631	58.947	186.04	12.239	10.977	0.016399
134.54	2.1775	27.034	0.036991	-1.6710	-1.5904	117.49	26.483	74.599	489.03	0.26956	69.488	0.086072	0.0031469	2.7214	0.36746	2.1425	2.9426	151.18	26.674	59.310	185.96	12.207	10.999	0.016463
134.70	2.1945	26.988	0.037053	-1.6596	-1.5783	117.58	26.484	74.858	487.11	0.27596	69.198	0.085831	0.0031148	2.7457	0.36421	2.1409	2.9402	151.12	26.717	59.680	185.88	12.176	11.022	0.016526
134.87	2.2117	26.942	0.037116	-1.6482	-1.5661	117.66	26.485	75.121	485.18	0.28244	68.909	0.085590	0.0030828	2.7702	0.36099	2.1393	2.9377	151.05	26.760	60.055	185.80	12.144	11.044	0.016591
135.04	2.2290	26.896	0.037180	-1.6368	-1.5539	117.75	26.486	75.389	483.25	0.28901	68.621	0.085350	0.0030508	2.7949	0.35779	2.1376	2.9351	150.99	26.804	60.437	185.72	12.113	11.066	0.016656
135.21	2.2464	26.850	0.037244	-1.6254	-1.5417	117.83	26.487	75.661	481.31	0.29567	68.333	0.085109	0.0030189	2.8199	0.35463	2.1359	2.9325	150.92	26.848	60.826	185.64	12.081	11.089	0.016722
135.37	2.2638	26.803	0.037309	-1.6139	-1.5295	117.92	26.488	75.938	479.37	0.30242	68.045	0.084868	0.0029871	2.8451	0.35148	2.1341	2.9298	150.86	26.892	61.221	185.55	12.050	11.112	0.016789
135.54	2.2814	26.757	0.037374	-1.6024	-1.5172	118.00	26.490	76.220	477.42	0.30926	67.758	0.084628	0.0029553	2.8705	0.34837	2.1323	2.9271	150.79	26.937	61.624	185.47	12.018	11.135	0.016856
135.71	2.2990	26.710	0.037439	-1.5909	-1.5048	118.09	26.492	76.507	475.46	0.31619	67.471	0.084387	0.0029235	2.8962	0.34528	2.1305	2.9243	150.73	26.982	62.033	185.38	11.987	11.158	0.016924
135.87	2.3168	26.663	0.037506	-1.5793	-1.4925	118.18	26.494	76.799	473.50	0.32322	67.185	0.084147	0.0028919	2.9221	0.34222	2.1286	2.9215	150.66	27.027	62.450	185.30	11.955	11.181	0.016993
136.04	2.3347	26.615	0.037572	-1.5678	-1.4800	118.26	26.496	77.096	471.54	0.33034	66.899	0.083906	0.0028603	2.9482	0.33919	2.1267	2.9186	150.60	27.072	62.875	185.21	11.923	11.205	0.017062
136.21	2.3526	26.568	0.037640	-1.5562	-1.4676	118.35	26.499	77.398	469.56	0.33757	66.613	0.083666	0.0028287	2.9746	0.33618	2.1247	2.9156	150.53	27.118	63.307	185.12	11.892	11.228	0.017132
136.37	2.3707	26.520	0.037708	-1.5445	-1.4551	118.44	26.501	77.706	467.59	0.34490	66.328	0.083425	0.0027973	3.0012	0.33320	2.1227	2.9126	150.46	27.164	63.747	185.03	11.860	11.252	0.017203
136.54	2.3888	26.472	0.037776	-1.5329	-1.4426	118.52	26.504	78.019	465.60	0.35232	66.044	0.083185	0.0027659	3.0281	0.33024	2.1207	2.9096	150.40	27.211	64.196	184.94	11.828	11.276	0.017275
136.71	2.4071	26.423	0.037845	-1.5212	-1.4301	118.61	26.508	78.339	463.62	0.35986	65.760	0.082945	0.0027345	3.0553	0.32730	2.1186	2.9064	150.33	27.258	64.653	184.85	11.796	11.300	0.017348
136.88	2.4254	26.375	0.037915	-1.5094	-1.4175	118.70	26.511	78.664	461.62	0.36750	65.476	0.082704	0.0027033	3.0827	0.32439	2.1165	2.9032	150.26	27.305	65.119	184.76	11.764	11.325	0.017421
137.04	2.4439	26.326	0.037985	-1.4977	-1.4049	118.78	26.515	78.995	459.62	0.37525	65.192	0.082464	0.0026721	3.1104	0.32151	2.1143	2.9000	150.20	27.353	65.593	184.66	11.733	11.349	0.017496
137.21	2.4624	26.277	0.038056	-1.4859	-1.3922	118.87	26.519	79.333	457.61	0.38312	64.909	0.082224	0.0026409	3.1383	0.31864	2.1120	2.8967	150.13	27.401	66.077	184.57	11.701	11.374	0.017571
137.38	2.4811	26.227	0.038128	-1.4741	-1.3795	118.96	26.524	79.677	455.60	0.39110	64.626	0.081984	0.0026098	3.1665	0.31581	2.1097	2.8933	150.06	27.450	66.571	184.47	11.669	11.399	0.017647
137.54	2.4999	26.178	0.038200	-1.4622	-1.3667	119.05	26.528	80.028	453.58	0.39919	64.344	0.081744	0.0025788	3.1950	0.31299	2.1074	2.8898	149.99	27.498	67.074	184.38	11.636	11.424	0.017724
137.71	2.5187	26.128	0.038273	-1.4503	-1.3539	119.13	26.533	80.386	451.55	0.40741	64.062	0.081504	0.0025479	3.2238	0.31020	2.1050	2.8863	149.92	27.548	67.587	184.28	11.604	11.450	0.017802
137.88	2.5377	26.078	0.038347	-1.4384	-1.3411	119.22	26.538	80.750	449.52	0.41575	63.780	0.081264	0.0025170	3.2528	0.30743	2.1026	2.8828	149.86	27.597	68.111	184.18	11.572	11.475	0.017881
138.04	2.5568	26.027	0.038421	-1.4265	-1.3282	119.31	26.544	81.122	447.48	0.42421	63.499	0.081024	0.0024862	3.2822	0.30468	2.1001	2.8791	149.79	27.648	68.645	184.08	11.540	11.501	0.017961
138.21	2.5759	25.977	0.038496	-1.4145	-1.3153	119.40	26.550	81.502	445.44	0.43280	63.217	0.080784	0.0024555	3.3118	0.30195	2.0976	2.8754	149.72	27.698	69.190	183.98	11.507	11.527	0.018042
138.38	2.5952	25.926	0.038572	-1.4025	-1.3024	119.49	26.556	81.889	443.39	0.44152	62.937	0.080544	0.0024248	3.3417	0.29925	2.0950	2.8716	149.65	27.749	69.747	183.87	11.475	11.554	0.018124
138.55	2.6146	25.874	0.038648	-1.3904	-1.2894	119.57	26.562	82.284	441.33	0.45037	62.656	0.080304	0.0023943	3.3720	0.29656	2.0924	2.8678	149.58	27.801	70.316	183.77	11.442	11.580	0.018207
138.71	2.6341	25.823	0.038726	-1.3783	-1.2763	119.66	26.569	82.687	439.26	0.45936	62.376	0.080064	0.0023637	3.4025	0.29390	2.0897	2.8638	149.51	27.853	70.896	183.67	11.410	11.607	0.018291
138.88	2.6537	25.771	0.038804	-1.3662	-1.2632	119.75	26.576	83.099	437.19	0.46849	62.096	0.079824	0.0023333	3.4333	0.29126	2.0869	2.8598	149.44	27.905	71.490	183.56	11.377	11.634	0.018376
139.05	2.6734	25.719	0.038882	-1.3540	-1.2501	119.84	26.584	83.519	435.11	0.47777	61.816	0.079585	0.0023029	3.4645	0.28864	2.0841	2.8558	149.37	27.958	72.096	183.45	11.344	11.661	0.018462
139.21	2.6932	25.666	0.038962	-1.3418	-1.2369	119.93	26.592	83.948	433.02	0.48718	61.536	0.079345	0.0022726	3.4960	0.28604	2.0813	2.8516	149.30	28.011	72.715	183.35	11.311	11.689	0.018550
139.38	2.7131	25.613	0.039042	-1.3296	-1.2237	120.02	26.600	84.387	430.93	0.49675	61.257	0.079105	0.0022424	3.5278	0.28346	2.0783	2.8474	149.23	28.065	73.348	183.24	11.278	11.717	0.018638
139.55	2.7331	25.560	0.039123	-1.3173	-1.2104	120.11	26.608	84.835	428.83	0.50647	60.978	0.078865	0.0022123	3.5600	0.28090	2.0754	2.8431	149.16	28.119	73.996	183.13	11.245	11.745	0.018728
139.72	2.7532	25.507	0.039206	-1.3050	-1.1971	120.20	26.617	85.293	426.72	0.51635	60.699	0.078626	0.0021822	3.5925	0.27836	2.0723	2.8387	149.08	28.174	74.658	183.01	11.212	11.774	0.018819
139.88	2.7734	25.453	0.039288	-1.2926	-1.1837	120.29	26.627	85.762	424.60	0.52639	60.420	0.078386	0.0021522	3.6253	0.27584	2.0692	2.8343	149.01	28.230	75.336	182.90	11.178	11.802	0.018911
140.05	2.7938	25.399	0.039372	-1.2802	-1.1702	120.38	26.637	86.240	422.47	0.53659	60.141	0.078146	0.0021223	3.6585	0.27333	2.0661	2.8297	148.94	28.286	76.029	182.79	11.145	11.831	0.019005
140.22	2.8142	25.344	0.039457	-1.2678	-1.1568	120.47	26.647	86.730	420.34	0.54696	59.863	0.077907	0.0020924	3.6921	0.27085	2.0629	2.8251	148.87	28.342	76.739	182.67	11.111	11.861	0.019100
140.38	2.8348	25.289	0.039542	-1.2553	-1.1432	120.56	26.657	87.231	418.20	0.55750	59.584	0.077667	0.0020627	3.7260	0.26838	2.0596	2.8204	148.79	28.399	77.466	182.56	11.078	11.890	0.019196
140.55	2.8554	25.234	0.039629	-1.2428	-1.1296	120.65	26.669	87.744	416.05	0.56822	59.306	0.077428	0.0020330	3.7603	0.26594	2.0562	2.8156	148.72	28.457	78.210	182.44	11.044	11.920	0.019294
140.72	2.8762	25.178	0.039717	-1.2302	-1.1160	120.74	26.680	88.269	413.89	0.57912	59.028	0.077188	0.0020034	3.7950	0.26351	2.0528	2.8107	148.65	28.516	78.973	182.32	11.010	11.951	0.019393
140.88	2.8971	25.122	0.039805	-1.2176	-1.1023	120.83	26.692	88.806	411.73	0.59021	58.750	0.076949	0.0019738	3.8300	0.26109	2.0494	2.8058	148.57	28.574	79.754	182.20	10.976	11.982	0.019494
141.05	2.9181	25.066	0.039895	-1.2049	-1.0885	120.93	26.705	89.357	409.55	0.60148	58.472	0.076709	0.0019444	3.8655	0.25870	2.0458	2.8007	148.50	28.634	80.555	182.08	10.942	12.013	0.019596
141.22	2.9392	25.009	0.039985	-1.1922	-1.0747	121.02	26.718	89.921	407.37	0.61295	58.194	0.076469	0.0019150	3.9013	0.25632	2.0422	2.7956	148.42	28.694	81.377	181.95	10.907	12.044	0.019699
141.39	2.9604	24.952	0.040077	-1.1794	-1.0608	121.11	26.731	90.498	405.17	0.62463	57.916	0.076230	0.0018857	3.9376	0.25396	2.0385	2.7903	148.35	28.755	82.219	181.83	10.872	12.076	0.019805
141.55	2.9817	24.895	0.040169	-1.1666	-1.0468	121.20	26.745	91.091	402.97	0.63650	57.638	0.075991	0.0018565	3.9743	0.25162	2.0348	2.7850	148.27	28.817	83.084	181.70	10.838	12.108	0.019911
141.72	3.0032	24.837	0.040263	-1.1538	-1.0328	121.30	26.760	91.698	400.76	0.64859	57.360	0.075751	0.0018274	4.0114	0.24929	2.0309	2.7796	148.20	28.879	83.971	181.58	10.803	12.141	0.020020
141.89	3.0247	24.778	0.040358	-1.1408	-1.0188	121.39	26.775	92.321	398.54	0.66089	57.082	0.075512	0.0017984	4.0489	0.24698	2.0270	2.7741	148.12	28.942	84.882	181.45	10.768	12.174	0.020130
142.05	3.0464	24.719	0.040454	-1.1279	-1.0046	121.48	26.791	92.960	396.31	0.67342	56.804	0.075272	0.0017694	4.0869	0.24469	2.0230	2.7684	148.04	29.006	85.818	181.32	10.732	12.207	0.020242
142.22	3.0682	24.660	0.040551	-1.1148	-0.99043	121.58	26.807	93.616	394.07	0.68617	56.526	0.075033	0.0017406	4.1253	0.24241	2.0190	2.7627	147.97	29.070	86.780	181.19	10.697	12.241	0.020356
142.39	3.0901	24.600	0.040650	-1.1018	-0.97616	121.67	26.824	94.290	391.82	0.69916	56.248	0.074794	0.0017118	4.1642	0.24014	2.0148	2.7569	147.89	29.135	87.769	181.06	10.661	12.275	0.020472
142.55	3.1121	24.540	0.040749	-1.0886	-0.96183	121.76	26.841	94.981	389.56	0.71239	55.969	0.074554	0.0016831	4.2035	0.23789	2.0106	2.7510	147.81	29.201	88.785	180.92	10.625	12.310	0.020590
142.72	3.1342	24.480	0.040850	-1.0755	-0.94742	121.86	26.860	95.692	387.29	0.72587	55.691	0.074315	0.0016545	4.2434	0.23566	2.0063	2.7449	147.73	29.268	89.831	180.79	10.589	12.345	0.020710
142.89	3.1564	24.418	0.040953	-1.0622	-0.93294	121.95	26.879	96.423	385.01	0.73960	55.413	0.074076	0.0016260	4.2837	0.23344	2.0019	2.7388	147.65	29.336	90.907	180.65	10.553	12.381	0.020832
143.06	3.1788	24.357	0.041056	-1.0489	-0.91839	122.05	26.898	97.174	382.72	0.75360	55.134	0.073836	0.0015976	4.3246	0.23124	1.9974	2.7325	147.57	29.405	92.015	180.51	10.516	12.417	0.020956
143.22	3.2013	24.295	0.041161	-1.0355	-0.90376	122.14	26.919	97.947	380.42	0.76787	54.855	0.073597	0.0015693	4.3659	0.22905	1.9929	2.7261	147.49	29.474	93.156	180.37	10.480	12.454	0.021082
143.39	3.2239	24.232	0.041268	-1.0221	-0.88905	122.24	26.940	98.742	378.11	0.78241	54.576	0.073358	0.0015411	4.4078	0.22687	1.9882	2.7196	147.41	29.544	94.331	180.23	10.443	12.491	0.021210
143.56	3.2466	24.169	0.041376	-1.0086	-0.87427	122.34	26.962	99.560	375.79	0.79724	54.297	0.073119	0.0015130	4.4502	0.22471	1.9835	2.7130	147.33	29.616	95.543	180.09	10.405	12.529	0.021341
143.72	3.2694	24.105	0.041485	-0.99504	-0.85941	122.43	26.984	100.40	373.45	0.81236	54.017	0.072880	0.0014849	4.4932	0.22256	1.9786	2.7063	147.24	29.688	96.794	179.94	10.368	12.567	0.021474
143.89	3.2923	24.041	0.041596	-0.98141	-0.84446	122.53	27.008	101.27	371.10	0.82779	53.737	0.072641	0.0014570	4.5367	0.22042	1.9737	2.6994	147.16	29.761	98.084	179.79	10.330	12.606	0.021610
144.06	3.3154	23.976	0.041708	-0.96771	-0.82943	122.63	27.033	102.17	368.74	0.84353	53.457	0.072402	0.0014292	4.5808	0.21830	1.9687	2.6924	147.08	29.836	99.415	179.65	10.292	12.646	0.021749
144.22	3.3386	23.910	0.041823	-0.95394	-0.81432	122.73	27.058	103.09	366.37	0.85959	53.177	0.072163	0.0014014	4.6255	0.21619	1.9635	2.6853	146.99	29.911	100.79	179.50	10.254	12.686	0.021890
144.39	3.3619	23.844	0.041939	-0.94010	-0.79911	122.83	27.084	104.04	363.99	0.87598	52.896	0.071924	0.0013738	4.6708	0.21409	1.9583	2.6781	146.91	29.987	102.21	179.35	10.215	12.727	0.022033
144.56	3.3853	23.778	0.042056	-0.92619	-0.78382	122.92	27.112	105.03	361.59	0.89272	52.614	0.071685	0.0013462	4.7168	0.21201	1.9529	2.6707	146.82	30.065	103.68	179.19	10.176	12.768	0.022180
144.73	3.4089	23.710	0.042175	-0.91220	-0.76843	123.02	27.140	106.04	359.18	0.90982	52.332	0.071447	0.0013188	4.7633	0.20994	1.9475	2.6631	146.74	30.144	105.20	179.04	10.137	12.810	0.022330
144.89	3.4325	23.643	0.042297	-0.89813	-0.75295	123.12	27.170	107.09	356.76	0.92727	52.050	0.071208	0.0012915	4.8106	0.20787	1.9419	2.6555	146.65	30.224	106.78	178.88	10.097	12.853	0.022482
145.06	3.4563	23.574	0.042420	-0.88398	-0.73736	123.23	27.200	108.18	354.32	0.94511	51.767	0.070970	0.0012643	4.8585	0.20583	1.9362	2.6476	146.56	30.305	108.41	178.72	10.057	12.897	0.022638
145.23	3.4802	23.505	0.042545	-0.86975	-0.72168	123.33	27.232	109.30	351.87	0.96334	51.484	0.070732	0.0012371	4.9071	0.20379	1.9304	2.6397	146.47	30.387	110.10	178.56	10.017	12.941	0.022797
145.39	3.5043	23.435	0.042672	-0.85543	-0.70590	123.43	27.265	110.47	349.41	0.98197	51.200	0.070494	0.0012101	4.9564	0.20176	1.9245	2.6315	146.38	30.471	111.85	178.40	9.9760	12.986	0.022960
145.56	3.5284	23.364	0.042801	-0.84103	-0.69001	123.53	27.299	111.67	346.93	1.0010	50.915	0.070256	0.0011832	5.0065	0.19974	1.9185	2.6232	146.29	30.556	113.67	178.23	9.9349	13.032	0.023126
145.73	3.5527	23.292	0.042932	-0.82654	-0.67401	123.63	27.335	112.92	344.43	1.0205	50.630	0.070018	0.0011564	5.0573	0.19773	1.9123	2.6148	146.20	30.643	115.56	178.07	9.8935	13.079	0.023296
145.90	3.5771	23.220	0.043066	-0.81195	-0.65790	123.74	27.371	114.22	341.92	1.0404	50.344	0.069781	0.0011298	5.1089	0.19574	1.9060	2.6062	146.11	30.731	117.52	177.90	9.8516	13.127	0.023470
146.06	3.6017	23.147	0.043202	-0.79727	-0.64167	123.84	27.410	115.56	339.40	1.0608	50.057	0.069544	0.0011032	5.1613	0.19375	1.8995	2.5974	146.02	30.821	119.56	177.73	9.8093	13.176	0.023648
146.23	3.6263	23.073	0.043340	-0.78249	-0.62532	123.94	27.450	116.96	336.85	1.0817	49.770	0.069307	0.0010768	5.2145	0.19177	1.8929	2.5884	145.92	30.912	121.69	177.55	9.7665	13.225	0.023830
146.40	3.6511	22.999	0.043481	-0.76761	-0.60885	124.05	27.491	118.41	334.29	1.1031	49.481	0.069070	0.0010505	5.2686	0.18981	1.8862	2.5792	145.83	31.005	123.90	177.38	9.7233	13.276	0.024017
146.56	3.6761	22.923	0.043624	-0.75262	-0.59226	124.16	27.534	119.92	331.72	1.1250	49.192	0.068834	0.0010243	5.3235	0.18785	1.8793	2.5699	145.73	31.099	126.21	177.20	9.6796	13.327	0.024208
146.73	3.7011	22.847	0.043770	-0.73753	-0.57553	124.26	27.579	121.50	329.13	1.1474	48.902	0.068598	0.00099818	5.3794	0.18590	1.8723	2.5603	145.63	31.195	128.61	177.02	9.6355	13.380	0.024404
146.90	3.7263	22.769	0.043919	-0.72233	-0.55867	124.37	27.626	123.14	326.51	1.1704	48.610	0.068363	0.00097222	5.4362	0.18395	1.8651	2.5506	145.54	31.293	131.13	176.84	9.5908	13.434	0.024604
147.06	3.7516	22.691	0.044071	-0.70701	-0.54167	124.48	27.674	124.85	323.88	1.1940	48.318	0.068128	0.00094640	5.4939	0.18202	1.8578	2.5406	145.44	31.393	133.75	176.65	9.5456	13.489	0.024810
147.23	3.7771	22.611	0.044225	-0.69157	-0.52453	124.59	27.725	126.64	321.23	1.2182	48.024	0.067894	0.00092070	5.5527	0.18009	1.8503	2.5305	145.34	31.495	136.50	176.46	9.4998	13.545	0.025022
147.40	3.8026	22.531	0.044383	-0.67601	-0.50723	124.70	27.777	128.51	318.56	1.2431	47.729	0.067660	0.00089513	5.6126	0.17817	1.8426	2.5201	145.23	31.600	139.38	176.27	9.4535	13.603	0.025239
147.57	3.8283	22.450	0.044544	-0.66032	-0.48979	124.81	27.832	130.46	315.87	1.2686	47.433	0.067427	0.00086970	5.6735	0.17626	1.8347	2.5095	145.13	31.706	142.40	176.08	9.4065	13.662	0.025463
147.73	3.8542	22.367	0.044709	-0.64449	-0.47218	124.92	27.890	132.51	313.16	1.2947	47.135	0.067195	0.00084440	5.7355	0.17435	1.8266	2.4986	145.03	31.814	145.57	175.88	9.3590	13.722	0.025692
147.90	3.8802	22.283	0.044876	-0.62853	-0.45441	125.03	27.949	134.66	310.43	1.3216	46.836	0.066964	0.00081924	5.7987	0.17245	1.8183	2.4875	144.92	31.925	148.91	175.68	9.3108	13.784	0.025929
148.07	3.9063	22.199	0.045048	-0.61243	-0.43646	125.14	28.011	136.92	307.67	1.3493	46.535	0.066734	0.00079422	5.8631	0.17056	1.8099	2.4761	144.81	32.038	152.41	175.48	9.2619	13.847	0.026172
148.23	3.9325	22.112	0.045224	-0.59618	-0.41834	125.26	28.076	139.29	304.90	1.3778	46.233	0.066504	0.00076935	5.9288	0.16867	1.8012	2.4645	144.71	32.154	156.10	175.27	9.2123	13.912	0.026423
148.40	3.9589	22.025	0.045403	-0.57977	-0.40003	125.37	28.144	141.79	302.09	1.4070	45.929	0.066276	0.00074462	5.9958	0.16678	1.7923	2.4526	144.60	32.273	160.00	175.06	9.1620	13.978	0.026682
148.57	3.9854	21.936	0.045587	-0.56320	-0.38152	125.49	28.215	144.43	299.26	1.4372	45.623	0.066050	0.00072004	6.0642	0.16490	1.7832	2.4404	144.48	32.394	164.12	174.84	9.1109	14.047	0.026949
148.73	4.0121	21.846	0.045775	-0.54647	-0.36281	125.61	28.290	147.21	296.41	1.4683	45.315	0.065825	0.00069562	6.1340	0.16303	1.7738	2.4279	144.37	32.519	168.48	174.63	9.0590	14.117	0.027225
148.90	4.0389	21.754	0.045968	-0.52955	-0.34389	125.73	28.367	150.16	293.53	1.5003	45.005	0.065601	0.00067135	6.2053	0.16115	1.7642	2.4151	144.26	32.646	173.09	174.40	9.0063	14.189	0.027510
149.07	4.0658	21.661	0.046166	-0.51245	-0.32475	125.85	28.449	153.28	290.61	1.5333	44.692	0.065380	0.00064724	6.2781	0.15928	1.7543	2.4019	144.14	32.777	178.00	174.18	8.9527	14.263	0.027805
149.24	4.0929	21.566	0.046369	-0.49516	-0.30538	125.97	28.534	156.60	287.67	1.5674	44.377	0.065160	0.00062330	6.3527	0.15741	1.7442	2.3884	144.02	32.911	183.21	173.95	8.8982	14.340	0.028111
149.40	4.1201	21.470	0.046577	-0.47767	-0.28576	126.09	28.623	160.13	284.70	1.6027	44.059	0.064943	0.00059952	6.4289	0.15555	1.7337	2.3746	143.90	33.049	188.77	173.71	8.8427	14.418	0.028428
149.57	4.1475	21.372	0.046791	-0.45996	-0.26589	126.22	28.717	163.89	281.70	1.6391	43.739	0.064728	0.00057592	6.5070	0.15368	1.7230	2.3604	143.77	33.190	194.70	173.47	8.7862	14.500	0.028757
149.74	4.1750	21.271	0.047012	-0.44202	-0.24575	126.34	28.816	167.91	278.66	1.6768	43.416	0.064517	0.00055249	6.5870	0.15182	1.7119	2.3458	143.65	33.336	201.05	173.22	8.7287	14.583	0.029099
149.90	4.2027	21.169	0.047238	-0.42385	-0.22532	126.47	28.919	172.22	275.58	1.7158	43.089	0.064308	0.00052924	6.6690	0.14995	1.7005	2.3307	143.52	33.486	207.87	172.97	8.6700	14.670	0.029455
150.07	4.2305	21.065	0.047472	-0.40543	-0.20460	126.60	29.029	176.85	272.47	1.7563	42.759	0.064103	0.00050618	6.7531	0.14808	1.6888	2.3152	143.39	33.641	215.19	172.71	8.6102	14.760	0.029826
150.24	4.2584	20.958	0.047713	-0.38674	-0.18356	126.73	29.144	181.84	269.32	1.7982	42.426	0.063902	0.00048332	6.8395	0.14621	1.6767	2.2993	143.26	33.800	223.09	172.45	8.5491	14.852	0.030214
150.41	4.2865	20.850	0.047963	-0.36777	-0.16217	126.86	29.265	187.23	266.12	1.8418	42.088	0.063706	0.00046064	6.9283	0.14434	1.6642	2.2829	143.12	33.965	231.62	172.18	8.4866	14.949	0.030619
150.57	4.3148	20.738	0.048220	-0.34849	-0.14043	127.00	29.393	193.07	262.88	1.8871	41.746	0.063515	0.00043817	7.0197	0.14246	1.6512	2.2659	142.98	34.135	240.88	171.90	8.4228	15.048	0.031043
150.74	4.3432	20.624	0.048487	-0.32890	-0.11831	127.14	29.529	199.43	259.60	1.9343	41.399	0.063329	0.00041592	7.1138	0.14057	1.6378	2.2484	142.84	34.311	250.96	171.62	8.3575	15.152	0.031489
150.91	4.3717	20.507	0.048763	-0.30895	-0.095775	127.28	29.673	206.37	256.26	1.9835	41.047	0.063149	0.00039387	7.2108	0.13868	1.6240	2.2303	142.69	34.493	261.97	171.32	8.2906	15.260	0.031957
151.07	4.4004	20.387	0.049050	-0.28864	-0.072798	127.42	29.825	213.99	252.88	2.0348	40.690	0.062977	0.00037205	7.3110	0.13678	1.6096	2.2115	142.54	34.682	274.04	171.02	8.2221	15.372	0.032451
151.24	4.4293	20.264	0.049349	-0.26793	-0.049346	127.56	29.987	222.39	249.43	2.0885	40.327	0.062812	0.00035047	7.4146	0.13487	1.5947	2.1921	142.39	34.879	287.33	170.70	8.1517	15.490	0.032972
151.41	4.4583	20.137	0.049661	-0.24678	-0.025378	127.71	30.160	231.70	245.93	2.1446	39.957	0.062657	0.00032913	7.5218	0.13295	1.5791	2.1719	142.23	35.083	302.04	170.38	8.0794	15.612	0.033525
151.57	4.4875	20.006	0.049986	-0.22516	-0.00084980	127.87	30.344	242.08	242.36	2.2035	39.579	0.062512	0.00030803	7.6330	0.13101	1.5630	2.1509	142.06	35.296	318.41	170.04	8.0050	15.741	0.034112
151.74	4.5169	19.870	0.050326	-0.20303	0.024291	128.02	30.541	253.72	238.72	2.2654	39.194	0.062379	0.00028720	7.7485	0.12906	1.5461	2.1290	141.89	35.518	336.72	169.69	7.9283	15.876	0.034739
151.91	4.5464	19.730	0.050683	-0.18032	0.050104	128.18	30.752	266.88	235.01	2.3305	38.800	0.062259	0.00026665	7.8687	0.12709	1.5285	2.1062	141.72	35.751	357.35	169.32	7.8492	16.019	0.035410
152.08	4.5760	19.585	0.051060	-0.15699	0.076662	128.35	30.979	281.87	231.22	2.3993	38.395	0.062155	0.00024638	7.9942	0.12509	1.5100	2.0824	141.54	35.994	380.76	168.94	7.7674	16.169	0.036131
152.24	4.6059	19.434	0.051457	-0.13296	0.10405	128.52	31.225	299.10	227.35	2.4720	37.980	0.062071	0.00022641	8.1255	0.12307	1.4905	2.0574	141.35	36.250	407.55	168.54	7.6827	16.328	0.036911
152.41	4.6359	19.276	0.051878	-0.10814	0.13236	128.69	31.490	319.12	223.38	2.5491	37.551	0.062008	0.00020676	8.2633	0.12102	1.4701	2.0311	141.15	36.520	438.51	168.12	7.5947	16.497	0.037759
152.58	4.6661	19.111	0.052327	-0.082425	0.16173	128.88	31.779	342.68	219.30	2.6312	37.108	0.061974	0.00018745	8.4084	0.11893	1.4484	2.0033	140.95	36.805	474.67	167.68	7.5032	16.678	0.038687
152.74	4.6964	18.937	0.052807	-0.055693	0.19231	129.06	32.094	370.80	215.11	2.7189	36.648	0.061973	0.00016850	8.5618	0.11680	1.4254	1.9740	140.73	37.107	517.46	167.20	7.4076	16.871	0.039710
152.91	4.7270	18.753	0.053324	-0.027774	0.22429	129.26	32.441	404.93	210.80	2.8129	36.168	0.062015	0.00014993	8.7248	0.11462	1.4009	1.9427	140.50	37.429	568.88	166.70	7.3075	17.080	0.040850
153.08	4.7577	18.558	0.053886	0.0015414	0.25791	129.47	32.825	447.23	206.35	2.9142	35.664	0.062114	0.00013178	8.8990	0.11237	1.3746	1.9093	140.26	37.773	631.80	166.16	7.2021	17.306	0.042134
153.24	4.7886	18.348	0.054501	0.032533	0.29351	129.69	33.253	500.99	201.73	3.0239	35.133	0.062289	0.00011407	9.0864	0.11005	1.3462	1.8732	140.00	38.143	710.56	165.57	7.0905	17.554	0.043601
153.41	4.8197	18.122	0.055182	0.065583	0.33154	129.93	33.735	571.49	196.94	3.1436	34.566	0.062570	9.6857e-05	9.2899	0.10764	1.3153	1.8341	139.73	38.543	811.93	164.93	6.9717	17.828	0.045307
153.58	4.8510	17.874	0.055948	0.10123	0.37264	130.19	34.284	667.82	191.94	3.2754	33.956	0.063010	8.0191e-05	9.5134	0.10512	1.2812	1.7911	139.42	38.980	947.22	164.22	6.8441	18.134	0.047338
153.75	4.8824	17.597	0.056827	0.14031	0.41776	130.47	34.922	806.84	186.68	3.4220	33.287	0.063697	6.4140e-05	9.7625	0.10243	1.2431	1.7433	139.09	39.462	1136.8	163.42	6.7054	18.482	0.049834
153.91	4.9141	17.282	0.057865	0.18411	0.46847	130.79	35.677	1023.6	181.12	3.5878	32.538	0.064806	4.8799e-05	10.046	0.099538	1.1997	1.6888	138.72	40.000	1421.0	162.49	6.5520	18.888	0.053045
154.08	4.9460	16.908	0.059144	0.23501	0.52754	131.16	36.604	1404.0	175.17	3.7795	31.671	0.066724	3.4305e-05	10.380	0.096335	1.1485	1.6250	138.28	40.612	1893.8	161.40	6.3782	19.379	0.057471
154.25	4.9781	16.436	0.060842	0.29797	0.60085	131.62	37.801	2219.9	168.70	4.0105	30.603	0.070515	2.0876e-05	10.795	0.092631	1.0849	1.5460	137.75	41.330	2832.2	160.04	6.1725	20.006	0.064354
154.41	5.0104	15.755	0.063470	0.38702	0.70503	132.28	39.513	4904.7	161.46	4.3139	29.116	0.080607	8.9308e-06	11.373	0.087930	0.99698	1.4375	137.03	42.213	5554.3	158.16	5.9057	20.914	0.078238
154.58	5.0428	13.630	0.073368	0.66752	1.0375	134.42	undefined	undefined	undefined	0.0000	24.845	undefined	undefined	13.630	0.073368	0.66752	1.0375	134.42	undefined	undefined	undefined	0.0000	24.845	undefined
