Temperature (K)	Pressure (MPa)	Density (l, mol/l)	Volume (l, l/mol)	Internal Energy (l, kJ/mol)	Enthalpy (l, kJ/mol)	Entropy (l, J/mol*K)	Cv (l, J/mol*K)	Cp (l, J/mol*K)	Sound Spd. (l, m/s)	Joule-Thomson (l, K/MPa)	Viscosity (l, uPa*s)	Therm. Cond. (l, W/m*K)	Surf. Tension (l, N/m)	Density (v, mol/l)	Volume (v, l/mol)	Internal Energy (v, kJ/mol)	Enthalpy (v, kJ/mol)	Entropy (v, J/mol*K)	Cv (v, J/mol*K)	Cp (v, J/mol*K)	Sound Spd. (v, m/s)	Joule-Thomson (v, K/MPa)	Viscosity (v, uPa*s)	Therm. Cond. (v, W/m*K)
175.61	1.8636e-07	28.230	0.035423	-12.440	-12.440	-49.524	56.727	70.390	1625.1	-0.40884	12813.	0.22041	0.035068	1.2764e-07	7.8344e+06	28.219	29.679	190.32	31.874	40.287	239.95	1.1874e+06	5.8217	0.0067407
176.17	2.0432e-07	28.213	0.035444	-12.400	-12.400	-49.299	56.727	70.456	1620.4	-0.40800	12490.	0.22038	0.034984	1.3949e-07	7.1690e+06	28.237	29.701	189.68	31.935	40.353	240.29	1.1385e+06	5.8386	0.0067715
176.73	2.2385e-07	28.196	0.035466	-12.360	-12.360	-49.075	56.725	70.515	1615.7	-0.40723	12171.	0.22035	0.034900	1.5235e-07	6.5640e+06	28.254	29.723	189.04	31.997	40.420	240.64	1.0917e+06	5.8556	0.0068023
177.29	2.4508e-07	28.179	0.035487	-12.321	-12.321	-48.851	56.721	70.568	1611.2	-0.40651	11858.	0.22031	0.034816	1.6628e-07	6.0138e+06	28.271	29.745	188.41	32.061	40.490	240.98	1.0469e+06	5.8725	0.0068331
177.86	2.6821e-07	28.162	0.035509	-12.281	-12.281	-48.628	56.716	70.615	1606.7	-0.40584	11551.	0.22028	0.034733	1.8139e-07	5.5130e+06	28.288	29.767	187.79	32.127	40.561	241.33	1.0041e+06	5.8895	0.0068640
178.42	2.9327e-07	28.145	0.035530	-12.241	-12.241	-48.405	56.710	70.657	1602.3	-0.40523	11251.	0.22024	0.034650	1.9775e-07	5.0569e+06	28.305	29.788	187.16	32.195	40.635	241.67	9.6319e+05	5.9065	0.0068950
178.98	3.2057e-07	28.128	0.035552	-12.202	-12.202	-48.183	56.703	70.694	1597.9	-0.40466	10957.	0.22020	0.034567	2.1546e-07	4.6412e+06	28.322	29.810	186.55	32.265	40.711	242.01	9.2401e+05	5.9235	0.0069260
179.54	3.5018e-07	28.111	0.035574	-12.162	-12.162	-47.961	56.696	70.727	1593.6	-0.40413	10671.	0.22016	0.034485	2.3462e-07	4.2623e+06	28.339	29.832	185.93	32.337	40.788	242.35	8.8650e+05	5.9405	0.0069570
180.10	3.8228e-07	28.093	0.035596	-12.122	-12.122	-47.740	56.687	70.755	1589.4	-0.40365	10392.	0.22012	0.034403	2.5533e-07	3.9165e+06	28.356	29.854	185.33	32.411	40.868	242.69	8.5061e+05	5.9574	0.0069881
180.66	4.1705e-07	28.076	0.035618	-12.083	-12.083	-47.520	56.679	70.779	1585.3	-0.40320	10120.	0.22008	0.034322	2.7772e-07	3.6008e+06	28.374	29.875	184.72	32.486	40.951	243.02	8.1625e+05	5.9744	0.0070193
181.23	4.5476e-07	28.059	0.035640	-12.043	-12.043	-47.300	56.670	70.801	1581.2	-0.40278	9855.9	0.22003	0.034240	3.0189e-07	3.3125e+06	28.391	29.897	184.12	32.564	41.036	243.36	7.8335e+05	5.9914	0.0070505
181.79	4.9560e-07	28.041	0.035662	-12.003	-12.003	-47.081	56.661	70.819	1577.1	-0.40240	9599.4	0.21998	0.034160	3.2799e-07	3.0489e+06	28.408	29.919	183.53	32.644	41.123	243.69	7.5185e+05	6.0084	0.0070817
182.35	5.3986e-07	28.024	0.035684	-11.963	-11.963	-46.863	56.653	70.834	1573.2	-0.40205	9350.3	0.21993	0.034079	3.5614e-07	2.8079e+06	28.425	29.941	182.94	32.726	41.212	244.02	7.2168e+05	6.0254	0.0071130
182.91	5.8762e-07	28.006	0.035706	-11.923	-11.923	-46.645	56.644	70.847	1569.2	-0.40172	9108.6	0.21988	0.033999	3.8650e-07	2.5874e+06	28.442	29.963	182.35	32.811	41.304	244.35	6.9279e+05	6.0425	0.0071443
183.47	6.3939e-07	27.989	0.035729	-11.884	-11.884	-46.427	56.636	70.858	1565.4	-0.40141	8874.3	0.21983	0.033919	4.1921e-07	2.3854e+06	28.459	29.984	181.77	32.897	41.398	244.68	6.6511e+05	6.0595	0.0071757
184.03	6.9526e-07	27.971	0.035751	-11.844	-11.844	-46.211	56.627	70.866	1561.6	-0.40113	8647.3	0.21978	0.033840	4.5445e-07	2.2005e+06	28.476	30.006	181.19	32.986	41.495	245.00	6.3859e+05	6.0765	0.0072072
184.60	7.5552e-07	27.954	0.035773	-11.804	-11.804	-45.995	56.620	70.873	1557.8	-0.40087	8427.3	0.21972	0.033761	4.9239e-07	2.0309e+06	28.493	30.028	180.62	33.077	41.595	245.33	6.1319e+05	6.0935	0.0072387
185.16	8.2067e-07	27.936	0.035796	-11.764	-11.764	-45.780	56.612	70.879	1554.1	-0.40063	8214.3	0.21966	0.033682	5.3321e-07	1.8754e+06	28.511	30.050	180.05	33.170	41.697	245.65	5.8884e+05	6.1106	0.0072702
185.72	8.9091e-07	27.919	0.035818	-11.724	-11.724	-45.565	56.606	70.883	1550.5	-0.40040	8008.1	0.21961	0.033604	5.7712e-07	1.7328e+06	28.528	30.071	179.48	33.266	41.801	245.97	5.6551e+05	6.1276	0.0073018
186.28	9.6669e-07	27.901	0.035841	-11.685	-11.685	-45.351	56.600	70.886	1546.9	-0.40019	7808.5	0.21955	0.033526	6.2431e-07	1.6018e+06	28.545	30.093	178.92	33.364	41.909	246.29	5.4314e+05	6.1446	0.0073335
186.84	1.0483e-06	27.884	0.035863	-11.645	-11.645	-45.137	56.594	70.888	1543.3	-0.39999	7615.4	0.21949	0.033448	6.7502e-07	1.4814e+06	28.562	30.115	178.36	33.465	42.019	246.61	5.2171e+05	6.1617	0.0073652
187.40	1.1363e-06	27.866	0.035886	-11.605	-11.605	-44.925	56.589	70.890	1539.8	-0.39981	7428.6	0.21943	0.033371	7.2947e-07	1.3709e+06	28.579	30.137	177.81	33.568	42.132	246.93	5.0115e+05	6.1787	0.0073969
187.97	1.2310e-06	27.849	0.035908	-11.565	-11.565	-44.713	56.585	70.890	1536.4	-0.39963	7247.8	0.21936	0.033293	7.8791e-07	1.2692e+06	28.596	30.158	177.26	33.674	42.248	247.24	4.8145e+05	6.1958	0.0074287
188.53	1.3329e-06	27.831	0.035931	-11.525	-11.525	-44.501	56.582	70.891	1532.9	-0.39947	7072.9	0.21930	0.033217	8.5061e-07	1.1756e+06	28.613	30.180	176.72	33.782	42.367	247.55	4.6255e+05	6.2129	0.0074606
189.09	1.4425e-06	27.813	0.035954	-11.486	-11.486	-44.290	56.579	70.891	1529.6	-0.39931	6903.7	0.21924	0.033140	9.1785e-07	1.0895e+06	28.630	30.202	176.17	33.893	42.488	247.87	4.4443e+05	6.2299	0.0074925
189.65	1.5604e-06	27.796	0.035977	-11.446	-11.446	-44.080	56.578	70.891	1526.2	-0.39916	6740.1	0.21917	0.033064	9.8991e-07	1.0102e+06	28.647	30.224	175.64	34.006	42.613	248.18	4.2706e+05	6.2470	0.0075245
190.21	1.6870e-06	27.778	0.035999	-11.406	-11.406	-43.870	56.577	70.891	1523.0	-0.39902	6581.7	0.21911	0.032988	1.0671e-06	9.3711e+05	28.664	30.245	175.10	34.122	42.740	248.49	4.1039e+05	6.2641	0.0075565
190.77	1.8230e-06	27.761	0.036022	-11.366	-11.366	-43.661	56.577	70.890	1519.7	-0.39888	6428.6	0.21904	0.032913	1.1498e-06	8.6973e+05	28.681	30.267	174.57	34.241	42.871	248.79	3.9439e+05	6.2812	0.0075886
191.34	1.9691e-06	27.743	0.036045	-11.326	-11.326	-43.453	56.577	70.890	1516.5	-0.39874	6280.3	0.21897	0.032838	1.2383e-06	8.0759e+05	28.698	30.289	174.04	34.363	43.004	249.10	3.7905e+05	6.2983	0.0076207
191.90	2.1258e-06	27.726	0.036068	-11.286	-11.286	-43.245	56.579	70.890	1513.3	-0.39861	6136.9	0.21890	0.032763	1.3329e-06	7.5024e+05	28.715	30.310	173.52	34.487	43.141	249.40	3.6433e+05	6.3154	0.0076529
192.46	2.2939e-06	27.708	0.036091	-11.247	-11.247	-43.038	56.582	70.890	1510.2	-0.39848	5998.1	0.21883	0.032688	1.4341e-06	6.9729e+05	28.733	30.332	173.00	34.614	43.281	249.71	3.5021e+05	6.3325	0.0076851
193.02	2.4741e-06	27.690	0.036113	-11.207	-11.207	-42.831	56.585	70.891	1507.1	-0.39835	5863.8	0.21876	0.032614	1.5423e-06	6.4838e+05	28.750	30.354	172.48	34.744	43.424	250.01	3.3666e+05	6.3496	0.0077174
193.58	2.6672e-06	27.673	0.036136	-11.167	-11.167	-42.625	56.589	70.892	1504.0	-0.39823	5733.8	0.21869	0.032540	1.6579e-06	6.0318e+05	28.767	30.375	171.97	34.876	43.570	250.31	3.2365e+05	6.3667	0.0077498
194.14	2.8740e-06	27.655	0.036159	-11.127	-11.127	-42.420	56.594	70.893	1501.0	-0.39810	5607.8	0.21862	0.032467	1.7813e-06	5.6138e+05	28.784	30.397	171.46	35.012	43.720	250.60	3.1117e+05	6.3838	0.0077822
194.71	3.0955e-06	27.638	0.036182	-11.087	-11.087	-42.215	56.600	70.895	1498.0	-0.39798	5485.9	0.21855	0.032393	1.9131e-06	5.2272e+05	28.801	30.419	170.96	35.150	43.873	250.90	2.9918e+05	6.4009	0.0078147
195.27	3.3325e-06	27.620	0.036205	-11.048	-11.048	-42.011	56.607	70.898	1495.0	-0.39786	5367.8	0.21847	0.032320	2.0536e-06	4.8694e+05	28.818	30.440	170.46	35.292	44.029	251.20	2.8768e+05	6.4181	0.0078472
195.83	3.5860e-06	27.603	0.036228	-11.008	-11.008	-41.807	56.615	70.901	1492.1	-0.39773	5253.4	0.21840	0.032248	2.2035e-06	4.5381e+05	28.835	30.462	169.96	35.436	44.188	251.49	2.7664e+05	6.4352	0.0078798
196.39	3.8570e-06	27.585	0.036251	-10.968	-10.968	-41.604	56.624	70.905	1489.2	-0.39760	5142.5	0.21832	0.032175	2.3634e-06	4.2313e+05	28.852	30.484	169.46	35.583	44.351	251.78	2.6603e+05	6.4523	0.0079124
196.95	4.1467e-06	27.568	0.036274	-10.928	-10.928	-41.402	56.633	70.909	1486.3	-0.39748	5035.1	0.21825	0.032103	2.5337e-06	3.9468e+05	28.868	30.505	168.97	35.733	44.517	252.07	2.5585e+05	6.4695	0.0079451
197.51	4.4561e-06	27.550	0.036298	-10.888	-10.888	-41.200	56.643	70.914	1483.4	-0.39735	4930.9	0.21817	0.032031	2.7151e-06	3.6832e+05	28.885	30.527	168.48	35.887	44.687	252.36	2.4608e+05	6.4866	0.0079779
198.08	4.7866e-06	27.533	0.036321	-10.848	-10.848	-40.998	56.655	70.920	1480.6	-0.39721	4829.9	0.21809	0.031960	2.9082e-06	3.4386e+05	28.902	30.548	168.00	36.043	44.860	252.65	2.3669e+05	6.5038	0.0080107
198.64	5.1393e-06	27.515	0.036344	-10.809	-10.809	-40.798	56.667	70.926	1477.8	-0.39708	4731.9	0.21802	0.031889	3.1138e-06	3.2116e+05	28.919	30.570	167.51	36.202	45.036	252.94	2.2767e+05	6.5209	0.0080435
199.20	5.5156e-06	27.498	0.036367	-10.769	-10.769	-40.597	56.679	70.933	1475.0	-0.39694	4636.9	0.21794	0.031818	3.3324e-06	3.0008e+05	28.936	30.591	167.03	36.365	45.216	253.22	2.1902e+05	6.5381	0.0080765
199.76	5.9170e-06	27.480	0.036390	-10.729	-10.729	-40.398	56.693	70.941	1472.2	-0.39680	4544.7	0.21786	0.031747	3.5650e-06	2.8051e+05	28.953	30.613	166.56	36.530	45.400	253.51	2.1070e+05	6.5553	0.0081095
200.32	6.3449e-06	27.463	0.036413	-10.689	-10.689	-40.198	56.707	70.949	1469.5	-0.39666	4455.2	0.21778	0.031677	3.8121e-06	2.6232e+05	28.970	30.634	166.09	36.699	45.587	253.79	2.0271e+05	6.5725	0.0081425
200.88	6.8009e-06	27.445	0.036436	-10.649	-10.649	-40.000	56.723	70.959	1466.8	-0.39651	4368.3	0.21770	0.031607	4.0748e-06	2.4541e+05	28.987	30.656	165.62	36.870	45.778	254.07	1.9503e+05	6.5896	0.0081756
201.45	7.2866e-06	27.428	0.036460	-10.609	-10.609	-39.802	56.739	70.969	1464.1	-0.39636	4283.9	0.21762	0.031537	4.3537e-06	2.2969e+05	29.004	30.677	165.15	37.045	45.972	254.35	1.8766e+05	6.6068	0.0082088
202.01	7.8038e-06	27.410	0.036483	-10.570	-10.570	-39.604	56.756	70.980	1461.4	-0.39621	4201.9	0.21754	0.031467	4.6499e-06	2.1506e+05	29.021	30.699	164.69	37.223	46.170	254.63	1.8058e+05	6.6240	0.0082420
202.57	8.3544e-06	27.393	0.036506	-10.530	-10.530	-39.407	56.773	70.991	1458.8	-0.39605	4122.3	0.21746	0.031398	4.9643e-06	2.0144e+05	29.038	30.720	164.23	37.405	46.372	254.91	1.7377e+05	6.6412	0.0082753
203.13	8.9400e-06	27.375	0.036529	-10.490	-10.490	-39.210	56.791	71.004	1456.1	-0.39589	4044.9	0.21738	0.031329	5.2978e-06	1.8876e+05	29.054	30.742	163.77	37.589	46.577	255.19	1.6723e+05	6.6584	0.0083087
203.69	9.5630e-06	27.358	0.036553	-10.450	-10.450	-39.014	56.810	71.017	1453.5	-0.39573	3969.6	0.21729	0.031260	5.6515e-06	1.7695e+05	29.071	30.763	163.32	37.776	46.786	255.46	1.6094e+05	6.6756	0.0083421
204.25	1.0225e-05	27.340	0.036576	-10.410	-10.410	-38.819	56.830	71.031	1450.9	-0.39556	3896.5	0.21721	0.031192	6.0264e-06	1.6594e+05	29.088	30.785	162.87	37.967	46.999	255.74	1.5490e+05	6.6929	0.0083756
204.82	1.0929e-05	27.323	0.036599	-10.370	-10.370	-38.624	56.851	71.045	1448.4	-0.39539	3825.3	0.21713	0.031124	6.4237e-06	1.5567e+05	29.105	30.806	162.42	38.161	47.215	256.01	1.4910e+05	6.7101	0.0084091
205.38	1.1677e-05	27.306	0.036623	-10.330	-10.330	-38.429	56.872	71.061	1445.8	-0.39521	3756.1	0.21704	0.031056	6.8446e-06	1.4610e+05	29.122	30.828	161.97	38.358	47.435	256.28	1.4352e+05	6.7273	0.0084427
205.94	1.2471e-05	27.288	0.036646	-10.290	-10.290	-38.235	56.894	71.077	1443.2	-0.39503	3688.7	0.21696	0.030988	7.2903e-06	1.3717e+05	29.138	30.849	161.53	38.559	47.659	256.55	1.3816e+05	6.7445	0.0084764
206.50	1.3313e-05	27.271	0.036669	-10.250	-10.250	-38.041	56.916	71.094	1440.7	-0.39485	3623.2	0.21687	0.030921	7.7621e-06	1.2883e+05	29.155	30.870	161.09	38.762	47.886	256.82	1.3301e+05	6.7618	0.0085101
207.06	1.4208e-05	27.253	0.036693	-10.210	-10.210	-37.848	56.940	71.111	1438.2	-0.39466	3559.3	0.21679	0.030853	8.2614e-06	1.2105e+05	29.172	30.892	160.65	38.969	48.118	257.09	1.2805e+05	6.7790	0.0085439
207.62	1.5156e-05	27.236	0.036716	-10.170	-10.170	-37.656	56.964	71.130	1435.7	-0.39446	3497.2	0.21670	0.030787	8.7895e-06	1.1377e+05	29.189	30.913	160.22	39.179	48.353	257.36	1.2329e+05	6.7963	0.0085778
208.19	1.6162e-05	27.219	0.036740	-10.131	-10.131	-37.463	56.988	71.149	1433.2	-0.39427	3436.6	0.21662	0.030720	9.3479e-06	1.0698e+05	29.205	30.934	159.79	39.393	48.592	257.63	1.1871e+05	6.8135	0.0086117
208.75	1.7229e-05	27.201	0.036763	-10.091	-10.091	-37.272	57.013	71.168	1430.7	-0.39407	3377.6	0.21653	0.030654	9.9382e-06	1.0062e+05	29.222	30.956	159.36	39.609	48.834	257.90	1.1431e+05	6.8308	0.0086457
209.31	1.8359e-05	27.184	0.036787	-10.051	-10.051	-37.080	57.039	71.189	1428.3	-0.39386	3320.1	0.21644	0.030587	1.0562e-05	94680.	29.239	30.977	158.93	39.829	49.081	258.16	1.1008e+05	6.8481	0.0086798
209.87	1.9555e-05	27.167	0.036810	-10.011	-10.011	-36.890	57.066	71.210	1425.8	-0.39366	3264.0	0.21635	0.030522	1.1221e-05	89121.	29.255	30.998	158.51	40.052	49.331	258.42	1.0601e+05	6.8653	0.0087139
210.43	2.0823e-05	27.149	0.036834	-9.9706	-9.9706	-36.699	57.093	71.232	1423.4	-0.39344	3209.4	0.21627	0.030456	1.1916e-05	83917.	29.272	31.020	158.09	40.279	49.585	258.69	1.0210e+05	6.8826	0.0087481
210.99	2.2164e-05	27.132	0.036857	-9.9306	-9.9306	-36.509	57.121	71.254	1421.0	-0.39323	3156.1	0.21618	0.030391	1.2651e-05	79046.	29.289	31.041	157.67	40.508	49.843	258.95	98335.	6.8999	0.0087823
211.56	2.3584e-05	27.115	0.036881	-9.8905	-9.8905	-36.320	57.149	71.277	1418.6	-0.39301	3104.1	0.21609	0.030325	1.3426e-05	74483.	29.305	31.062	157.26	40.741	50.104	259.21	94717.	6.9172	0.0088166
212.12	2.5085e-05	27.097	0.036904	-9.8505	-9.8505	-36.131	57.178	71.301	1416.1	-0.39278	3053.4	0.21600	0.030261	1.4243e-05	70208.	29.322	31.083	156.85	40.977	50.370	259.47	91238.	6.9345	0.0088510
212.68	2.6672e-05	27.080	0.036928	-9.8104	-9.8104	-35.942	57.207	71.326	1413.8	-0.39256	3003.9	0.21591	0.030196	1.5105e-05	66201.	29.339	31.104	156.44	41.217	50.639	259.73	87892.	6.9518	0.0088855
213.24	2.8351e-05	27.063	0.036951	-9.7704	-9.7704	-35.754	57.237	71.351	1411.4	-0.39233	2955.5	0.21582	0.030132	1.6014e-05	62444.	29.355	31.126	156.03	41.459	50.912	259.99	84673.	6.9691	0.0089200
213.80	3.0124e-05	27.045	0.036975	-9.7303	-9.7303	-35.567	57.268	71.376	1409.0	-0.39209	2908.3	0.21573	0.030067	1.6972e-05	58921.	29.372	31.147	155.62	41.705	51.189	260.25	81578.	6.9864	0.0089546
214.36	3.1997e-05	27.028	0.036999	-9.6902	-9.6902	-35.379	57.299	71.403	1406.6	-0.39185	2862.2	0.21564	0.030003	1.7981e-05	55614.	29.388	31.168	155.22	41.954	51.469	260.51	78601.	7.0037	0.0089893
214.93	3.3975e-05	27.011	0.037022	-9.6501	-9.6501	-35.192	57.331	71.430	1404.3	-0.39161	2817.2	0.21555	0.029940	1.9044e-05	52511.	29.405	31.189	154.82	42.206	51.753	260.77	75737.	7.0210	0.0090240
215.49	3.6064e-05	26.994	0.037046	-9.6100	-9.6100	-35.006	57.363	71.457	1401.9	-0.39137	2773.2	0.21545	0.029876	2.0162e-05	49597.	29.421	31.210	154.43	42.461	52.042	261.03	72982.	7.0383	0.0090588
216.05	3.8268e-05	26.976	0.037069	-9.5698	-9.5698	-34.820	57.396	71.485	1399.6	-0.39112	2730.3	0.21536	0.029813	2.1340e-05	46860.	29.438	31.231	154.03	42.719	52.333	261.28	70332.	7.0557	0.0090936
216.61	4.0593e-05	26.959	0.037093	-9.5297	-9.5297	-34.634	57.430	71.514	1397.3	-0.39087	2688.2	0.21527	0.029750	2.2579e-05	44289.	29.454	31.252	153.64	42.981	52.629	261.54	67782.	7.0730	0.0091286
217.17	4.3045e-05	26.942	0.037117	-9.4895	-9.4895	-34.449	57.464	71.543	1394.9	-0.39061	2647.2	0.21518	0.029687	2.3882e-05	41872.	29.471	31.273	153.25	43.245	52.928	261.79	65329.	7.0904	0.0091636
217.73	4.5630e-05	26.925	0.037141	-9.4493	-9.4493	-34.264	57.498	71.573	1392.6	-0.39035	2607.0	0.21508	0.029625	2.5253e-05	39600.	29.487	31.294	152.86	43.513	53.231	262.05	62969.	7.1077	0.0091987
218.30	4.8355e-05	26.908	0.037164	-9.4091	-9.4091	-34.080	57.533	71.603	1390.3	-0.39009	2567.7	0.21499	0.029562	2.6693e-05	37463.	29.504	31.315	152.48	43.784	53.538	262.30	60699.	7.1251	0.0092338
218.86	5.1226e-05	26.890	0.037188	-9.3689	-9.3689	-33.896	57.569	71.634	1388.0	-0.38983	2529.3	0.21490	0.029500	2.8207e-05	35452.	29.520	31.336	152.09	44.058	53.848	262.55	58514.	7.1424	0.0092690
219.42	5.4250e-05	26.873	0.037212	-9.3286	-9.3286	-33.712	57.605	71.665	1385.7	-0.38956	2491.7	0.21480	0.029438	2.9797e-05	33560.	29.536	31.357	151.71	44.335	54.163	262.81	56411.	7.1598	0.0093043
219.98	5.7435e-05	26.856	0.037236	-9.2884	-9.2884	-33.529	57.642	71.697	1383.4	-0.38929	2454.9	0.21471	0.029376	3.1468e-05	31779.	29.553	31.378	151.33	44.615	54.480	263.06	54388.	7.1771	0.0093397
220.54	6.0787e-05	26.839	0.037260	-9.2481	-9.2481	-33.346	57.679	71.729	1381.1	-0.38902	2418.9	0.21461	0.029315	3.3222e-05	30101.	29.569	31.399	150.96	44.898	54.802	263.31	52441.	7.1945	0.0093751
221.10	6.4316e-05	26.822	0.037283	-9.2078	-9.2078	-33.164	57.716	71.762	1378.8	-0.38874	2383.7	0.21452	0.029254	3.5062e-05	28521.	29.586	31.420	150.59	45.184	55.127	263.56	50567.	7.2119	0.0094106
221.67	6.8027e-05	26.804	0.037307	-9.1675	-9.1675	-32.981	57.755	71.795	1376.6	-0.38846	2349.2	0.21442	0.029193	3.6994e-05	27031.	29.602	31.441	150.21	45.473	55.455	263.82	48763.	7.2293	0.0094462
222.23	7.1931e-05	26.787	0.037331	-9.1271	-9.1271	-32.800	57.793	71.829	1374.3	-0.38818	2315.4	0.21432	0.029132	3.9021e-05	25627.	29.618	31.462	149.85	45.765	55.788	264.07	47027.	7.2467	0.0094818
222.79	7.6036e-05	26.770	0.037355	-9.0868	-9.0868	-32.618	57.832	71.864	1372.0	-0.38789	2282.3	0.21423	0.029071	4.1146e-05	24304.	29.634	31.482	149.48	46.059	56.123	264.32	45356.	7.2641	0.0095175
223.35	8.0351e-05	26.753	0.037379	-9.0464	-9.0464	-32.437	57.872	71.899	1369.8	-0.38761	2249.8	0.21413	0.029011	4.3374e-05	23055.	29.651	31.503	149.11	46.357	56.463	264.57	43748.	7.2815	0.0095533
223.91	8.4885e-05	26.736	0.037403	-9.0060	-9.0060	-32.257	57.912	71.934	1367.5	-0.38731	2218.1	0.21403	0.028951	4.5710e-05	21877.	29.667	31.524	148.75	46.657	56.805	264.82	42200.	7.2989	0.0095892
224.47	8.9648e-05	26.719	0.037427	-8.9656	-8.9656	-32.076	57.953	71.970	1365.3	-0.38702	2186.9	0.21394	0.028890	4.8157e-05	20765.	29.683	31.545	148.39	46.961	57.152	265.07	40709.	7.3163	0.0096252
225.04	9.4651e-05	26.702	0.037451	-8.9252	-8.9252	-31.897	57.994	72.006	1363.0	-0.38673	2156.4	0.21384	0.028831	5.0721e-05	19716.	29.699	31.565	148.03	47.267	57.501	265.32	39274.	7.3337	0.0096612
225.60	9.9903e-05	26.685	0.037475	-8.8847	-8.8847	-31.717	58.036	72.043	1360.8	-0.38643	2126.5	0.21374	0.028771	5.3406e-05	18725.	29.715	31.586	147.68	47.576	57.855	265.56	37893.	7.3511	0.0096973
226.16	0.00010542	26.668	0.037499	-8.8443	-8.8443	-31.538	58.078	72.080	1358.6	-0.38613	2097.2	0.21364	0.028712	5.6217e-05	17788.	29.732	31.607	147.32	47.887	58.211	265.81	36563.	7.3685	0.0097334
226.72	0.00011120	26.651	0.037523	-8.8038	-8.8038	-31.359	58.121	72.118	1356.3	-0.38582	2068.4	0.21355	0.028652	5.9159e-05	16904.	29.748	31.627	146.97	48.202	58.571	266.06	35282.	7.3860	0.0097697
227.28	0.00011727	26.633	0.037547	-8.7632	-8.7632	-31.181	58.164	72.156	1354.1	-0.38551	2040.3	0.21345	0.028593	6.2238e-05	16067.	29.764	31.648	146.62	48.519	58.934	266.31	34049.	7.4034	0.0098060
227.84	0.00012364	26.616	0.037571	-8.7227	-8.7227	-31.002	58.208	72.195	1351.9	-0.38521	2012.6	0.21335	0.028534	6.5459e-05	15277.	29.780	31.669	146.27	48.838	59.301	266.56	32861.	7.4208	0.0098424
228.41	0.00013031	26.599	0.037595	-8.6821	-8.6821	-30.825	58.252	72.234	1349.7	-0.38489	1985.5	0.21325	0.028476	6.8828e-05	14529.	29.796	31.689	145.93	49.160	59.671	266.80	31717.	7.4383	0.0098789
228.97	0.00013731	26.582	0.037619	-8.6416	-8.6416	-30.647	58.297	72.273	1347.4	-0.38458	1958.9	0.21315	0.028417	7.2351e-05	13822.	29.812	31.710	145.59	49.485	60.044	267.05	30616.	7.4557	0.0099154
229.53	0.00014464	26.565	0.037643	-8.6010	-8.6010	-30.470	58.342	72.313	1345.2	-0.38426	1932.7	0.21305	0.028359	7.6033e-05	13152.	29.828	31.730	145.24	49.812	60.420	267.30	29555.	7.4732	0.0099521
230.09	0.00015232	26.548	0.037667	-8.5603	-8.5603	-30.293	58.387	72.354	1343.0	-0.38395	1907.1	0.21295	0.028301	7.9882e-05	12519.	29.844	31.751	144.90	50.142	60.800	267.55	28533.	7.4907	0.0099888
230.65	0.00016036	26.531	0.037691	-8.5197	-8.5197	-30.117	58.434	72.395	1340.8	-0.38362	1882.0	0.21285	0.028243	8.3903e-05	11919.	29.860	31.771	144.57	50.474	61.182	267.79	27549.	7.5081	0.010026
231.21	0.00016879	26.514	0.037715	-8.4790	-8.4790	-29.941	58.480	72.436	1338.6	-0.38330	1857.3	0.21275	0.028185	8.8102e-05	11350.	29.876	31.792	144.23	50.809	61.568	268.04	26601.	7.5256	0.010062
231.77	0.00017761	26.497	0.037740	-8.4383	-8.4383	-29.765	58.527	72.478	1336.4	-0.38297	1833.0	0.21265	0.028128	9.2488e-05	10812.	29.892	31.812	143.90	51.146	61.957	268.29	25687.	7.5431	0.010099
232.34	0.00018684	26.480	0.037764	-8.3976	-8.3976	-29.589	58.575	72.520	1334.2	-0.38265	1809.2	0.21255	0.028070	9.7067e-05	10302.	29.908	31.833	143.57	51.485	62.348	268.53	24807.	7.5605	0.010136
232.90	0.00019649	26.463	0.037788	-8.3569	-8.3569	-29.414	58.623	72.563	1332.0	-0.38232	1785.9	0.21245	0.028013	0.00010185	9818.7	29.924	31.853	143.24	51.827	62.743	268.78	23960.	7.5780	0.010174
233.46	0.00020659	26.446	0.037812	-8.3161	-8.3161	-29.239	58.672	72.606	1329.8	-0.38198	1762.9	0.21235	0.027956	0.00010683	9360.4	29.940	31.874	142.91	52.171	63.141	269.03	23143.	7.5955	0.010211
234.02	0.00021716	26.429	0.037837	-8.2753	-8.2753	-29.065	58.721	72.649	1327.7	-0.38165	1740.4	0.21225	0.027899	0.00011204	8925.7	29.956	31.894	142.58	52.517	63.541	269.27	22356.	7.6130	0.010248
234.58	0.00022820	26.413	0.037861	-8.2345	-8.2345	-28.891	58.771	72.693	1325.5	-0.38131	1718.2	0.21215	0.027842	0.00011746	8513.4	29.972	31.914	142.26	52.865	63.945	269.52	21597.	7.6305	0.010285
235.14	0.00023975	26.396	0.037885	-8.1936	-8.1936	-28.717	58.821	72.738	1323.3	-0.38097	1696.5	0.21204	0.027786	0.00012312	8122.1	29.987	31.935	141.94	53.215	64.351	269.76	20866.	7.6480	0.010323
235.71	0.00025181	26.379	0.037909	-8.1528	-8.1528	-28.543	58.871	72.783	1321.1	-0.38063	1675.1	0.21194	0.027730	0.00012902	7750.7	30.003	31.955	141.62	53.567	64.760	270.01	20162.	7.6655	0.010360
236.27	0.00026441	26.362	0.037934	-8.1119	-8.1119	-28.370	58.922	72.828	1318.9	-0.38028	1654.1	0.21184	0.027673	0.00013517	7398.2	30.019	31.975	141.30	53.922	65.172	270.26	19483.	7.6830	0.010398
236.83	0.00027758	26.345	0.037958	-8.0710	-8.0710	-28.197	58.974	72.874	1316.8	-0.37993	1633.5	0.21174	0.027617	0.00014157	7063.4	30.035	31.995	140.98	54.278	65.586	270.50	18828.	7.7005	0.010435
237.39	0.00029133	26.328	0.037982	-8.0300	-8.0300	-28.024	59.026	72.920	1314.6	-0.37958	1613.2	0.21163	0.027561	0.00014825	6745.4	30.051	32.016	140.67	54.636	66.003	270.75	18197.	7.7180	0.010473
237.95	0.00030568	26.311	0.038007	-7.9891	-7.9891	-27.852	59.079	72.967	1312.4	-0.37923	1593.3	0.21153	0.027506	0.00015520	6443.3	30.066	32.036	140.35	54.996	66.422	270.99	17589.	7.7356	0.010511
238.51	0.00032066	26.294	0.038031	-7.9481	-7.9481	-27.680	59.132	73.014	1310.3	-0.37888	1573.7	0.21143	0.027450	0.00016244	6156.2	30.082	32.056	140.04	55.358	66.845	271.24	17003.	7.7531	0.010549
239.08	0.00033629	26.277	0.038056	-7.9070	-7.9070	-27.508	59.186	73.062	1308.1	-0.37852	1554.4	0.21133	0.027395	0.00016997	5883.3	30.098	32.076	139.73	55.722	67.269	271.48	16437.	7.7706	0.010587
239.64	0.00035260	26.260	0.038080	-7.8660	-7.8660	-27.337	59.240	73.110	1306.0	-0.37816	1535.5	0.21122	0.027340	0.00017781	5623.8	30.113	32.096	139.42	56.088	67.696	271.73	15892.	7.7882	0.010625
240.20	0.00036961	26.244	0.038105	-7.8249	-7.8249	-27.165	59.294	73.158	1303.8	-0.37780	1516.9	0.21112	0.027284	0.00018598	5377.1	30.129	32.116	139.12	56.455	68.126	271.98	15367.	7.8057	0.010663
240.76	0.00038734	26.227	0.038129	-7.7838	-7.7838	-26.995	59.349	73.207	1301.7	-0.37744	1498.6	0.21102	0.027230	0.00019447	5142.3	30.145	32.136	138.81	56.824	68.558	272.22	14860.	7.8232	0.010702
241.32	0.00040584	26.210	0.038154	-7.7427	-7.7427	-26.824	59.405	73.257	1299.5	-0.37707	1480.6	0.21091	0.027175	0.00020330	4918.9	30.160	32.156	138.51	57.194	68.992	272.47	14371.	7.8408	0.010740
241.88	0.00042511	26.193	0.038178	-7.7015	-7.7015	-26.654	59.461	73.307	1297.4	-0.37670	1462.8	0.21081	0.027120	0.00021248	4706.3	30.176	32.176	138.21	57.566	69.428	272.71	13900.	7.8583	0.010778
242.45	0.00044519	26.176	0.038203	-7.6603	-7.6603	-26.483	59.518	73.357	1295.2	-0.37633	1445.4	0.21071	0.027066	0.00022203	4504.0	30.191	32.196	137.91	57.940	69.867	272.96	13445.	7.8759	0.010817
243.01	0.00046612	26.159	0.038227	-7.6191	-7.6191	-26.314	59.575	73.408	1293.1	-0.37595	1428.3	0.21060	0.027011	0.00023195	4311.3	30.207	32.216	137.61	58.314	70.307	273.20	13007.	7.8934	0.010855
243.57	0.00048792	26.143	0.038252	-7.5779	-7.5779	-26.144	59.633	73.460	1291.0	-0.37558	1411.4	0.21050	0.026957	0.00024226	4127.8	30.222	32.236	137.32	58.691	70.750	273.45	12584.	7.9110	0.010894
244.13	0.00051061	26.126	0.038276	-7.5366	-7.5366	-25.975	59.691	73.512	1288.8	-0.37520	1394.8	0.21039	0.026903	0.00025298	3952.9	30.238	32.256	137.02	59.069	71.195	273.69	12175.	7.9286	0.010933
244.69	0.00053425	26.109	0.038301	-7.4953	-7.4953	-25.806	59.749	73.564	1286.7	-0.37482	1378.5	0.21029	0.026849	0.00026411	3786.3	30.253	32.276	136.73	59.448	71.642	273.94	11782.	7.9461	0.010972
245.25	0.00055885	26.092	0.038326	-7.4540	-7.4540	-25.637	59.809	73.617	1284.6	-0.37443	1362.5	0.21019	0.026795	0.00027567	3627.6	30.269	32.296	136.44	59.828	72.091	274.18	11402.	7.9637	0.011011
245.82	0.00058445	26.075	0.038350	-7.4126	-7.4126	-25.469	59.868	73.670	1282.5	-0.37405	1346.7	0.21008	0.026742	0.00028767	3476.2	30.284	32.316	136.15	60.209	72.542	274.43	11035.	7.9813	0.011050
246.38	0.00061108	26.059	0.038375	-7.3712	-7.3712	-25.300	59.928	73.724	1280.3	-0.37366	1331.1	0.20998	0.026688	0.00030013	3331.9	30.300	32.336	135.86	60.592	72.994	274.67	10681.	7.9989	0.011089
246.94	0.00063879	26.042	0.038400	-7.3298	-7.3298	-25.133	59.989	73.779	1278.2	-0.37326	1315.8	0.20987	0.026635	0.00031306	3194.2	30.315	32.356	135.58	60.975	73.449	274.92	10340.	8.0164	0.011128
247.50	0.00066761	26.025	0.038424	-7.2883	-7.2883	-24.965	60.050	73.834	1276.1	-0.37287	1300.7	0.20977	0.026582	0.00032648	3062.9	30.330	32.375	135.29	61.360	73.905	275.16	10010.	8.0340	0.011167
248.06	0.00069758	26.008	0.038449	-7.2469	-7.2468	-24.797	60.112	73.889	1274.0	-0.37247	1285.9	0.20966	0.026529	0.00034041	2937.6	30.346	32.395	135.01	61.746	74.362	275.41	9692.0	8.0516	0.011207
248.62	0.00072873	25.992	0.038474	-7.2053	-7.2053	-24.630	60.174	73.945	1271.9	-0.37207	1271.3	0.20956	0.026476	0.00035485	2818.1	30.361	32.415	134.73	62.133	74.822	275.65	9384.9	8.0692	0.011246
249.19	0.00076112	25.975	0.038499	-7.1638	-7.1638	-24.463	60.237	74.001	1269.8	-0.37167	1256.9	0.20945	0.026423	0.00036983	2703.9	30.377	32.435	134.45	62.520	75.283	275.90	9088.5	8.0868	0.011286
249.75	0.00079477	25.958	0.038523	-7.1222	-7.1222	-24.297	60.300	74.058	1267.7	-0.37126	1242.8	0.20935	0.026370	0.00038536	2595.0	30.392	32.454	134.17	62.909	75.745	276.14	8802.2	8.1044	0.011325
250.31	0.00082973	25.942	0.038548	-7.0806	-7.0806	-24.130	60.364	74.116	1265.6	-0.37085	1228.8	0.20924	0.026318	0.00040146	2490.9	30.407	32.474	133.89	63.298	76.209	276.39	8525.9	8.1220	0.011365
250.87	0.00086604	25.925	0.038573	-7.0390	-7.0389	-23.964	60.428	74.174	1263.5	-0.37044	1215.1	0.20913	0.026265	0.00041815	2391.5	30.422	32.494	133.62	63.688	76.675	276.63	8259.0	8.1396	0.011405
251.43	0.00090376	25.908	0.038598	-6.9973	-6.9973	-23.798	60.493	74.232	1261.4	-0.37003	1201.6	0.20903	0.026213	0.00043544	2296.5	30.438	32.513	133.34	64.078	77.142	276.87	8001.3	8.1572	0.011445
251.99	0.00094292	25.891	0.038623	-6.9556	-6.9556	-23.632	60.558	74.291	1259.3	-0.36961	1188.3	0.20892	0.026161	0.00045336	2205.8	30.453	32.533	133.07	64.470	77.610	277.12	7752.4	8.1748	0.011485
252.56	0.00098358	25.875	0.038648	-6.9138	-6.9138	-23.467	60.624	74.351	1257.2	-0.36919	1175.2	0.20882	0.026109	0.00047192	2119.0	30.468	32.552	132.80	64.862	78.079	277.36	7512.0	8.1924	0.011525
253.12	0.0010258	25.858	0.038673	-6.8721	-6.8720	-23.302	60.690	74.411	1255.1	-0.36877	1162.3	0.20871	0.026057	0.00049114	2036.1	30.483	32.572	132.53	65.254	78.550	277.61	7279.8	8.2100	0.011565
253.68	0.0010696	25.841	0.038697	-6.8303	-6.8302	-23.137	60.757	74.472	1253.1	-0.36834	1149.5	0.20861	0.026005	0.00051104	1956.8	30.498	32.591	132.26	65.647	79.022	277.85	7055.5	8.2276	0.011606
254.24	0.0011150	25.825	0.038722	-6.7884	-6.7884	-22.972	60.824	74.533	1251.0	-0.36792	1137.0	0.20850	0.025953	0.00053165	1880.9	30.514	32.611	132.00	66.040	79.494	278.10	6838.7	8.2453	0.011646
254.80	0.0011621	25.808	0.038747	-6.7465	-6.7465	-22.807	60.892	74.595	1248.9	-0.36748	1124.7	0.20839	0.025901	0.00055298	1808.4	30.529	32.630	131.73	66.434	79.968	278.34	6629.4	8.2629	0.011687
255.36	0.0012110	25.792	0.038772	-6.7046	-6.7046	-22.643	60.961	74.657	1246.8	-0.36705	1112.5	0.20829	0.025850	0.00057505	1739.0	30.544	32.650	131.47	66.828	80.443	278.59	6427.0	8.2805	0.011727
255.93	0.0012617	25.775	0.038797	-6.6627	-6.6626	-22.479	61.029	74.720	1244.8	-0.36661	1100.5	0.20818	0.025798	0.00059789	1672.5	30.559	32.669	131.21	67.222	80.919	278.83	6231.5	8.2981	0.011768
256.49	0.0013143	25.758	0.038822	-6.6207	-6.6206	-22.315	61.099	74.783	1242.7	-0.36617	1088.7	0.20808	0.025747	0.00062152	1609.0	30.574	32.689	130.94	67.617	81.396	279.07	6042.6	8.3157	0.011809
257.05	0.0013687	25.742	0.038847	-6.5787	-6.5786	-22.152	61.169	74.847	1240.7	-0.36573	1077.1	0.20797	0.025696	0.00064596	1548.1	30.589	32.708	130.69	68.011	81.873	279.32	5860.0	8.3334	0.011849
257.61	0.0014252	25.725	0.038873	-6.5366	-6.5366	-21.988	61.239	74.912	1238.6	-0.36528	1065.7	0.20786	0.025645	0.00067123	1489.8	30.604	32.727	130.43	68.406	82.352	279.56	5683.4	8.3510	0.011890
258.17	0.0014837	25.708	0.038898	-6.4945	-6.4945	-21.825	61.310	74.977	1236.5	-0.36483	1054.4	0.20776	0.025594	0.00069737	1434.0	30.619	32.747	130.17	68.801	82.831	279.80	5512.8	8.3686	0.011931
258.73	0.0015443	25.692	0.038923	-6.4524	-6.4523	-21.662	61.381	75.043	1234.5	-0.36438	1043.2	0.20765	0.025543	0.00072439	1380.5	30.634	32.766	129.92	69.196	83.311	280.05	5347.8	8.3863	0.011973
259.30	0.0016070	25.675	0.038948	-6.4102	-6.4102	-21.499	61.453	75.109	1232.4	-0.36392	1032.3	0.20755	0.025492	0.00075231	1329.2	30.649	32.785	129.66	69.591	83.791	280.29	5188.4	8.4039	0.012014
259.86	0.0016720	25.659	0.038973	-6.3680	-6.3680	-21.337	61.525	75.176	1230.4	-0.36346	1021.5	0.20744	0.025442	0.00078117	1280.1	30.664	32.805	129.41	69.986	84.272	280.53	5034.1	8.4215	0.012055
260.42	0.0017393	25.642	0.038998	-6.3258	-6.3257	-21.174	61.598	75.243	1228.4	-0.36300	1010.8	0.20733	0.025391	0.00081099	1233.1	30.679	32.824	129.16	70.381	84.754	280.78	4885.0	8.4392	0.012097
260.98	0.0018090	25.626	0.039023	-6.2835	-6.2834	-21.012	61.672	75.311	1226.3	-0.36253	1000.3	0.20723	0.025340	0.00084180	1187.9	30.694	32.843	128.91	70.776	85.236	281.02	4740.8	8.4568	0.012138
261.54	0.0018811	25.609	0.039049	-6.2412	-6.2411	-20.850	61.745	75.380	1224.3	-0.36206	989.96	0.20712	0.025290	0.00087362	1144.7	30.709	32.862	128.66	71.170	85.718	281.26	4601.3	8.4744	0.012180
262.10	0.0019558	25.592	0.039074	-6.1988	-6.1988	-20.688	61.820	75.449	1222.3	-0.36159	979.75	0.20701	0.025240	0.00090648	1103.2	30.724	32.882	128.41	71.564	86.201	281.51	4466.4	8.4921	0.012222
262.67	0.0020330	25.576	0.039099	-6.1564	-6.1564	-20.527	61.895	75.519	1220.2	-0.36111	969.69	0.20691	0.025190	0.00094041	1063.4	30.739	32.901	128.17	71.958	86.684	281.75	4335.9	8.5097	0.012264
263.23	0.0021129	25.559	0.039125	-6.1140	-6.1139	-20.365	61.970	75.590	1218.2	-0.36063	959.78	0.20680	0.025140	0.00097544	1025.2	30.754	32.920	127.92	72.352	87.167	281.99	4209.6	8.5273	0.012305
263.79	0.0021955	25.543	0.039150	-6.0715	-6.0714	-20.204	62.046	75.661	1216.2	-0.36015	950.00	0.20669	0.025090	0.0010116	988.54	30.769	32.939	127.68	72.745	87.651	282.23	4087.4	8.5450	0.012348
264.35	0.0022810	25.526	0.039175	-6.0290	-6.0289	-20.043	62.122	75.732	1214.2	-0.35966	940.35	0.20659	0.025040	0.0010489	953.37	30.784	32.958	127.44	73.138	88.135	282.47	3969.2	8.5626	0.012390
264.91	0.0023693	25.510	0.039201	-5.9865	-5.9864	-19.882	62.199	75.804	1212.2	-0.35917	930.85	0.20648	0.024990	0.0010874	919.61	30.798	32.977	127.20	73.530	88.618	282.72	3854.8	8.5803	0.012432
265.47	0.0024606	25.493	0.039226	-5.9439	-5.9438	-19.722	62.276	75.877	1210.2	-0.35868	921.47	0.20637	0.024940	0.0011271	887.20	30.813	32.996	126.96	73.922	89.102	282.96	3744.1	8.5979	0.012474
266.04	0.0025551	25.477	0.039251	-5.9012	-5.9011	-19.561	62.354	75.951	1208.2	-0.35818	912.22	0.20627	0.024890	0.0011681	856.07	30.828	33.015	126.72	74.313	89.586	283.20	3637.0	8.6156	0.012517
266.60	0.0026526	25.460	0.039277	-5.8586	-5.8585	-19.401	62.432	76.025	1206.2	-0.35768	903.11	0.20616	0.024841	0.0012104	826.18	30.843	33.034	126.49	74.704	90.070	283.44	3533.3	8.6332	0.012559
267.16	0.0027535	25.444	0.039302	-5.8158	-5.8157	-19.241	62.511	76.099	1204.2	-0.35718	894.11	0.20606	0.024791	0.0012540	797.46	30.858	33.053	126.25	75.094	90.554	283.68	3432.9	8.6508	0.012602
267.72	0.0028576	25.427	0.039328	-5.7731	-5.7730	-19.081	62.590	76.175	1202.2	-0.35667	885.25	0.20595	0.024742	0.0012989	769.87	30.872	33.072	126.02	75.483	91.038	283.92	3335.7	8.6685	0.012645
268.28	0.0029652	25.411	0.039353	-5.7303	-5.7302	-18.921	62.670	76.251	1200.2	-0.35616	876.50	0.20584	0.024693	0.0013453	743.35	30.887	33.091	125.78	75.872	91.522	284.16	3241.6	8.6861	0.012688
268.84	0.0030763	25.394	0.039379	-5.6874	-5.6873	-18.762	62.750	76.327	1198.2	-0.35564	867.87	0.20574	0.024643	0.0013930	717.87	30.902	33.110	125.55	76.259	92.005	284.40	3150.4	8.7038	0.012731
269.41	0.0031911	25.378	0.039404	-5.6445	-5.6444	-18.602	62.831	76.404	1196.2	-0.35512	859.36	0.20563	0.024594	0.0014422	693.38	30.917	33.129	125.32	76.646	92.488	284.64	3062.2	8.7214	0.012774
269.97	0.0033095	25.361	0.039430	-5.6016	-5.6015	-18.443	62.912	76.482	1194.2	-0.35460	850.96	0.20552	0.024545	0.0014929	669.82	30.931	33.148	125.09	77.032	92.971	284.88	2976.7	8.7390	0.012817
270.53	0.0034318	25.345	0.039456	-5.5586	-5.5585	-18.284	62.994	76.561	1192.3	-0.35407	842.68	0.20542	0.024496	0.0015452	647.18	30.946	33.167	124.86	77.418	93.454	285.12	2893.9	8.7567	0.012860
271.09	0.0035580	25.328	0.039481	-5.5156	-5.5155	-18.125	63.076	76.640	1190.3	-0.35354	834.51	0.20531	0.024447	0.0015990	625.39	30.961	33.186	124.64	77.802	93.936	285.36	2813.7	8.7743	0.012903
271.65	0.0036883	25.312	0.039507	-5.4725	-5.4724	-17.967	63.158	76.719	1188.3	-0.35301	826.45	0.20520	0.024398	0.0016544	604.44	30.976	33.205	124.41	78.185	94.418	285.60	2736.1	8.7920	0.012947
272.21	0.0038227	25.296	0.039533	-5.4294	-5.4293	-17.808	63.241	76.800	1186.3	-0.35247	818.50	0.20510	0.024349	0.0017115	584.28	30.990	33.224	124.19	78.567	94.899	285.84	2660.8	8.8096	0.012991
272.78	0.0039613	25.279	0.039558	-5.3863	-5.3861	-17.650	63.325	76.881	1184.4	-0.35193	810.65	0.20499	0.024300	0.0017703	564.88	31.005	33.243	123.96	78.949	95.380	286.08	2587.9	8.8272	0.013034
273.34	0.0041044	25.263	0.039584	-5.3431	-5.3429	-17.492	63.409	76.962	1182.4	-0.35139	802.91	0.20488	0.024252	0.0018308	546.21	31.019	33.261	123.74	79.329	95.860	286.32	2517.2	8.8449	0.013078
273.90	0.0042519	25.246	0.039610	-5.2998	-5.2997	-17.333	63.493	77.044	1180.5	-0.35084	795.27	0.20477	0.024203	0.0018931	528.24	31.034	33.280	123.52	79.708	96.339	286.56	2448.7	8.8625	0.013122
274.46	0.0044039	25.230	0.039636	-5.2565	-5.2564	-17.176	63.578	77.127	1178.5	-0.35028	787.73	0.20467	0.024155	0.0019572	510.94	31.049	33.299	123.30	80.086	96.818	286.79	2382.3	8.8801	0.013166
275.02	0.0045608	25.213	0.039662	-5.2132	-5.2130	-17.018	63.663	77.211	1176.6	-0.34973	780.29	0.20456	0.024106	0.0020231	494.28	31.063	33.318	123.08	80.462	97.297	287.03	2318.0	8.8978	0.013210
275.58	0.0047224	25.197	0.039687	-5.1698	-5.1696	-16.860	63.749	77.295	1174.6	-0.34916	772.95	0.20445	0.024058	0.0020910	478.24	31.078	33.336	122.86	80.838	97.774	287.27	2255.7	8.9154	0.013254
276.15	0.0048890	25.180	0.039713	-5.1264	-5.1262	-16.703	63.835	77.380	1172.7	-0.34860	765.71	0.20435	0.024009	0.0021608	462.78	31.093	33.355	122.65	81.212	98.251	287.50	2195.2	8.9330	0.013299
276.71	0.0050607	25.164	0.039739	-5.0829	-5.0827	-16.545	63.922	77.465	1170.8	-0.34803	758.56	0.20424	0.023961	0.0022327	447.90	31.107	33.374	122.43	81.585	98.727	287.74	2136.6	8.9507	0.013343
277.27	0.0052376	25.148	0.039765	-5.0394	-5.0392	-16.388	64.009	77.551	1168.8	-0.34746	751.50	0.20413	0.023913	0.0023065	433.55	31.122	33.392	122.22	81.956	99.202	287.98	2079.7	8.9683	0.013388
277.83	0.0054199	25.131	0.039791	-4.9958	-4.9956	-16.231	64.096	77.638	1166.9	-0.34688	744.54	0.20403	0.023865	0.0023825	419.73	31.136	33.411	122.01	82.326	99.677	288.21	2024.6	8.9859	0.013433
278.39	0.0056077	25.115	0.039817	-4.9522	-4.9519	-16.074	64.184	77.725	1165.0	-0.34630	737.66	0.20392	0.023816	0.0024606	406.41	31.151	33.430	121.79	82.695	100.15	288.45	1971.2	9.0035	0.013477
278.95	0.0058011	25.098	0.039843	-4.9085	-4.9083	-15.918	64.272	77.813	1163.1	-0.34571	730.87	0.20381	0.023768	0.0025409	393.57	31.165	33.448	121.58	83.063	100.62	288.68	1919.3	9.0211	0.013522
279.52	0.0060002	25.082	0.039869	-4.8648	-4.8645	-15.761	64.361	77.902	1161.1	-0.34513	724.18	0.20371	0.023720	0.0026234	381.18	31.180	33.467	121.37	83.429	101.09	288.92	1869.0	9.0387	0.013567
280.08	0.0062053	25.066	0.039895	-4.8210	-4.8207	-15.605	64.450	77.991	1159.2	-0.34453	717.56	0.20360	0.023672	0.0027082	369.25	31.194	33.486	121.17	83.793	101.56	289.15	1820.2	9.0564	0.013613
280.64	0.0064164	25.049	0.039921	-4.7772	-4.7769	-15.448	64.540	78.081	1157.3	-0.34394	711.03	0.20349	0.023624	0.0027954	357.73	31.209	33.504	120.96	84.156	102.03	289.39	1772.9	9.0740	0.013658
281.20	0.0066337	25.033	0.039948	-4.7333	-4.7330	-15.292	64.630	78.172	1155.4	-0.34333	704.59	0.20339	0.023576	0.0028850	346.63	31.223	33.523	120.75	84.517	102.50	289.62	1727.0	9.0916	0.013703
281.76	0.0068574	25.016	0.039974	-4.6894	-4.6891	-15.136	64.720	78.263	1153.5	-0.34273	698.22	0.20328	0.023529	0.0029770	335.91	31.238	33.541	120.55	84.877	102.97	289.85	1682.4	9.1092	0.013749
282.32	0.0070875	25.000	0.040000	-4.6454	-4.6451	-14.980	64.811	78.355	1151.6	-0.34212	691.94	0.20317	0.023481	0.0030715	325.58	31.252	33.560	120.34	85.235	103.44	290.08	1639.2	9.1268	0.013794
282.89	0.0073244	24.984	0.040026	-4.6013	-4.6010	-14.824	64.903	78.448	1149.7	-0.34150	685.74	0.20307	0.023433	0.0031686	315.60	31.267	33.578	120.14	85.592	103.90	290.32	1597.2	9.1444	0.013840
283.45	0.0075680	24.967	0.040053	-4.5573	-4.5570	-14.669	64.994	78.541	1147.8	-0.34089	679.61	0.20296	0.023385	0.0032683	305.97	31.281	33.597	119.94	85.947	104.37	290.55	1556.4	9.1619	0.013886
284.01	0.0078187	24.951	0.040079	-4.5131	-4.5128	-14.513	65.086	78.635	1145.9	-0.34026	673.56	0.20285	0.023338	0.0033706	296.68	31.296	33.615	119.74	86.300	104.83	290.78	1516.9	9.1795	0.013932
284.57	0.0080764	24.934	0.040105	-4.4689	-4.4686	-14.358	65.179	78.730	1144.0	-0.33964	667.59	0.20275	0.023290	0.0034757	287.71	31.310	33.634	119.54	86.652	105.29	291.01	1478.5	9.1971	0.013978
285.13	0.0083415	24.918	0.040132	-4.4247	-4.4244	-14.202	65.272	78.825	1142.2	-0.33901	661.69	0.20264	0.023242	0.0035836	279.05	31.324	33.652	119.34	87.002	105.75	291.24	1441.2	9.2147	0.014024
285.69	0.0086141	24.902	0.040158	-4.3804	-4.3801	-14.047	65.365	78.921	1140.3	-0.33837	655.87	0.20253	0.023195	0.0036944	270.68	31.339	33.671	119.14	87.350	106.21	291.47	1405.0	9.2323	0.014070
286.26	0.0088944	24.885	0.040184	-4.3360	-4.3357	-13.892	65.459	79.017	1138.4	-0.33773	650.12	0.20243	0.023147	0.0038080	262.60	31.353	33.689	118.94	87.697	106.67	291.70	1369.9	9.2498	0.014117
286.82	0.0091825	24.869	0.040211	-4.2916	-4.2913	-13.737	65.553	79.114	1136.5	-0.33709	644.44	0.20232	0.023100	0.0039246	254.80	31.368	33.707	118.75	88.041	107.12	291.93	1335.7	9.2674	0.014163
287.38	0.0094786	24.852	0.040237	-4.2472	-4.2468	-13.582	65.647	79.212	1134.7	-0.33644	638.83	0.20221	0.023052	0.0040443	247.26	31.382	33.726	118.55	88.384	107.58	292.16	1302.6	9.2850	0.014210
287.94	0.0097829	24.836	0.040264	-4.2027	-4.2023	-13.428	65.742	79.311	1132.8	-0.33579	633.28	0.20211	0.023005	0.0041671	239.98	31.396	33.744	118.36	88.725	108.03	292.39	1270.4	9.3025	0.014257
288.50	0.010096	24.820	0.040291	-4.1581	-4.1577	-13.273	65.837	79.410	1130.9	-0.33513	627.81	0.20200	0.022958	0.0042930	232.94	31.411	33.762	118.16	89.064	108.48	292.61	1239.1	9.3201	0.014304
289.06	0.010417	24.803	0.040317	-4.1135	-4.1131	-13.118	65.933	79.510	1129.1	-0.33447	622.40	0.20189	0.022910	0.0044222	226.13	31.425	33.781	117.97	89.402	108.93	292.84	1208.7	9.3376	0.014351
289.62	0.010747	24.787	0.040344	-4.0688	-4.0684	-12.964	66.029	79.610	1127.2	-0.33381	617.06	0.20179	0.022863	0.0045547	219.56	31.439	33.799	117.78	89.737	109.38	293.07	1179.2	9.3551	0.014398
290.19	0.011086	24.770	0.040371	-4.0241	-4.0236	-12.810	66.125	79.711	1125.4	-0.33314	611.79	0.20168	0.022816	0.0046905	213.20	31.454	33.817	117.59	90.071	109.83	293.29	1150.5	9.3727	0.014445
290.75	0.011434	24.754	0.040397	-3.9793	-3.9788	-12.655	66.222	79.813	1123.5	-0.33246	606.57	0.20157	0.022768	0.0048298	207.05	31.468	33.835	117.40	90.402	110.28	293.52	1122.6	9.3902	0.014493
291.31	0.011792	24.738	0.040424	-3.9344	-3.9339	-12.501	66.319	79.916	1121.7	-0.33179	601.42	0.20147	0.022721	0.0049726	201.10	31.482	33.854	117.22	90.732	110.72	293.74	1095.5	9.4077	0.014540
291.87	0.012159	24.721	0.040451	-3.8895	-3.8890	-12.347	66.416	80.019	1119.8	-0.33110	596.34	0.20136	0.022674	0.0051189	195.35	31.497	33.872	117.03	91.060	111.16	293.97	1069.1	9.4253	0.014588
292.43	0.012536	24.705	0.040478	-3.8445	-3.8440	-12.193	66.514	80.122	1118.0	-0.33042	591.31	0.20125	0.022627	0.0052689	189.79	31.511	33.890	116.84	91.386	111.61	294.19	1043.5	9.4428	0.014636
292.99	0.012923	24.688	0.040505	-3.7995	-3.7990	-12.040	66.612	80.227	1116.2	-0.32973	586.34	0.20115	0.022580	0.0054227	184.41	31.525	33.908	116.66	91.710	112.05	294.42	1018.6	9.4603	0.014684
293.56	0.013320	24.672	0.040532	-3.7544	-3.7539	-11.886	66.710	80.332	1114.3	-0.32903	581.44	0.20104	0.022533	0.0055802	179.20	31.539	33.927	116.47	92.032	112.48	294.64	994.44	9.4778	0.014732
294.12	0.013728	24.656	0.040559	-3.7093	-3.7087	-11.732	66.809	80.438	1112.5	-0.32833	576.59	0.20093	0.022485	0.0057416	174.17	31.554	33.945	116.29	92.352	112.92	294.86	970.91	9.4953	0.014780
294.68	0.014146	24.639	0.040586	-3.6641	-3.6635	-11.579	66.908	80.544	1110.7	-0.32762	571.80	0.20083	0.022438	0.0059070	169.29	31.568	33.963	116.11	92.670	113.36	295.08	948.02	9.5127	0.014828
295.24	0.014575	24.623	0.040613	-3.6188	-3.6182	-11.425	67.008	80.651	1108.9	-0.32692	567.07	0.20072	0.022391	0.0060764	164.57	31.582	33.981	115.93	92.986	113.79	295.30	925.77	9.5302	0.014877
295.80	0.015016	24.606	0.040640	-3.5735	-3.5729	-11.272	67.108	80.759	1107.0	-0.32620	562.39	0.20061	0.022344	0.0062499	160.00	31.596	33.999	115.74	93.300	114.22	295.52	904.13	9.5477	0.014925
296.36	0.015467	24.590	0.040667	-3.5281	-3.5275	-11.119	67.208	80.867	1105.2	-0.32548	557.76	0.20051	0.022297	0.0064276	155.58	31.611	34.017	115.57	93.612	114.65	295.74	883.08	9.5652	0.014974
296.93	0.015931	24.574	0.040694	-3.4827	-3.4820	-10.965	67.308	80.976	1103.4	-0.32476	553.20	0.20040	0.022250	0.0066095	151.30	31.625	34.035	115.39	93.921	115.08	295.96	862.60	9.5826	0.015023
297.49	0.016406	24.557	0.040721	-3.4372	-3.4365	-10.812	67.409	81.085	1101.6	-0.32403	548.68	0.20029	0.022203	0.0067958	147.15	31.639	34.053	115.21	94.229	115.51	296.18	842.68	9.6001	0.015072
298.05	0.016893	24.541	0.040749	-3.3916	-3.3909	-10.659	67.510	81.196	1099.8	-0.32330	544.22	0.20019	0.022156	0.0069866	143.13	31.653	34.071	115.03	94.535	115.93	296.40	823.30	9.6175	0.015121
298.61	0.017393	24.524	0.040776	-3.3460	-3.3453	-10.506	67.611	81.307	1098.0	-0.32257	539.81	0.20008	0.022109	0.0071818	139.24	31.668	34.089	114.86	94.839	116.36	296.62	804.44	9.6349	0.015170
299.17	0.017905	24.508	0.040803	-3.3003	-3.2996	-10.353	67.713	81.418	1096.2	-0.32183	535.45	0.19997	0.022062	0.0073817	135.47	31.682	34.107	114.68	95.140	116.78	296.83	786.09	9.6524	0.015219
299.73	0.018430	24.491	0.040831	-3.2546	-3.2538	-10.201	67.815	81.530	1094.4	-0.32108	531.14	0.19987	0.022015	0.0075862	131.82	31.696	34.125	114.51	95.440	117.20	297.05	768.23	9.6698	0.015269
300.30	0.018968	24.475	0.040858	-3.2087	-3.2080	-10.048	67.918	81.643	1092.6	-0.32033	526.88	0.19976	0.021968	0.0077956	128.28	31.710	34.143	114.33	95.737	117.62	297.26	750.85	9.6872	0.015318
300.86	0.019519	24.458	0.040886	-3.1629	-3.1621	-9.8953	68.020	81.757	1090.8	-0.31958	522.67	0.19965	0.021921	0.0080098	124.85	31.724	34.161	114.16	96.033	118.03	297.48	733.93	9.7046	0.015368
301.42	0.020085	24.442	0.040913	-3.1169	-3.1161	-9.7428	68.123	81.871	1089.0	-0.31882	518.50	0.19955	0.021874	0.0082289	121.52	31.738	34.179	113.99	96.326	118.45	297.69	717.46	9.7220	0.015418
301.98	0.020664	24.426	0.040941	-3.0709	-3.0701	-9.5903	68.226	81.986	1087.2	-0.31805	514.39	0.19944	0.021827	0.0084531	118.30	31.753	34.197	113.82	96.617	118.86	297.91	701.43	9.7394	0.015468
302.54	0.021257	24.409	0.040968	-3.0248	-3.0240	-9.4379	68.330	82.101	1085.4	-0.31728	510.32	0.19933	0.021780	0.0086825	115.17	31.767	34.215	113.65	96.907	119.27	298.12	685.82	9.7568	0.015518
303.10	0.021865	24.393	0.040996	-2.9787	-2.9778	-9.2855	68.434	82.217	1083.6	-0.31651	506.30	0.19923	0.021734	0.0089171	112.14	31.781	34.233	113.48	97.194	119.68	298.33	670.62	9.7741	0.015568
303.67	0.022487	24.376	0.041024	-2.9325	-2.9316	-9.1332	68.538	82.334	1081.8	-0.31573	502.32	0.19912	0.021687	0.0091570	109.21	31.795	34.251	113.31	97.479	120.09	298.54	655.82	9.7915	0.015619
304.23	0.023125	24.360	0.041052	-2.8862	-2.8853	-8.9810	68.642	82.451	1080.1	-0.31495	498.39	0.19901	0.021640	0.0094024	106.36	31.809	34.268	113.14	97.762	120.50	298.75	641.40	9.8088	0.015669
304.79	0.023778	24.343	0.041080	-2.8399	-2.8389	-8.8289	68.747	82.569	1078.3	-0.31417	494.50	0.19891	0.021593	0.0096532	103.59	31.823	34.286	112.98	98.042	120.90	298.96	627.37	9.8262	0.015720
305.35	0.024446	24.327	0.041107	-2.7935	-2.7925	-8.6768	68.852	82.688	1076.5	-0.31337	490.66	0.19880	0.021546	0.0099097	100.91	31.837	34.304	112.81	98.321	121.31	299.17	613.69	9.8435	0.015771
305.91	0.025131	24.310	0.041135	-2.7471	-2.7460	-8.5248	68.957	82.807	1074.7	-0.31258	486.85	0.19869	0.021499	0.010172	98.309	31.851	34.322	112.65	98.598	121.71	299.38	600.37	9.8608	0.015822
306.47	0.025831	24.293	0.041163	-2.7005	-2.6995	-8.3728	69.062	82.927	1073.0	-0.31178	483.09	0.19859	0.021452	0.010440	95.785	31.865	34.340	112.48	98.872	122.11	299.58	587.40	9.8781	0.015873
307.04	0.026549	24.277	0.041191	-2.6539	-2.6528	-8.2209	69.168	83.047	1071.2	-0.31097	479.38	0.19848	0.021405	0.010714	93.336	31.879	34.357	112.32	99.145	122.51	299.79	574.75	9.8954	0.015925
307.60	0.027283	24.260	0.041219	-2.6073	-2.6061	-8.0690	69.274	83.168	1069.4	-0.31016	475.70	0.19837	0.021358	0.010994	90.959	31.893	34.375	112.16	99.415	122.90	300.00	562.43	9.9127	0.015976
308.16	0.028034	24.244	0.041248	-2.5605	-2.5594	-7.9172	69.380	83.290	1067.7	-0.30935	472.07	0.19827	0.021311	0.011280	88.651	31.907	34.393	111.99	99.683	123.30	300.20	550.43	9.9300	0.016028
308.72	0.028803	24.227	0.041276	-2.5137	-2.5125	-7.7655	69.487	83.412	1065.9	-0.30853	468.47	0.19816	0.021264	0.011573	86.411	31.921	34.410	111.83	99.949	123.69	300.41	538.73	9.9473	0.016079
309.28	0.029590	24.211	0.041304	-2.4669	-2.4656	-7.6138	69.593	83.535	1064.1	-0.30770	464.91	0.19805	0.021217	0.011871	84.237	31.935	34.428	111.67	100.21	124.08	300.61	527.33	9.9645	0.016131
309.84	0.030395	24.194	0.041332	-2.4199	-2.4187	-7.4622	69.700	83.659	1062.4	-0.30687	461.40	0.19795	0.021170	0.012177	82.125	31.949	34.446	111.51	100.48	124.47	300.81	516.22	9.9818	0.016183
310.41	0.031218	24.178	0.041361	-2.3729	-2.3716	-7.3106	69.807	83.783	1060.6	-0.30604	457.92	0.19784	0.021123	0.012488	80.075	31.963	34.463	111.36	100.74	124.86	301.01	505.39	9.9990	0.016235
310.97	0.032060	24.161	0.041389	-2.3258	-2.3245	-7.1591	69.915	83.908	1058.9	-0.30520	454.48	0.19773	0.021076	0.012807	78.083	31.977	34.481	111.20	100.99	125.25	301.21	494.83	10.016	0.016288
311.53	0.032922	24.144	0.041418	-2.2787	-2.2773	-7.0076	70.023	84.034	1057.1	-0.30436	451.07	0.19763	0.021029	0.013132	76.149	31.991	34.498	111.04	101.25	125.63	301.41	484.53	10.033	0.016340
312.09	0.033803	24.128	0.041446	-2.2315	-2.2301	-6.8561	70.131	84.160	1055.4	-0.30351	447.70	0.19752	0.020982	0.013464	74.270	32.005	34.516	110.88	101.50	126.02	301.61	474.49	10.051	0.016393
312.65	0.034703	24.111	0.041475	-2.1842	-2.1827	-6.7048	70.239	84.287	1053.6	-0.30266	444.37	0.19741	0.020935	0.013804	72.445	32.019	34.533	110.73	101.76	126.40	301.81	464.70	10.068	0.016446
313.21	0.035625	24.094	0.041503	-2.1368	-2.1353	-6.5534	70.347	84.414	1051.9	-0.30180	441.08	0.19730	0.020888	0.014150	70.672	32.033	34.551	110.57	102.01	126.78	302.01	455.16	10.085	0.016499
313.78	0.036566	24.078	0.041532	-2.0894	-2.0879	-6.4021	70.456	84.542	1050.1	-0.30093	437.82	0.19720	0.020841	0.014504	68.948	32.047	34.568	110.42	102.25	127.16	302.21	445.85	10.102	0.016552
314.34	0.037529	24.061	0.041561	-2.0419	-2.0403	-6.2509	70.564	84.671	1048.4	-0.30007	434.59	0.19709	0.020794	0.014865	67.274	32.061	34.586	110.27	102.50	127.53	302.40	436.77	10.119	0.016605
314.90	0.038513	24.044	0.041590	-1.9943	-1.9927	-6.0996	70.673	84.800	1046.6	-0.29919	431.40	0.19698	0.020747	0.015233	65.646	32.075	34.603	110.11	102.74	127.91	302.60	427.91	10.136	0.016658
315.46	0.039519	24.028	0.041619	-1.9467	-1.9450	-5.9485	70.783	84.930	1044.9	-0.29832	428.24	0.19688	0.020700	0.015609	64.064	32.089	34.620	109.96	102.98	128.28	302.79	419.27	10.154	0.016712
316.02	0.040547	24.011	0.041648	-1.8989	-1.8973	-5.7973	70.892	85.060	1043.2	-0.29743	425.12	0.19677	0.020652	0.015993	62.526	32.102	34.638	109.81	103.22	128.65	302.98	410.84	10.171	0.016766
316.58	0.041598	23.994	0.041677	-1.8511	-1.8494	-5.6462	71.002	85.191	1041.4	-0.29655	422.03	0.19666	0.020605	0.016385	61.031	32.116	34.655	109.66	103.46	129.03	303.18	402.62	10.188	0.016820
317.15	0.042671	23.978	0.041706	-1.8033	-1.8015	-5.4952	71.112	85.323	1039.7	-0.29566	418.97	0.19656	0.020558	0.016785	59.577	32.130	34.672	109.51	103.70	129.39	303.37	394.59	10.205	0.016874
317.71	0.043768	23.961	0.041735	-1.7553	-1.7535	-5.3441	71.222	85.456	1038.0	-0.29476	415.94	0.19645	0.020511	0.017193	58.163	32.144	34.690	109.36	103.93	129.76	303.56	386.76	10.222	0.016928
318.27	0.044888	23.944	0.041764	-1.7073	-1.7055	-5.1931	71.332	85.588	1036.2	-0.29386	412.95	0.19634	0.020464	0.017609	56.788	32.158	34.707	109.21	104.16	130.13	303.75	379.12	10.239	0.016982
318.83	0.046032	23.927	0.041793	-1.6592	-1.6573	-5.0422	71.442	85.722	1034.5	-0.29295	409.98	0.19623	0.020416	0.018034	55.451	32.171	34.724	109.07	104.39	130.49	303.93	371.66	10.256	0.017037
319.39	0.047201	23.910	0.041823	-1.6111	-1.6091	-4.8912	71.553	85.856	1032.8	-0.29204	407.05	0.19613	0.020369	0.018467	54.150	32.185	34.741	108.92	104.62	130.86	304.12	364.38	10.273	0.017092
319.95	0.048395	23.894	0.041852	-1.5628	-1.5608	-4.7403	71.664	85.991	1031.0	-0.29112	404.14	0.19602	0.020322	0.018909	52.885	32.199	34.758	108.77	104.85	131.22	304.31	357.27	10.290	0.017146
320.52	0.049615	23.877	0.041882	-1.5145	-1.5125	-4.5895	71.775	86.126	1029.3	-0.29020	401.27	0.19591	0.020274	0.019360	51.654	32.213	34.775	108.63	105.07	131.58	304.49	350.34	10.307	0.017202
321.08	0.050860	23.860	0.041911	-1.4661	-1.4640	-4.4386	71.886	86.262	1027.6	-0.28927	398.43	0.19581	0.020227	0.019819	50.456	32.226	34.793	108.48	105.30	131.94	304.68	343.56	10.324	0.017257
321.64	0.052131	23.843	0.041941	-1.4177	-1.4155	-4.2878	71.997	86.399	1025.8	-0.28834	395.61	0.19570	0.020180	0.020288	49.290	32.240	34.810	108.34	105.52	132.30	304.86	336.95	10.341	0.017312
322.20	0.053429	23.826	0.041970	-1.3691	-1.3669	-4.1370	72.109	86.536	1024.1	-0.28740	392.83	0.19559	0.020132	0.020766	48.156	32.254	34.827	108.20	105.74	132.66	305.04	330.49	10.358	0.017368
322.76	0.054754	23.809	0.042000	-1.3205	-1.3182	-3.9863	72.221	86.674	1022.4	-0.28646	390.07	0.19548	0.020085	0.021253	47.051	32.267	34.844	108.05	105.95	133.01	305.23	324.19	10.375	0.017423
323.32	0.056106	23.792	0.042030	-1.2718	-1.2695	-3.8355	72.332	86.813	1020.7	-0.28551	387.34	0.19538	0.020037	0.021750	45.977	32.281	34.861	107.91	106.17	133.37	305.41	318.03	10.392	0.017479
323.89	0.057486	23.776	0.042060	-1.2231	-1.2206	-3.6848	72.445	86.952	1019.0	-0.28456	384.63	0.19527	0.019990	0.022257	44.930	32.295	34.878	107.77	106.38	133.72	305.59	312.02	10.409	0.017535
324.45	0.058895	23.759	0.042090	-1.1742	-1.1717	-3.5341	72.557	87.091	1017.2	-0.28360	381.96	0.19516	0.019942	0.022773	43.912	32.308	34.894	107.63	106.59	134.07	305.76	306.14	10.426	0.017592
325.01	0.060333	23.742	0.042120	-1.1253	-1.1227	-3.3834	72.669	87.232	1015.5	-0.28264	379.31	0.19505	0.019894	0.023299	42.920	32.322	34.911	107.49	106.80	134.42	305.94	300.40	10.443	0.017648
325.57	0.061800	23.725	0.042150	-1.0763	-1.0737	-3.2328	72.782	87.372	1013.8	-0.28167	376.69	0.19495	0.019847	0.023836	41.954	32.335	34.928	107.35	107.01	134.77	306.12	294.80	10.459	0.017705
326.13	0.063297	23.708	0.042180	-1.0272	-1.0245	-3.0821	72.894	87.514	1012.1	-0.28070	374.09	0.19484	0.019799	0.024382	41.013	32.349	34.945	107.21	107.22	135.12	306.29	289.32	10.476	0.017761
326.69	0.064824	23.691	0.042211	-0.97802	-0.97528	-2.9315	73.007	87.656	1010.3	-0.27972	371.52	0.19473	0.019751	0.024939	40.097	32.362	34.962	107.07	107.42	135.47	306.47	283.97	10.493	0.017818
327.26	0.066382	23.674	0.042241	-0.92878	-0.92597	-2.7809	73.120	87.799	1008.6	-0.27873	368.98	0.19462	0.019704	0.025507	39.205	32.376	34.978	106.93	107.63	135.81	306.64	278.74	10.510	0.017875
327.82	0.067971	23.657	0.042271	-0.87946	-0.87658	-2.6303	73.233	87.942	1006.9	-0.27774	366.46	0.19452	0.019656	0.026085	38.336	32.389	34.995	106.80	107.83	136.16	306.81	273.63	10.527	0.017933
328.38	0.069592	23.640	0.042302	-0.83005	-0.82711	-2.4797	73.347	88.086	1005.2	-0.27675	363.96	0.19441	0.019608	0.026675	37.489	32.403	35.012	106.66	108.03	136.50	306.98	268.63	10.543	0.017990
328.94	0.071245	23.623	0.042333	-0.78057	-0.77756	-2.3292	73.460	88.230	1003.5	-0.27575	361.49	0.19430	0.019560	0.027275	36.664	32.416	35.028	106.52	108.23	136.85	307.15	263.75	10.560	0.018048
329.50	0.072931	23.605	0.042363	-0.73101	-0.72792	-2.1786	73.573	88.375	1001.8	-0.27475	359.04	0.19419	0.019512	0.027886	35.860	32.430	35.045	106.39	108.42	137.19	307.32	258.98	10.577	0.018106
330.06	0.074650	23.588	0.042394	-0.68137	-0.67820	-2.0281	73.687	88.521	1000.0	-0.27373	356.62	0.19409	0.019464	0.028509	35.076	32.443	35.062	106.25	108.62	137.53	307.49	254.32	10.594	0.018164
330.63	0.076403	23.571	0.042425	-0.63164	-0.62840	-1.8775	73.801	88.667	998.33	-0.27272	354.22	0.19398	0.019416	0.029144	34.313	32.457	35.078	106.12	108.81	137.87	307.65	249.76	10.610	0.018222
331.19	0.078190	23.554	0.042456	-0.58184	-0.57852	-1.7270	73.915	88.814	996.61	-0.27170	351.84	0.19387	0.019368	0.029790	33.568	32.470	35.095	105.99	109.00	138.21	307.82	245.30	10.627	0.018281
331.75	0.080012	23.537	0.042487	-0.53195	-0.52855	-1.5765	74.029	88.962	994.89	-0.27067	349.49	0.19376	0.019320	0.030448	32.843	32.483	35.111	105.85	109.20	138.55	307.98	240.94	10.644	0.018339
332.31	0.081869	23.520	0.042518	-0.48198	-0.47850	-1.4260	74.143	89.110	993.18	-0.26964	347.16	0.19365	0.019272	0.031118	32.136	32.496	35.127	105.72	109.38	138.89	308.15	236.68	10.660	0.018398
332.87	0.083763	23.502	0.042549	-0.43193	-0.42836	-1.2755	74.258	89.258	991.46	-0.26860	344.85	0.19355	0.019224	0.031800	31.446	32.510	35.144	105.59	109.57	139.23	308.31	232.51	10.677	0.018457
333.43	0.085692	23.485	0.042580	-0.38179	-0.37814	-1.1250	74.372	89.408	989.74	-0.26756	342.56	0.19344	0.019175	0.032495	30.774	32.523	35.160	105.46	109.76	139.57	308.47	228.44	10.694	0.018516
334.00	0.087659	23.468	0.042611	-0.33157	-0.32784	-0.97451	74.487	89.558	988.03	-0.26651	340.30	0.19333	0.019127	0.033202	30.118	32.536	35.176	105.33	109.94	139.90	308.63	224.45	10.710	0.018576
334.56	0.089663	23.451	0.042643	-0.28127	-0.27745	-0.82402	74.601	89.708	986.31	-0.26545	338.06	0.19322	0.019079	0.033922	29.479	32.549	35.193	105.20	110.13	140.24	308.78	220.55	10.727	0.018635
335.12	0.091705	23.433	0.042674	-0.23088	-0.22697	-0.67353	74.716	89.859	984.59	-0.26439	335.83	0.19311	0.019030	0.034655	28.855	32.563	35.209	105.07	110.31	140.58	308.94	216.74	10.744	0.018695
335.68	0.093785	23.416	0.042706	-0.18041	-0.17641	-0.52305	74.831	90.011	982.88	-0.26333	333.63	0.19301	0.018982	0.035402	28.247	32.576	35.225	104.94	110.49	140.91	309.10	213.01	10.760	0.018755
336.24	0.095905	23.399	0.042738	-0.12986	-0.12576	-0.37256	74.946	90.163	981.16	-0.26226	331.45	0.19290	0.018933	0.036161	27.654	32.589	35.241	104.81	110.67	141.25	309.25	209.36	10.777	0.018815
336.80	0.098064	23.381	0.042770	-0.079222	-0.075028	-0.22208	75.061	90.316	979.44	-0.26118	329.29	0.19279	0.018885	0.036934	27.075	32.602	35.257	104.68	110.85	141.58	309.40	205.79	10.793	0.018876
337.37	0.10026	23.364	0.042801	-0.028498	-0.024207	-0.071589	75.176	90.470	977.73	-0.26010	327.15	0.19268	0.018836	0.037720	26.511	32.615	35.273	104.55	111.02	141.91	309.55	202.30	10.810	0.018936
337.93	0.10250	23.346	0.042833	0.022311	0.026701	0.078900	75.292	90.624	976.01	-0.25901	325.03	0.19257	0.018788	0.038521	25.960	32.628	35.289	104.43	111.20	142.25	309.70	198.88	10.826	0.018997
338.49	0.10479	23.329	0.042865	0.073205	0.077697	0.22939	75.407	90.778	974.29	-0.25792	322.93	0.19247	0.018739	0.039335	25.422	32.641	35.305	104.30	111.37	142.58	309.85	195.53	10.843	0.019058
339.05	0.10711	23.311	0.042898	0.12419	0.12878	0.37989	75.522	90.934	972.57	-0.25681	320.84	0.19236	0.018690	0.040164	24.898	32.654	35.321	104.18	111.55	142.91	310.00	192.26	10.859	0.019119
339.61	0.10948	23.294	0.042930	0.17525	0.17995	0.53039	75.638	91.089	970.85	-0.25571	318.78	0.19225	0.018641	0.041007	24.386	32.667	35.336	104.05	111.72	143.25	310.15	189.05	10.875	0.019181
340.17	0.11189	23.276	0.042962	0.22641	0.23121	0.68090	75.754	91.246	969.13	-0.25460	316.74	0.19214	0.018592	0.041865	23.886	32.680	35.352	103.93	111.89	143.58	310.29	185.91	10.892	0.019242
340.74	0.11434	23.259	0.042995	0.27765	0.28256	0.83142	75.869	91.403	967.41	-0.25348	314.71	0.19203	0.018543	0.042738	23.399	32.692	35.368	103.80	112.06	143.91	310.44	182.84	10.908	0.019304
341.30	0.11684	23.241	0.043027	0.32897	0.33400	0.98194	75.985	91.561	965.69	-0.25236	312.70	0.19192	0.018494	0.043625	22.922	32.705	35.384	103.68	112.23	144.24	310.58	179.84	10.925	0.019366
341.86	0.11938	23.224	0.043060	0.38039	0.38553	1.1325	76.101	91.719	963.97	-0.25123	310.72	0.19182	0.018445	0.044528	22.458	32.718	35.399	103.55	112.39	144.58	310.72	176.90	10.941	0.019429
342.42	0.12197	23.206	0.043093	0.43189	0.43715	1.2830	76.217	91.878	962.24	-0.25009	308.74	0.19171	0.018396	0.045447	22.004	32.731	35.415	103.43	112.56	144.91	310.86	174.01	10.957	0.019491
342.98	0.12461	23.188	0.043125	0.48348	0.48886	1.4336	76.333	92.037	960.52	-0.24895	306.79	0.19160	0.018347	0.046381	21.561	32.743	35.430	103.31	112.73	145.24	311.00	171.19	10.974	0.019554
343.54	0.12729	23.170	0.043158	0.53516	0.54065	1.5841	76.450	92.197	958.80	-0.24780	304.86	0.19149	0.018298	0.047331	21.128	32.756	35.446	103.19	112.89	145.57	311.14	168.43	10.990	0.019617
344.10	0.13002	23.153	0.043191	0.58693	0.59254	1.7347	76.566	92.358	957.07	-0.24664	302.94	0.19138	0.018248	0.048297	20.705	32.769	35.461	103.07	113.05	145.90	311.27	165.72	11.006	0.019680
344.67	0.13280	23.135	0.043225	0.63879	0.64453	1.8853	76.682	92.520	955.34	-0.24548	301.03	0.19127	0.018199	0.049279	20.292	32.781	35.476	102.94	113.21	146.24	311.40	163.07	11.022	0.019744
345.23	0.13563	23.117	0.043258	0.69073	0.69660	2.0359	76.799	92.681	953.62	-0.24432	299.15	0.19116	0.018150	0.050278	19.889	32.794	35.492	102.82	113.38	146.57	311.54	160.48	11.039	0.019807
345.79	0.13851	23.099	0.043291	0.74277	0.74876	2.1865	76.915	92.844	951.89	-0.24314	297.28	0.19106	0.018100	0.051294	19.496	32.806	35.507	102.70	113.54	146.90	311.67	157.94	11.055	0.019871
346.35	0.14143	23.082	0.043325	0.79489	0.80102	2.3372	77.032	93.007	950.16	-0.24196	295.43	0.19095	0.018051	0.052326	19.111	32.819	35.522	102.58	113.70	147.24	311.80	155.45	11.071	0.019935
346.91	0.14441	23.064	0.043358	0.84711	0.85337	2.4878	77.148	93.171	948.43	-0.24078	293.59	0.19084	0.018001	0.053376	18.735	32.831	35.537	102.47	113.85	147.57	311.93	153.01	11.087	0.019999
347.47	0.14744	23.046	0.043392	0.89942	0.90582	2.6385	77.265	93.335	946.69	-0.23959	291.77	0.19073	0.017951	0.054443	18.368	32.844	35.552	102.35	114.01	147.91	312.05	150.62	11.103	0.020064
348.04	0.15052	23.028	0.043426	0.95182	0.95835	2.7892	77.382	93.500	944.96	-0.23839	289.97	0.19062	0.017901	0.055528	18.009	32.856	35.567	102.23	114.17	148.24	312.18	148.27	11.119	0.020129
348.60	0.15366	23.010	0.043460	1.0043	1.0110	2.9399	77.499	93.666	943.23	-0.23718	288.18	0.19051	0.017852	0.056631	17.658	32.868	35.582	102.11	114.32	148.58	312.30	145.98	11.135	0.020194
349.16	0.15685	22.992	0.043494	1.0569	1.0637	3.0906	77.616	93.832	941.49	-0.23597	286.41	0.19040	0.017802	0.057751	17.316	32.881	35.597	101.99	114.48	148.91	312.43	143.73	11.151	0.020259
349.72	0.16009	22.974	0.043528	1.1096	1.1165	3.2414	77.733	93.999	939.75	-0.23475	284.65	0.19029	0.017752	0.058890	16.981	32.893	35.611	101.88	114.63	149.25	312.55	141.53	11.167	0.020325
350.28	0.16339	22.956	0.043562	1.1623	1.1694	3.3921	77.850	94.166	938.01	-0.23353	282.91	0.19018	0.017702	0.060048	16.653	32.905	35.626	101.76	114.79	149.59	312.67	139.37	11.183	0.020391
350.84	0.16675	22.938	0.043596	1.2152	1.2225	3.5429	77.967	94.334	936.27	-0.23229	281.18	0.19007	0.017652	0.061224	16.333	32.917	35.641	101.64	114.94	149.92	312.78	137.25	11.199	0.020457
351.41	0.17016	22.919	0.043631	1.2681	1.2756	3.6938	78.084	94.503	934.53	-0.23105	279.47	0.18997	0.017601	0.062420	16.021	32.929	35.655	101.53	115.09	150.26	312.90	135.18	11.215	0.020523
351.97	0.17362	22.901	0.043666	1.3212	1.3288	3.8446	78.201	94.672	932.78	-0.22981	277.77	0.18986	0.017551	0.063634	15.715	32.941	35.670	101.41	115.25	150.60	313.01	133.14	11.231	0.020589
352.53	0.17715	22.883	0.043700	1.3743	1.3821	3.9955	78.318	94.842	931.04	-0.22856	276.08	0.18975	0.017501	0.064869	15.416	32.953	35.684	101.30	115.40	150.94	313.13	131.15	11.247	0.020656
353.09	0.18073	22.865	0.043735	1.4275	1.4354	4.1464	78.435	95.013	929.29	-0.22730	274.41	0.18964	0.017450	0.066123	15.123	32.965	35.699	101.18	115.55	151.29	313.24	129.19	11.263	0.020723
353.65	0.18438	22.847	0.043770	1.4809	1.4889	4.2973	78.553	95.184	927.54	-0.22603	272.75	0.18953	0.017400	0.067397	14.837	32.977	35.713	101.07	115.70	151.63	313.35	127.28	11.279	0.020790
354.21	0.18808	22.828	0.043805	1.5343	1.5425	4.4482	78.670	95.356	925.79	-0.22476	271.11	0.18942	0.017349	0.068691	14.558	32.989	35.727	100.96	115.85	151.97	313.46	125.40	11.295	0.020858
354.78	0.19185	22.810	0.043840	1.5878	1.5962	4.5992	78.787	95.528	924.04	-0.22348	269.48	0.18931	0.017299	0.070006	14.284	33.001	35.741	100.84	116.00	152.32	313.56	123.55	11.311	0.020926
355.34	0.19568	22.792	0.043876	1.6414	1.6500	4.7502	78.905	95.702	922.28	-0.22219	267.87	0.18920	0.017248	0.071342	14.017	33.013	35.755	100.73	116.15	152.66	313.67	121.75	11.327	0.020994
355.90	0.19956	22.773	0.043911	1.6951	1.7039	4.9012	79.022	95.875	920.53	-0.22089	266.26	0.18909	0.017197	0.072699	13.755	33.024	35.769	100.62	116.29	153.01	313.77	119.98	11.342	0.021062
356.46	0.20352	22.755	0.043947	1.7489	1.7579	5.0523	79.140	96.050	918.77	-0.21959	264.68	0.18898	0.017146	0.074077	13.500	33.036	35.783	100.51	116.44	153.36	313.87	118.24	11.358	0.021131
357.02	0.20753	22.736	0.043983	1.8028	1.8119	5.2034	79.257	96.225	917.01	-0.21828	263.10	0.18887	0.017095	0.075477	13.249	33.048	35.797	100.39	116.59	153.71	313.97	116.53	11.374	0.021200
357.58	0.21161	22.718	0.044018	1.8568	1.8661	5.3545	79.375	96.400	915.25	-0.21696	261.54	0.18876	0.017044	0.076898	13.004	33.059	35.811	100.28	116.74	154.06	314.07	114.86	11.390	0.021269
358.15	0.21576	22.699	0.044054	1.9109	1.9204	5.5057	79.493	96.577	913.48	-0.21564	259.99	0.18865	0.016993	0.078342	12.765	33.071	35.825	100.17	116.88	154.42	314.17	113.22	11.405	0.021338
358.71	0.21997	22.681	0.044091	1.9651	1.9748	5.6569	79.610	96.754	911.71	-0.21430	258.45	0.18855	0.016942	0.079808	12.530	33.082	35.838	100.06	117.03	154.77	314.26	111.61	11.421	0.021408
359.27	0.22425	22.662	0.044127	2.0194	2.0293	5.8081	79.728	96.931	909.95	-0.21296	256.92	0.18844	0.016891	0.081297	12.301	33.093	35.852	99.951	117.18	155.13	314.36	110.03	11.437	0.021478
359.83	0.22860	22.643	0.044163	2.0737	2.0838	5.9594	79.846	97.110	908.17	-0.21162	255.41	0.18833	0.016840	0.082809	12.076	33.105	35.865	99.841	117.32	155.48	314.45	108.48	11.452	0.021548
360.39	0.23302	22.625	0.044200	2.1282	2.1385	6.1107	79.963	97.289	906.40	-0.21026	253.91	0.18822	0.016788	0.084344	11.856	33.116	35.879	99.731	117.47	155.84	314.54	106.96	11.468	0.021619
360.95	0.23751	22.606	0.044236	2.1828	2.1933	6.2621	80.081	97.468	904.62	-0.20890	252.42	0.18811	0.016737	0.085902	11.641	33.127	35.892	99.622	117.61	156.21	314.63	105.47	11.484	0.021690
361.52	0.24206	22.587	0.044273	2.2375	2.2482	6.4134	80.199	97.648	902.85	-0.20752	250.94	0.18800	0.016685	0.087485	11.431	33.138	35.905	99.513	117.76	156.57	314.71	104.00	11.499	0.021761
362.08	0.24669	22.568	0.044310	2.2922	2.3032	6.5649	80.317	97.829	901.06	-0.20615	249.47	0.18789	0.016633	0.089091	11.224	33.149	35.918	99.404	117.90	156.94	314.80	102.57	11.515	0.021832
362.64	0.25139	22.549	0.044347	2.3471	2.3583	6.7163	80.435	98.011	899.28	-0.20476	248.02	0.18778	0.016582	0.090722	11.023	33.160	35.931	99.296	118.05	157.30	314.88	101.16	11.530	0.021904
363.20	0.25616	22.530	0.044385	2.4021	2.4135	6.8678	80.552	98.193	897.49	-0.20336	246.57	0.18767	0.016530	0.092378	10.825	33.171	35.944	99.188	118.19	157.67	314.96	99.773	11.546	0.021976
363.76	0.26101	22.511	0.044422	2.4572	2.4688	7.0194	80.670	98.376	895.71	-0.20196	245.14	0.18756	0.016478	0.094059	10.632	33.182	35.957	99.080	118.34	158.04	315.04	98.414	11.561	0.022048
364.32	0.26593	22.492	0.044459	2.5123	2.5242	7.1710	80.788	98.560	893.91	-0.20054	243.72	0.18745	0.016426	0.095765	10.442	33.193	35.970	98.973	118.48	158.42	315.11	97.080	11.577	0.022121
364.89	0.27093	22.473	0.044497	2.5676	2.5797	7.3226	80.906	98.744	892.12	-0.19912	242.31	0.18734	0.016374	0.097496	10.257	33.204	35.982	98.866	118.63	158.80	315.19	95.770	11.592	0.022194
365.45	0.27600	22.454	0.044535	2.6230	2.6353	7.4742	81.024	98.929	890.32	-0.19769	240.91	0.18723	0.016322	0.099254	10.075	33.214	35.995	98.759	118.77	159.17	315.26	94.484	11.607	0.022267
366.01	0.28115	22.435	0.044573	2.6785	2.6910	7.6260	81.142	99.115	888.52	-0.19626	239.52	0.18712	0.016269	0.10104	9.8973	33.225	36.007	98.652	118.91	159.55	315.33	93.221	11.623	0.022340
366.57	0.28638	22.416	0.044611	2.7340	2.7468	7.7777	81.260	99.301	886.72	-0.19481	238.15	0.18701	0.016217	0.10285	9.7230	33.235	36.020	98.546	119.06	159.94	315.40	91.981	11.638	0.022414
367.13	0.29169	22.397	0.044649	2.7897	2.8027	7.9295	81.378	99.488	884.92	-0.19335	236.78	0.18690	0.016165	0.10469	9.5524	33.246	36.032	98.440	119.20	160.32	315.47	90.764	11.654	0.022488
367.69	0.29707	22.377	0.044688	2.8455	2.8588	8.0814	81.496	99.676	883.11	-0.19189	235.42	0.18679	0.016112	0.10655	9.3852	33.256	36.044	98.334	119.35	160.71	315.53	89.568	11.669	0.022563
368.26	0.30254	22.358	0.044726	2.9014	2.9149	8.2333	81.614	99.865	881.30	-0.19042	234.07	0.18668	0.016059	0.10844	9.2215	33.267	36.056	98.229	119.49	161.11	315.60	88.394	11.684	0.022638
368.82	0.30809	22.339	0.044765	2.9574	2.9712	8.3852	81.732	100.05	879.48	-0.18893	232.74	0.18657	0.016007	0.11036	9.0610	33.277	36.068	98.124	119.64	161.50	315.66	87.240	11.699	0.022713
369.38	0.31372	22.319	0.044804	3.0135	3.0275	8.5372	81.850	100.24	877.67	-0.18744	231.41	0.18646	0.015954	0.11231	8.9038	33.287	36.080	98.019	119.78	161.90	315.72	86.107	11.715	0.022788
369.94	0.31944	22.300	0.044843	3.0697	3.0840	8.6893	81.969	100.43	875.85	-0.18594	230.09	0.18635	0.015901	0.11429	8.7498	33.297	36.092	97.915	119.93	162.30	315.78	84.994	11.730	0.022864
370.50	0.32524	22.280	0.044882	3.1260	3.1406	8.8414	82.087	100.63	874.02	-0.18443	228.79	0.18624	0.015848	0.11629	8.5989	33.307	36.104	97.810	120.08	162.70	315.83	83.900	11.745	0.022940
371.06	0.33112	22.261	0.044922	3.1824	3.1972	8.9935	82.205	100.82	872.20	-0.18291	227.49	0.18613	0.015795	0.11833	8.4510	33.317	36.115	97.706	120.22	163.11	315.88	82.826	11.760	0.023017
371.63	0.33709	22.241	0.044961	3.2389	3.2540	9.1457	82.323	101.01	870.37	-0.18138	226.20	0.18602	0.015742	0.12039	8.3061	33.327	36.127	97.603	120.37	163.52	315.94	81.770	11.775	0.023094
372.19	0.34315	22.222	0.045001	3.2955	3.3109	9.2980	82.441	101.20	868.53	-0.17984	224.92	0.18591	0.015689	0.12249	8.1641	33.337	36.138	97.499	120.51	163.93	315.98	80.733	11.790	0.023171
372.75	0.34929	22.202	0.045041	3.3522	3.3679	9.4503	82.559	101.40	866.70	-0.17829	223.65	0.18580	0.015635	0.12461	8.0249	33.346	36.150	97.396	120.66	164.34	316.03	79.714	11.806	0.023248
373.31	0.35553	22.182	0.045081	3.4090	3.4250	9.6027	82.677	101.59	864.86	-0.17674	222.40	0.18569	0.015582	0.12677	7.8884	33.356	36.161	97.293	120.81	164.76	316.08	78.712	11.821	0.023326
373.87	0.36185	22.163	0.045121	3.4659	3.4823	9.7551	82.795	101.79	863.02	-0.17517	221.14	0.18558	0.015528	0.12896	7.7546	33.366	36.172	97.190	120.96	165.19	316.12	77.728	11.836	0.023405
374.43	0.36827	22.143	0.045162	3.5230	3.5396	9.9076	82.914	101.99	861.17	-0.17359	219.90	0.18547	0.015475	0.13117	7.6235	33.375	36.183	97.087	121.10	165.61	316.16	76.761	11.851	0.023483
375.00	0.37477	22.123	0.045202	3.5801	3.5971	10.060	83.032	102.18	859.32	-0.17200	218.67	0.18536	0.015421	0.13342	7.4950	33.385	36.193	96.985	121.25	166.04	316.20	75.810	11.866	0.023562
375.56	0.38137	22.103	0.045243	3.6374	3.6546	10.213	83.150	102.38	857.47	-0.17040	217.45	0.18525	0.015367	0.13570	7.3689	33.394	36.204	96.883	121.40	166.48	316.23	74.875	11.881	0.023641
376.12	0.38807	22.083	0.045284	3.6947	3.7123	10.365	83.268	102.58	855.61	-0.16879	216.23	0.18514	0.015313	0.13802	7.2454	33.403	36.215	96.781	121.55	166.91	316.27	73.956	11.896	0.023721
376.68	0.39486	22.063	0.045325	3.7522	3.7701	10.518	83.386	102.78	853.75	-0.16717	215.02	0.18503	0.015259	0.14037	7.1242	33.412	36.225	96.679	121.70	167.36	316.30	73.053	11.911	0.023801
377.24	0.40174	22.043	0.045366	3.8098	3.8280	10.671	83.504	102.98	851.89	-0.16554	213.83	0.18492	0.015205	0.14275	7.0054	33.421	36.236	96.577	121.85	167.80	316.33	72.164	11.925	0.023882
377.80	0.40872	22.023	0.045408	3.8674	3.8860	10.824	83.623	103.18	850.02	-0.16390	212.64	0.18481	0.015151	0.14516	6.8888	33.430	36.246	96.476	122.00	168.25	316.35	71.291	11.940	0.023962
378.37	0.41580	22.002	0.045450	3.9252	3.9441	10.977	83.741	103.38	848.15	-0.16224	211.46	0.18470	0.015097	0.14761	6.7746	33.439	36.256	96.375	122.15	168.70	316.38	70.432	11.955	0.024044
378.93	0.42298	21.982	0.045491	3.9831	4.0024	11.130	83.859	103.59	846.27	-0.16058	210.28	0.18460	0.015042	0.15009	6.6625	33.448	36.266	96.274	122.31	169.16	316.40	69.588	11.970	0.024125
379.49	0.43026	21.962	0.045534	4.0411	4.0607	11.283	83.977	103.79	844.39	-0.15890	209.12	0.18449	0.014988	0.15261	6.5526	33.457	36.276	96.173	122.46	169.62	316.42	68.757	11.985	0.024207
380.05	0.43763	21.941	0.045576	4.0993	4.1192	11.436	84.095	104.00	842.51	-0.15722	207.96	0.18438	0.014933	0.15517	6.4447	33.465	36.286	96.073	122.61	170.09	316.44	67.941	12.000	0.024290
380.61	0.44511	21.921	0.045618	4.1575	4.1778	11.589	84.214	104.20	840.62	-0.15552	206.81	0.18427	0.014878	0.15775	6.3389	33.474	36.295	95.972	122.77	170.56	316.45	67.137	12.014	0.024373
381.17	0.45270	21.901	0.045661	4.2158	4.2365	11.742	84.332	104.41	838.73	-0.15381	205.67	0.18416	0.014824	0.16038	6.2352	33.482	36.305	95.872	122.92	171.04	316.47	66.347	12.029	0.024456
381.74	0.46038	21.880	0.045704	4.2743	4.2953	11.895	84.450	104.61	836.84	-0.15209	204.54	0.18405	0.014769	0.16304	6.1334	33.490	36.314	95.772	123.08	171.52	316.48	65.570	12.044	0.024539
382.30	0.46817	21.859	0.045747	4.3328	4.3543	12.049	84.568	104.82	834.94	-0.15036	203.41	0.18394	0.014714	0.16574	6.0335	33.499	36.323	95.672	123.23	172.00	316.49	64.805	12.059	0.024623
382.86	0.47607	21.839	0.045790	4.3915	4.4133	12.202	84.686	105.03	833.04	-0.14861	202.29	0.18383	0.014659	0.16848	5.9355	33.507	36.332	95.572	123.39	172.49	316.49	64.053	12.073	0.024708
383.42	0.48407	21.818	0.045833	4.4503	4.4725	12.356	84.804	105.24	831.13	-0.14685	201.18	0.18372	0.014603	0.17125	5.8393	33.515	36.341	95.473	123.55	172.98	316.49	63.313	12.088	0.024793
383.98	0.49219	21.797	0.045877	4.5092	4.5318	12.509	84.923	105.45	829.22	-0.14508	200.08	0.18361	0.014548	0.17407	5.7449	33.523	36.350	95.373	123.71	173.48	316.50	62.585	12.103	0.024878
384.54	0.50041	21.777	0.045921	4.5682	4.5912	12.663	85.041	105.66	827.31	-0.14330	198.98	0.18350	0.014493	0.17692	5.6523	33.530	36.359	95.274	123.86	173.99	316.49	61.868	12.117	0.024964
385.11	0.50874	21.756	0.045965	4.6273	4.6507	12.816	85.159	105.87	825.39	-0.14150	197.90	0.18339	0.014437	0.17981	5.5615	33.538	36.368	95.175	124.02	174.50	316.49	61.163	12.132	0.025050
385.67	0.51718	21.735	0.046009	4.6866	4.7104	12.970	85.277	106.09	823.46	-0.13970	196.82	0.18328	0.014382	0.18274	5.4723	33.546	36.376	95.076	124.18	175.01	316.48	60.469	12.146	0.025137
386.23	0.52574	21.714	0.046054	4.7459	4.7701	13.124	85.395	106.30	821.54	-0.13787	195.74	0.18317	0.014326	0.18571	5.3847	33.553	36.384	94.977	124.35	175.53	316.47	59.786	12.161	0.025224
386.79	0.53440	21.693	0.046099	4.8054	4.8300	13.278	85.514	106.52	819.60	-0.13604	194.67	0.18306	0.014270	0.18872	5.2988	33.561	36.392	94.879	124.51	176.06	316.46	59.114	12.175	0.025312
387.35	0.54319	21.672	0.046143	4.8650	4.8900	13.432	85.632	106.73	817.67	-0.13419	193.61	0.18295	0.014214	0.19178	5.2144	33.568	36.400	94.780	124.67	176.59	316.45	58.452	12.190	0.025400
387.91	0.55208	21.650	0.046189	4.9247	4.9502	13.586	85.750	106.95	815.73	-0.13233	192.56	0.18284	0.014158	0.19487	5.1316	33.575	36.408	94.681	124.84	177.13	316.43	57.800	12.204	0.025488
388.48	0.56110	21.629	0.046234	4.9845	5.0104	13.740	85.868	107.17	813.78	-0.13046	191.51	0.18273	0.014102	0.19801	5.0503	33.582	36.416	94.583	125.00	177.67	316.41	57.159	12.219	0.025577
389.04	0.57023	21.608	0.046280	5.0444	5.0708	13.894	85.986	107.39	811.83	-0.12857	190.48	0.18262	0.014046	0.20119	4.9705	33.589	36.424	94.485	125.17	178.22	316.39	56.528	12.233	0.025667
389.60	0.57948	21.586	0.046325	5.1045	5.1313	14.049	86.105	107.61	809.88	-0.12666	189.44	0.18251	0.013990	0.20441	4.8921	33.596	36.431	94.387	125.34	178.77	316.36	55.906	12.248	0.025756
390.16	0.58886	21.565	0.046372	5.1646	5.1919	14.203	86.223	107.83	807.92	-0.12475	188.42	0.18240	0.013933	0.20768	4.8151	33.603	36.438	94.289	125.50	179.33	316.33	55.294	12.262	0.025847
390.72	0.59835	21.543	0.046418	5.2249	5.2527	14.358	86.341	108.05	805.96	-0.12281	187.40	0.18230	0.013877	0.21099	4.7396	33.609	36.445	94.191	125.67	179.90	316.30	54.691	12.277	0.025938
391.28	0.60796	21.522	0.046464	5.2853	5.3136	14.512	86.459	108.27	803.99	-0.12087	186.38	0.18219	0.013820	0.21435	4.6654	33.616	36.452	94.093	125.84	180.47	316.27	54.097	12.291	0.026029
391.85	0.61770	21.500	0.046511	5.3458	5.3746	14.667	86.577	108.50	802.02	-0.11891	185.38	0.18208	0.013763	0.21775	4.5925	33.622	36.459	93.995	126.01	181.05	316.23	53.512	12.305	0.026121
392.41	0.62757	21.479	0.046558	5.4065	5.4357	14.821	86.695	108.72	800.04	-0.11693	184.38	0.18197	0.013707	0.22119	4.5209	33.629	36.466	93.898	126.19	181.64	316.19	52.937	12.320	0.026214
392.97	0.63756	21.457	0.046605	5.4672	5.4969	14.976	86.814	108.95	798.06	-0.11494	183.38	0.18186	0.013650	0.22469	4.4506	33.635	36.472	93.800	126.36	182.23	316.15	52.369	12.334	0.026307
393.53	0.64767	21.435	0.046653	5.5281	5.5583	15.131	86.932	109.17	796.07	-0.11293	182.39	0.18175	0.013593	0.22823	4.3816	33.641	36.479	93.703	126.53	182.83	316.11	51.810	12.348	0.026400
394.09	0.65792	21.413	0.046701	5.5891	5.6198	15.286	87.050	109.40	794.08	-0.11091	181.41	0.18164	0.013535	0.23182	4.3138	33.647	36.485	93.605	126.71	183.43	316.06	51.260	12.363	0.026494
394.65	0.66829	21.391	0.046749	5.6502	5.6815	15.441	87.168	109.63	792.09	-0.10887	180.43	0.18153	0.013478	0.23545	4.2472	33.652	36.491	93.508	126.88	184.04	316.01	50.717	12.377	0.026589
395.22	0.67879	21.369	0.046797	5.7115	5.7432	15.596	87.286	109.86	790.08	-0.10681	179.46	0.18142	0.013421	0.23914	4.1817	33.658	36.497	93.411	127.06	184.66	315.95	50.183	12.391	0.026684
395.78	0.68943	21.347	0.046845	5.7728	5.8051	15.751	87.404	110.09	788.08	-0.10474	178.50	0.18131	0.013363	0.24287	4.1174	33.664	36.502	93.313	127.24	185.29	315.90	49.656	12.405	0.026780
396.34	0.70020	21.325	0.046894	5.8343	5.8671	15.907	87.523	110.32	786.07	-0.10265	177.54	0.18121	0.013306	0.24665	4.0543	33.669	36.508	93.216	127.42	185.92	315.84	49.137	12.420	0.026876
396.90	0.71110	21.302	0.046943	5.8959	5.9293	16.062	87.641	110.56	784.05	-0.10055	176.59	0.18110	0.013248	0.25049	3.9922	33.674	36.513	93.119	127.60	186.56	315.77	48.626	12.434	0.026973
397.46	0.72214	21.280	0.046992	5.9576	5.9916	16.218	87.759	110.79	782.03	-0.098426	175.64	0.18099	0.013190	0.25437	3.9312	33.679	36.518	93.022	127.78	187.21	315.71	48.122	12.448	0.027070
398.02	0.73331	21.258	0.047042	6.0195	6.0540	16.373	87.877	111.03	780.01	-0.096287	174.70	0.18088	0.013132	0.25831	3.8713	33.684	36.523	92.925	127.96	187.86	315.64	47.625	12.462	0.027168
398.59	0.74462	21.235	0.047092	6.0815	6.1165	16.529	87.995	111.26	777.98	-0.094130	173.77	0.18077	0.013074	0.26230	3.8124	33.689	36.528	92.828	128.15	188.52	315.57	47.135	12.476	0.027267
399.15	0.75607	21.213	0.047142	6.1436	6.1792	16.685	88.114	111.50	775.94	-0.091955	172.84	0.18066	0.013016	0.26634	3.7545	33.694	36.533	92.731	128.33	189.19	315.49	46.652	12.491	0.027366
399.71	0.76767	21.190	0.047192	6.2058	6.2420	16.841	88.232	111.74	773.90	-0.089762	171.91	0.18056	0.012958	0.27044	3.6977	33.699	36.537	92.634	128.52	189.87	315.42	46.176	12.505	0.027465
400.27	0.77940	21.167	0.047243	6.2681	6.3050	16.997	88.350	111.98	771.85	-0.087551	170.99	0.18045	0.012900	0.27459	3.6418	33.703	36.542	92.537	128.71	190.55	315.33	45.707	12.519	0.027566
400.83	0.79127	21.144	0.047294	6.3306	6.3680	17.153	88.468	112.22	769.80	-0.085321	170.08	0.18034	0.012841	0.27880	3.5868	33.708	36.546	92.441	128.90	191.24	315.25	45.244	12.533	0.027667
401.39	0.80329	21.122	0.047345	6.3932	6.4312	17.309	88.586	112.46	767.75	-0.083072	169.17	0.18023	0.012783	0.28306	3.5329	33.712	36.550	92.344	129.08	191.94	315.16	44.788	12.547	0.027768
401.95	0.81546	21.099	0.047397	6.4559	6.4946	17.465	88.705	112.71	765.68	-0.080805	168.27	0.18012	0.012724	0.28737	3.4798	33.716	36.554	92.247	129.28	192.65	315.07	44.338	12.561	0.027871
402.52	0.82777	21.076	0.047448	6.5188	6.5581	17.622	88.823	112.95	763.62	-0.078517	167.37	0.18002	0.012665	0.29175	3.4276	33.720	36.557	92.150	129.47	193.37	314.98	43.894	12.575	0.027974
403.08	0.84022	21.052	0.047500	6.5818	6.6217	17.778	88.941	113.20	761.54	-0.076210	166.48	0.17991	0.012607	0.29618	3.3763	33.724	36.561	92.053	129.66	194.09	314.88	43.456	12.590	0.028077
403.64	0.85283	21.029	0.047553	6.6449	6.6854	17.935	89.059	113.45	759.47	-0.073883	165.59	0.17980	0.012548	0.30067	3.3259	33.727	36.564	91.957	129.85	194.82	314.78	43.024	12.604	0.028182
404.20	0.86559	21.006	0.047605	6.7081	6.7493	18.091	89.178	113.70	757.38	-0.071536	164.71	0.17969	0.012489	0.30522	3.2763	33.731	36.567	91.860	130.05	195.56	314.68	42.598	12.618	0.028287
404.76	0.87850	20.983	0.047658	6.7715	6.8134	18.248	89.296	113.95	755.30	-0.069168	163.83	0.17958	0.012429	0.30983	3.2276	33.734	36.570	91.763	130.24	196.31	314.57	42.178	12.632	0.028392
405.32	0.89156	20.959	0.047712	6.8350	6.8775	18.405	89.414	114.20	753.20	-0.066779	162.96	0.17948	0.012370	0.31450	3.1796	33.737	36.572	91.666	130.44	197.07	314.46	41.763	12.646	0.028499
405.89	0.90477	20.936	0.047765	6.8986	6.9419	18.562	89.533	114.45	751.10	-0.064369	162.09	0.17937	0.012311	0.31923	3.1325	33.740	36.575	91.570	130.64	197.83	314.35	41.354	12.660	0.028606
406.45	0.91814	20.912	0.047819	6.9624	7.0063	18.719	89.651	114.71	749.00	-0.061937	161.23	0.17926	0.012251	0.32403	3.0862	33.743	36.577	91.473	130.84	198.61	314.23	40.950	12.674	0.028713
407.01	0.93167	20.888	0.047873	7.0263	7.0709	18.876	89.769	114.96	746.89	-0.059483	160.37	0.17916	0.012192	0.32888	3.0406	33.746	36.579	91.376	131.04	199.39	314.11	40.551	12.688	0.028822
407.57	0.94535	20.865	0.047928	7.0903	7.1356	19.034	89.888	115.22	744.77	-0.057007	159.52	0.17905	0.012132	0.33380	2.9958	33.749	36.581	91.279	131.24	200.18	313.99	40.158	12.702	0.028931
408.13	0.95920	20.841	0.047983	7.1545	7.2005	19.191	90.006	115.48	742.65	-0.054509	158.67	0.17894	0.012072	0.33879	2.9517	33.751	36.583	91.182	131.44	200.98	313.86	39.769	12.716	0.029041
408.69	0.97320	20.817	0.048038	7.2188	7.2655	19.349	90.124	115.74	740.52	-0.051987	157.82	0.17883	0.012012	0.34384	2.9084	33.754	36.584	91.086	131.64	201.79	313.73	39.386	12.730	0.029152
409.26	0.98737	20.793	0.048094	7.2832	7.3307	19.506	90.243	116.00	738.39	-0.049442	156.98	0.17873	0.011952	0.34895	2.8657	33.756	36.585	90.989	131.85	202.60	313.60	39.007	12.744	0.029263
409.82	1.0017	20.769	0.048149	7.3478	7.3960	19.664	90.361	116.27	736.25	-0.046874	156.15	0.17862	0.011892	0.35413	2.8238	33.758	36.586	90.892	132.05	203.43	313.46	38.634	12.758	0.029376
410.38	1.0162	20.744	0.048206	7.4125	7.4614	19.822	90.480	116.53	734.11	-0.044281	155.32	0.17851	0.011832	0.35938	2.7825	33.760	36.587	90.795	132.26	204.26	313.32	38.265	12.772	0.029489
410.94	1.0309	20.720	0.048262	7.4773	7.5270	19.980	90.598	116.80	731.96	-0.041664	154.49	0.17841	0.011771	0.36470	2.7420	33.761	36.588	90.698	132.46	205.10	313.17	37.900	12.786	0.029603
411.50	1.0457	20.696	0.048319	7.5423	7.5928	20.138	90.717	117.06	729.80	-0.039022	153.67	0.17830	0.011711	0.37009	2.7020	33.763	36.588	90.601	132.67	205.96	313.03	37.540	12.800	0.029717
412.06	1.0607	20.671	0.048376	7.6074	7.6587	20.296	90.835	117.33	727.64	-0.036355	152.85	0.17820	0.011650	0.37555	2.6628	33.764	36.589	90.504	132.88	206.82	312.88	37.185	12.814	0.029833
412.63	1.0759	20.647	0.048434	7.6726	7.7247	20.455	90.954	117.61	725.47	-0.033663	152.04	0.17809	0.011589	0.38108	2.6241	33.766	36.589	90.407	133.09	207.68	312.72	36.834	12.828	0.029949
413.19	1.0912	20.622	0.048492	7.7380	7.7909	20.613	91.072	117.88	723.30	-0.030944	151.23	0.17798	0.011529	0.38668	2.5861	33.767	36.589	90.310	133.30	208.56	312.56	36.487	12.843	0.030066
413.75	1.1067	20.597	0.048550	7.8035	7.8572	20.772	91.191	118.15	721.12	-0.028199	150.43	0.17788	0.011468	0.39235	2.5487	33.768	36.588	90.213	133.51	209.45	312.40	36.144	12.857	0.030185
414.31	1.1224	20.572	0.048609	7.8692	7.9237	20.931	91.309	118.43	718.94	-0.025427	149.63	0.17777	0.011407	0.39810	2.5119	33.768	36.588	90.115	133.72	210.34	312.24	35.805	12.871	0.030304
414.87	1.1383	20.547	0.048668	7.9350	7.9904	21.089	91.428	118.71	716.75	-0.022628	148.83	0.17767	0.011345	0.40393	2.4757	33.769	36.587	90.018	133.93	211.24	312.07	35.471	12.885	0.030423
415.43	1.1543	20.522	0.048728	8.0009	8.0572	21.248	91.547	118.99	714.55	-0.019801	148.04	0.17756	0.011284	0.40983	2.4401	33.769	36.586	89.921	134.14	212.15	311.89	35.140	12.899	0.030544
416.00	1.1705	20.497	0.048787	8.0670	8.1241	21.408	91.666	119.27	712.35	-0.016946	147.25	0.17746	0.011223	0.41580	2.4050	33.770	36.585	89.823	134.35	213.07	311.72	34.813	12.913	0.030666
416.56	1.1869	20.472	0.048848	8.1332	8.1912	21.567	91.784	119.55	710.14	-0.014062	146.47	0.17735	0.011161	0.42185	2.3705	33.770	36.583	89.726	134.56	214.00	311.54	34.490	12.927	0.030789
417.12	1.2035	20.446	0.048908	8.1996	8.2585	21.726	91.903	119.84	707.92	-0.011149	145.69	0.17725	0.011100	0.42799	2.3365	33.770	36.582	89.628	134.78	214.94	311.35	34.170	12.941	0.030912
417.68	1.2203	20.421	0.048969	8.2661	8.3259	21.886	92.022	120.12	705.70	-0.0082064	144.92	0.17714	0.011038	0.43420	2.3031	33.770	36.580	89.531	134.99	215.88	311.17	33.854	12.956	0.031037
418.24	1.2372	20.395	0.049031	8.3328	8.3934	22.045	92.141	120.41	703.48	-0.0052337	144.14	0.17704	0.010976	0.44049	2.2702	33.769	36.578	89.433	135.20	216.83	310.98	33.542	12.970	0.031162
418.80	1.2543	20.370	0.049093	8.3996	8.4611	22.205	92.260	120.70	701.24	-0.0022304	143.38	0.17693	0.010914	0.44686	2.2378	33.769	36.576	89.336	135.41	217.79	310.78	33.233	12.984	0.031289
419.37	1.2717	20.344	0.049155	8.4665	8.5290	22.365	92.379	121.00	699.01	0.00080403	142.61	0.17683	0.010852	0.45332	2.2059	33.768	36.573	89.238	135.63	218.76	310.59	32.927	12.998	0.031416
419.93	1.2892	20.318	0.049217	8.5336	8.5970	22.525	92.498	121.29	696.76	0.0038701	141.85	0.17672	0.010790	0.45986	2.1746	33.767	36.571	89.140	135.84	219.73	310.38	32.625	13.012	0.031545
420.49	1.3069	20.292	0.049281	8.6008	8.6652	22.685	92.617	121.59	694.51	0.0069684	141.10	0.17662	0.010728	0.46648	2.1437	33.766	36.568	89.042	136.05	220.71	310.18	32.326	13.027	0.031674
421.05	1.3248	20.266	0.049344	8.6682	8.7336	22.846	92.736	121.89	692.25	0.010099	140.34	0.17651	0.010666	0.47319	2.1133	33.765	36.565	88.944	136.26	221.70	309.97	32.031	13.041	0.031805
421.61	1.3428	20.240	0.049408	8.7358	8.8021	23.006	92.856	122.19	689.99	0.013264	139.59	0.17641	0.010603	0.47999	2.0834	33.764	36.561	88.847	136.47	222.70	309.76	31.738	13.055	0.031937
422.17	1.3611	20.213	0.049472	8.8035	8.8708	23.167	92.975	122.49	687.72	0.016462	138.85	0.17631	0.010541	0.48688	2.0539	33.762	36.558	88.749	136.68	223.70	309.54	31.448	13.070	0.032070
422.74	1.3796	20.187	0.049537	8.8713	8.9396	23.328	93.094	122.79	685.44	0.019695	138.11	0.17620	0.010478	0.49385	2.0249	33.760	36.554	88.651	136.89	224.70	309.32	31.162	13.084	0.032204
423.30	1.3983	20.160	0.049602	8.9393	9.0086	23.489	93.214	123.10	683.16	0.022962	137.37	0.17610	0.010415	0.50091	1.9963	33.759	36.550	88.552	137.10	225.71	309.10	30.878	13.099	0.032339
423.86	1.4171	20.134	0.049668	9.0074	9.0778	23.650	93.333	123.41	680.87	0.026266	136.63	0.17600	0.010352	0.50807	1.9682	33.757	36.546	88.454	137.31	226.73	308.87	30.597	13.113	0.032475
424.42	1.4362	20.107	0.049734	9.0757	9.1471	23.811	93.453	123.72	678.58	0.029605	135.90	0.17589	0.010289	0.51532	1.9406	33.754	36.541	88.356	137.52	227.75	308.65	30.319	13.127	0.032612
424.98	1.4555	20.080	0.049801	9.1442	9.2166	23.972	93.572	124.04	676.28	0.032982	135.17	0.17579	0.010226	0.52266	1.9133	33.752	36.537	88.258	137.73	228.78	308.41	30.044	13.142	0.032750
425.54	1.4750	20.053	0.049868	9.2128	9.2863	24.134	93.692	124.35	673.97	0.036396	134.45	0.17569	0.010163	0.53009	1.8865	33.750	36.532	88.160	137.93	229.81	308.18	29.771	13.157	0.032890
426.11	1.4946	20.026	0.049936	9.2815	9.3561	24.296	93.812	124.67	671.66	0.039849	133.73	0.17558	0.010100	0.53762	1.8600	33.747	36.527	88.061	138.13	230.84	307.94	29.501	13.171	0.033031
426.67	1.5145	19.999	0.050004	9.3504	9.4262	24.457	93.932	124.99	669.34	0.043340	133.01	0.17548	0.010037	0.54525	1.8340	33.744	36.522	87.963	138.34	231.88	307.69	29.233	13.186	0.033173
427.23	1.5346	19.971	0.050072	9.4195	9.4963	24.619	94.052	125.31	667.01	0.046871	132.30	0.17538	0.0099730	0.55298	1.8084	33.741	36.517	87.865	138.54	232.91	307.45	28.968	13.201	0.033316
427.79	1.5549	19.944	0.050141	9.4887	9.5667	24.782	94.172	125.64	664.68	0.050442	131.59	0.17528	0.0099094	0.56080	1.7832	33.738	36.511	87.766	138.73	233.95	307.19	28.706	13.215	0.033461
428.35	1.5755	19.916	0.050211	9.5581	9.6372	24.944	94.292	125.97	662.34	0.054055	130.88	0.17518	0.0098457	0.56873	1.7583	33.735	36.505	87.668	138.93	234.99	306.94	28.446	13.230	0.033606
428.91	1.5962	19.888	0.050281	9.6276	9.7079	25.107	94.412	126.30	660.00	0.057709	130.18	0.17507	0.0097819	0.57675	1.7338	33.732	36.499	87.570	139.12	236.03	306.68	28.188	13.245	0.033753
429.48	1.6171	19.860	0.050352	9.6974	9.7788	25.269	94.532	126.63	657.64	0.061405	129.48	0.17497	0.0097180	0.58488	1.7097	33.728	36.493	87.471	139.31	237.07	306.42	27.933	13.260	0.033902
430.04	1.6383	19.832	0.050423	9.7672	9.8498	25.432	94.653	126.97	655.28	0.065146	128.78	0.17487	0.0096540	0.59312	1.6860	33.724	36.487	87.373	139.50	238.11	306.16	27.679	13.275	0.034051
430.60	1.6597	19.804	0.050494	9.8372	9.9211	25.595	94.773	127.31	652.92	0.068930	128.08	0.17477	0.0095899	0.60145	1.6626	33.721	36.480	87.274	139.69	239.15	305.90	27.428	13.290	0.034202
431.16	1.6813	19.776	0.050567	9.9074	9.9925	25.758	94.894	127.65	650.55	0.072759	127.39	0.17467	0.0095256	0.60990	1.6396	33.717	36.473	87.176	139.87	240.18	305.63	27.179	13.305	0.034355
431.72	1.7031	19.748	0.050639	9.9778	10.064	25.922	95.015	128.00	648.17	0.076634	126.70	0.17457	0.0094613	0.61845	1.6169	33.713	36.466	87.078	140.05	241.21	305.35	26.933	13.321	0.034508
432.28	1.7251	19.719	0.050713	10.048	10.136	26.085	95.136	128.34	645.79	0.080556	126.02	0.17447	0.0093969	0.62711	1.5946	33.708	36.459	86.979	140.22	242.24	305.08	26.688	13.336	0.034663
432.85	1.7474	19.690	0.050786	10.119	10.208	26.249	95.257	128.70	643.40	0.084525	125.34	0.17437	0.0093323	0.63588	1.5726	33.704	36.452	86.881	140.40	243.26	304.80	26.445	13.351	0.034819
433.41	1.7699	19.661	0.050861	10.190	10.280	26.413	95.378	129.05	641.00	0.088543	124.66	0.17426	0.0092677	0.64476	1.5510	33.700	36.445	86.783	140.56	244.27	304.52	26.205	13.367	0.034977
433.97	1.7926	19.633	0.050936	10.261	10.352	26.577	95.499	129.41	638.59	0.092610	123.98	0.17416	0.0092030	0.65375	1.5296	33.695	36.437	86.685	140.73	245.27	304.24	25.966	13.382	0.035136
434.53	1.8155	19.603	0.051011	10.332	10.425	26.741	95.620	129.77	636.18	0.096727	123.31	0.17406	0.0091382	0.66285	1.5086	33.690	36.429	86.587	140.89	246.27	303.95	25.729	13.398	0.035297
435.09	1.8387	19.574	0.051088	10.403	10.497	26.906	95.742	130.13	633.77	0.10090	122.64	0.17396	0.0090732	0.67207	1.4879	33.686	36.422	86.489	141.04	247.25	303.66	25.494	13.414	0.035459
435.65	1.8621	19.545	0.051164	10.475	10.570	27.070	95.863	130.50	631.34	0.10512	121.97	0.17386	0.0090082	0.68141	1.4676	33.681	36.414	86.391	141.19	248.22	303.37	25.261	13.429	0.035622
436.22	1.8858	19.515	0.051242	10.547	10.643	27.235	95.985	130.86	628.91	0.10939	121.31	0.17376	0.0089431	0.69086	1.4475	33.676	36.405	86.293	141.33	249.18	303.07	25.029	13.445	0.035787
436.78	1.9096	19.486	0.051320	10.619	10.717	27.400	96.107	131.24	626.47	0.11372	120.64	0.17367	0.0088778	0.70042	1.4277	33.671	36.397	86.196	141.47	250.13	302.78	24.800	13.461	0.035953
437.34	1.9338	19.456	0.051398	10.691	10.790	27.565	96.229	131.61	624.03	0.11810	119.99	0.17357	0.0088125	0.71011	1.4082	33.666	36.389	86.098	141.60	251.06	302.48	24.572	13.477	0.036121
437.90	1.9581	19.426	0.051478	10.763	10.864	27.731	96.351	131.99	621.58	0.12254	119.33	0.17347	0.0087471	0.71992	1.3890	33.660	36.380	86.001	141.73	251.98	302.18	24.346	13.494	0.036290
438.46	1.9827	19.396	0.051558	10.835	10.938	27.896	96.473	132.38	619.12	0.12704	118.68	0.17337	0.0086816	0.72985	1.3702	33.655	36.372	85.904	141.85	252.87	301.87	24.121	13.510	0.036460
439.02	2.0075	19.366	0.051638	10.908	11.012	28.062	96.596	132.77	616.66	0.13160	118.03	0.17327	0.0086160	0.73990	1.3515	33.650	36.363	85.807	141.96	253.75	301.57	23.898	13.527	0.036632
439.59	2.0326	19.335	0.051719	10.981	11.086	28.228	96.719	133.16	614.19	0.13622	117.38	0.17317	0.0085503	0.75007	1.3332	33.644	36.354	85.710	142.07	254.61	301.26	23.677	13.543	0.036806
440.15	2.0579	19.305	0.051801	11.054	11.160	28.394	96.842	133.55	611.71	0.14090	116.73	0.17307	0.0084845	0.76036	1.3152	33.639	36.345	85.614	142.16	255.44	300.95	23.457	13.560	0.036981
440.71	2.0835	19.274	0.051884	11.127	11.235	28.561	96.965	133.95	609.22	0.14564	116.09	0.17297	0.0084186	0.77079	1.2974	33.633	36.336	85.517	142.25	256.25	300.64	23.239	13.577	0.037157
441.27	2.1093	19.243	0.051967	11.200	11.310	28.727	97.088	134.35	606.73	0.15044	115.45	0.17288	0.0083526	0.78133	1.2799	33.628	36.327	85.421	142.34	257.04	300.32	23.023	13.594	0.037335
441.83	2.1353	19.212	0.052051	11.274	11.385	28.894	97.211	134.76	604.23	0.15531	114.81	0.17278	0.0082865	0.79201	1.2626	33.622	36.318	85.326	142.41	257.80	300.01	22.808	13.611	0.037514
442.39	2.1616	19.181	0.052136	11.347	11.460	29.061	97.335	135.17	601.73	0.16025	114.18	0.17268	0.0082203	0.80281	1.2456	33.616	36.309	85.230	142.48	258.53	299.69	22.595	13.628	0.037695
442.96	2.1882	19.149	0.052221	11.421	11.535	29.229	97.459	135.59	599.22	0.16525	113.55	0.17258	0.0081541	0.81375	1.2289	33.611	36.300	85.135	142.53	259.23	299.37	22.383	13.646	0.037878
443.52	2.2150	19.118	0.052308	11.495	11.611	29.396	97.583	136.01	596.70	0.17033	112.92	0.17249	0.0080877	0.82481	1.2124	33.605	36.290	85.041	142.58	259.90	299.05	22.173	13.663	0.038061
444.08	2.2421	19.086	0.052395	11.569	11.687	29.564	97.707	136.43	594.17	0.17547	112.29	0.17239	0.0080213	0.83600	1.1962	33.599	36.281	84.946	142.62	260.54	298.73	21.964	13.681	0.038247
444.64	2.2694	19.054	0.052482	11.644	11.763	29.732	97.831	136.86	591.64	0.18069	111.67	0.17229	0.0079547	0.84733	1.1802	33.593	36.272	84.852	142.65	261.15	298.41	21.757	13.699	0.038433
445.20	2.2970	19.022	0.052571	11.719	11.839	29.900	97.956	137.29	589.09	0.18598	111.05	0.17220	0.0078881	0.85878	1.1644	33.588	36.262	84.759	142.67	261.72	298.08	21.551	13.717	0.038622
445.76	2.3248	18.990	0.052660	11.793	11.916	30.069	98.081	137.73	586.55	0.19134	110.43	0.17210	0.0078214	0.87037	1.1489	33.582	36.253	84.665	142.68	262.25	297.76	21.347	13.735	0.038811
446.33	2.3529	18.957	0.052750	11.868	11.993	30.237	98.206	138.17	583.99	0.19679	109.81	0.17200	0.0077546	0.88210	1.1337	33.576	36.244	84.573	142.67	262.75	297.43	21.145	13.754	0.039002
446.89	2.3813	18.925	0.052841	11.944	12.069	30.406	98.332	138.62	581.43	0.20231	109.20	0.17191	0.0076877	0.89396	1.1186	33.571	36.235	84.480	142.66	263.21	297.10	20.944	13.772	0.039195
447.45	2.4099	18.892	0.052933	12.019	12.147	30.575	98.457	139.07	578.86	0.20792	108.58	0.17181	0.0076207	0.90596	1.1038	33.565	36.225	84.389	142.64	263.63	296.77	20.745	13.791	0.039389
448.01	2.4388	18.859	0.053025	12.095	12.224	30.745	98.583	139.53	576.28	0.21360	107.98	0.17172	0.0075537	0.91809	1.0892	33.560	36.216	84.297	142.60	264.01	296.44	20.547	13.810	0.039585
448.57	2.4680	18.826	0.053119	12.171	12.302	30.915	98.710	140.00	573.70	0.21937	107.37	0.17162	0.0074866	0.93036	1.0749	33.554	36.207	84.207	142.55	264.35	296.11	20.351	13.829	0.039781
449.13	2.4974	18.792	0.053213	12.247	12.380	31.085	98.836	140.46	571.10	0.22523	106.76	0.17153	0.0074193	0.94277	1.0607	33.549	36.198	84.116	142.49	264.65	295.77	20.156	13.849	0.039980
449.70	2.5271	18.759	0.053308	12.323	12.458	31.255	98.963	140.94	568.50	0.23118	106.16	0.17143	0.0073520	0.95532	1.0468	33.544	36.189	84.027	142.42	264.90	295.44	19.964	13.868	0.040180
450.26	2.5571	18.725	0.053404	12.399	12.536	31.425	99.090	141.42	565.90	0.23721	105.56	0.17134	0.0072847	0.96801	1.0330	33.538	36.180	83.937	142.34	265.11	295.10	19.773	13.888	0.040381
450.82	2.5873	18.691	0.053501	12.476	12.614	31.596	99.217	141.91	563.28	0.24335	104.96	0.17124	0.0072172	0.98084	1.0195	33.533	36.171	83.849	142.25	265.29	294.77	19.583	13.908	0.040584
451.38	2.6178	18.657	0.053599	12.553	12.693	31.767	99.345	142.40	560.66	0.24957	104.37	0.17115	0.0071497	0.99382	1.0062	33.528	36.162	83.761	142.14	265.41	294.43	19.396	13.929	0.040788
451.94	2.6486	18.623	0.053698	12.630	12.772	31.938	99.473	142.90	558.03	0.25589	103.77	0.17105	0.0070821	1.0069	0.99311	33.523	36.153	83.673	142.02	265.50	294.09	19.210	13.949	0.040994
452.50	2.6797	18.588	0.053798	12.707	12.851	32.110	99.602	143.40	555.39	0.26232	103.18	0.17096	0.0070144	1.0202	0.98021	33.518	36.145	83.587	141.89	265.54	293.75	19.027	13.970	0.041201
453.07	2.7110	18.553	0.053899	12.785	12.931	32.282	99.730	143.92	552.74	0.26884	102.59	0.17086	0.0069466	1.0336	0.96749	33.514	36.136	83.500	141.74	265.55	293.40	18.845	13.991	0.041409
453.63	2.7427	18.518	0.054000	12.863	13.011	32.454	99.859	144.44	550.09	0.27547	102.01	0.17077	0.0068788	1.0471	0.95497	33.509	36.128	83.415	141.58	265.51	293.06	18.665	14.013	0.041619
454.19	2.7746	18.483	0.054103	12.941	13.091	32.626	99.989	144.96	547.43	0.28221	101.42	0.17067	0.0068109	1.0608	0.94264	33.504	36.120	83.330	141.41	265.43	292.71	18.488	14.034	0.041831
454.75	2.8068	18.448	0.054207	13.019	13.171	32.799	100.12	145.50	544.75	0.28906	100.84	0.17058	0.0067429	1.0747	0.93050	33.500	36.112	83.246	141.23	265.31	292.36	18.312	14.056	0.042044
455.31	2.8392	18.412	0.054312	13.097	13.251	32.972	100.25	146.04	542.07	0.29602	100.26	0.17049	0.0066748	1.0887	0.91854	33.496	36.104	83.162	141.03	265.15	292.01	18.139	14.079	0.042259
455.87	2.8720	18.376	0.054418	13.176	13.332	33.145	100.38	146.58	539.39	0.30310	99.682	0.17039	0.0066067	1.1028	0.90675	33.492	36.096	83.079	140.82	264.96	291.65	17.967	14.101	0.042475
456.43	2.9051	18.340	0.054525	13.255	13.413	33.319	100.51	147.14	536.69	0.31030	99.106	0.17030	0.0065385	1.1171	0.89515	33.488	36.088	82.997	140.60	264.73	291.30	17.798	14.124	0.042693
457.00	2.9384	18.304	0.054633	13.334	13.494	33.493	100.64	147.70	533.98	0.31762	98.532	0.17021	0.0064703	1.1316	0.88372	33.484	36.080	82.915	140.37	264.47	290.94	17.632	14.147	0.042912
457.56	2.9720	18.267	0.054743	13.413	13.576	33.667	100.77	148.28	531.27	0.32507	97.960	0.17011	0.0064019	1.1462	0.87245	33.480	36.073	82.834	140.13	264.18	290.57	17.468	14.170	0.043133
458.12	3.0059	18.231	0.054853	13.493	13.658	33.841	100.91	148.86	528.54	0.33264	97.390	0.17002	0.0063336	1.1610	0.86136	33.476	36.065	82.754	139.87	263.86	290.20	17.307	14.194	0.043356
458.68	3.0401	18.194	0.054965	13.573	13.740	34.016	101.04	149.45	525.81	0.34036	96.822	0.16993	0.0062651	1.1759	0.85043	33.473	36.058	82.674	139.60	263.51	289.83	17.148	14.218	0.043581
459.24	3.0746	18.156	0.055078	13.653	13.822	34.192	101.17	150.05	523.07	0.34820	96.256	0.16984	0.0061966	1.1910	0.83966	33.469	36.051	82.595	139.32	263.14	289.46	16.992	14.242	0.043807
459.80	3.1094	18.119	0.055192	13.733	13.905	34.367	101.31	150.65	520.32	0.35619	95.692	0.16974	0.0061280	1.2062	0.82904	33.466	36.044	82.516	139.03	262.75	289.08	16.838	14.267	0.044036
460.37	3.1445	18.081	0.055307	13.814	13.988	34.543	101.44	151.27	517.55	0.36433	95.130	0.16965	0.0060594	1.2216	0.81858	33.463	36.037	82.438	138.73	262.34	288.69	16.688	14.292	0.044266
460.93	3.1799	18.043	0.055424	13.894	14.071	34.719	101.58	151.90	514.78	0.37262	94.569	0.16956	0.0059907	1.2372	0.80828	33.460	36.030	82.361	138.42	261.92	288.30	16.540	14.318	0.044498
461.49	3.2156	18.005	0.055542	13.976	14.154	34.896	101.71	152.54	512.00	0.38106	94.011	0.16947	0.0059220	1.2530	0.79811	33.457	36.023	82.284	138.09	261.49	287.90	16.396	14.343	0.044733
462.05	3.2516	17.966	0.055661	14.057	14.238	35.073	101.85	153.19	509.20	0.38965	93.454	0.16937	0.0058532	1.2689	0.78810	33.454	36.016	82.207	137.76	261.05	287.50	16.255	14.370	0.044970
462.61	3.2879	17.927	0.055781	14.138	14.322	35.250	101.98	153.85	506.40	0.39842	92.900	0.16928	0.0057844	1.2850	0.77822	33.451	36.010	82.131	137.42	260.60	287.09	16.116	14.396	0.045209
463.17	3.3245	17.888	0.055903	14.220	14.406	35.428	102.12	154.52	503.58	0.40735	92.347	0.16919	0.0057155	1.3013	0.76848	33.448	36.003	82.056	137.07	260.16	286.67	15.982	14.423	0.045450
463.74	3.3614	17.849	0.056027	14.303	14.491	35.606	102.26	155.21	500.76	0.41646	91.795	0.16910	0.0056465	1.3177	0.75888	33.445	35.996	81.980	136.72	259.73	286.24	15.851	14.451	0.045694
464.30	3.3986	17.809	0.056152	14.385	14.576	35.785	102.40	155.90	497.92	0.42575	91.246	0.16901	0.0055776	1.3344	0.74941	33.443	35.990	81.906	136.35	259.30	285.81	15.723	14.478	0.045941
464.86	3.4361	17.769	0.056278	14.468	14.661	35.964	102.54	156.61	495.07	0.43523	90.698	0.16891	0.0055085	1.3512	0.74006	33.440	35.983	81.831	135.98	258.89	285.36	15.599	14.507	0.046190
465.42	3.4740	17.729	0.056406	14.551	14.747	36.143	102.68	157.34	492.21	0.44490	90.152	0.16882	0.0054395	1.3683	0.73084	33.437	35.976	81.757	135.60	258.50	284.91	15.479	14.535	0.046443
465.98	3.5121	17.688	0.056536	14.634	14.832	36.323	102.82	158.07	489.33	0.45476	89.608	0.16873	0.0053704	1.3855	0.72174	33.434	35.969	81.682	135.22	258.13	284.44	15.362	14.564	0.046699
466.54	3.5506	17.647	0.056667	14.717	14.919	36.503	102.96	158.83	486.45	0.46484	89.065	0.16864	0.0053012	1.4030	0.71276	33.432	35.962	81.608	134.83	257.80	283.97	15.250	14.594	0.046957
467.11	3.5893	17.606	0.056799	14.801	15.005	36.684	103.10	159.59	483.54	0.47513	88.524	0.16855	0.0052320	1.4207	0.70389	33.429	35.955	81.534	134.44	257.50	283.48	15.141	14.624	0.047220
467.67	3.6284	17.564	0.056934	14.885	15.092	36.865	103.24	160.38	480.63	0.48564	87.985	0.16846	0.0051628	1.4386	0.69513	33.426	35.948	81.460	134.04	257.24	282.98	15.037	14.655	0.047486
468.23	3.6678	17.522	0.057070	14.970	15.179	37.046	103.39	161.17	477.70	0.49638	87.447	0.16837	0.0050936	1.4567	0.68648	33.423	35.941	81.386	133.64	257.03	282.46	14.937	14.686	0.047756
468.79	3.7076	17.480	0.057208	15.055	15.267	37.228	103.53	161.99	474.76	0.50736	86.910	0.16827	0.0050243	1.4751	0.67793	33.419	35.933	81.312	133.24	256.87	281.94	14.841	14.717	0.048030
469.35	3.7476	17.438	0.057347	15.140	15.355	37.411	103.68	162.82	471.80	0.51859	86.375	0.16818	0.0049550	1.4937	0.66948	33.416	35.925	81.238	132.84	256.78	281.40	14.750	14.749	0.048309
469.91	3.7880	17.395	0.057489	15.225	15.443	37.594	103.82	163.68	468.83	0.53007	85.842	0.16809	0.0048857	1.5126	0.66113	33.412	35.917	81.163	132.43	256.76	280.84	14.663	14.782	0.048592
470.48	3.8287	17.351	0.057632	15.311	15.531	37.777	103.97	164.55	465.84	0.54182	85.310	0.16800	0.0048163	1.5317	0.65288	33.408	35.908	81.088	132.03	256.81	280.27	14.581	14.815	0.048880
471.04	3.8697	17.308	0.057777	15.397	15.620	37.961	104.12	165.44	462.83	0.55385	84.779	0.16791	0.0047470	1.5511	0.64471	33.404	35.899	81.012	131.63	256.95	279.68	14.504	14.849	0.049174
471.60	3.9111	17.264	0.057925	15.483	15.710	38.145	104.27	166.35	459.81	0.56617	84.250	0.16782	0.0046776	1.5708	0.63663	33.400	35.890	80.936	131.23	257.18	279.08	14.431	14.884	0.049473
472.16	3.9528	17.219	0.058074	15.570	15.799	38.330	104.42	167.29	456.77	0.57878	83.722	0.16772	0.0046082	1.5908	0.62863	33.395	35.880	80.859	130.83	257.51	278.45	14.363	14.919	0.049778
472.72	3.9948	17.175	0.058226	15.657	15.890	38.516	104.57	168.25	453.71	0.59171	83.195	0.16763	0.0045388	1.6111	0.62071	33.390	35.869	80.781	130.44	257.96	277.81	14.300	14.955	0.050090
473.28	4.0372	17.129	0.058379	15.744	15.980	38.702	104.72	169.23	450.63	0.60497	82.669	0.16754	0.0044694	1.6317	0.61286	33.384	35.858	80.702	130.05	258.53	277.15	14.242	14.991	0.050409
473.85	4.0799	17.084	0.058535	15.832	16.071	38.889	104.88	170.24	447.54	0.61856	82.145	0.16745	0.0043999	1.6527	0.60509	33.378	35.846	80.622	129.67	259.23	276.48	14.189	15.028	0.050735
474.41	4.1230	17.038	0.058693	15.920	16.162	39.076	105.03	171.28	444.42	0.63251	81.622	0.16736	0.0043305	1.6740	0.59738	33.371	35.834	80.541	129.30	260.08	275.78	14.140	15.066	0.051070
474.97	4.1664	16.991	0.058854	16.009	16.254	39.264	105.19	172.34	441.28	0.64683	81.100	0.16727	0.0042611	1.6957	0.58974	33.363	35.820	80.459	128.93	261.08	275.06	14.097	15.105	0.051413
475.53	4.2101	16.944	0.059017	16.098	16.346	39.452	105.34	173.44	438.12	0.66154	80.579	0.16717	0.0041917	1.7177	0.58216	33.355	35.806	80.375	128.57	262.26	274.33	14.058	15.145	0.051765
476.09	4.2542	16.897	0.059182	16.187	16.439	39.641	105.50	174.57	434.94	0.67665	80.059	0.16708	0.0041223	1.7402	0.57463	33.346	35.791	80.290	128.22	263.62	273.57	14.024	15.185	0.052128
476.65	4.2987	16.849	0.059351	16.277	16.532	39.831	105.66	175.73	431.74	0.69219	79.540	0.16699	0.0040528	1.7632	0.56716	33.337	35.775	80.202	127.89	265.18	272.80	13.995	15.227	0.052501
477.22	4.3435	16.801	0.059521	16.367	16.625	40.022	105.83	176.92	428.51	0.70816	79.021	0.16690	0.0039835	1.7866	0.55973	33.326	35.757	80.113	127.56	266.96	272.01	13.970	15.269	0.052886
477.78	4.3887	16.752	0.059695	16.457	16.719	40.213	105.99	178.16	425.25	0.72460	78.504	0.16680	0.0039141	1.8104	0.55235	33.315	35.739	80.021	127.25	268.97	271.19	13.950	15.313	0.053284
478.34	4.4343	16.702	0.059871	16.548	16.814	40.405	106.16	179.43	421.98	0.74153	77.987	0.16671	0.0038447	1.8348	0.54501	33.302	35.719	79.928	126.96	271.24	270.37	13.933	15.357	0.053695
478.90	4.4803	16.653	0.060051	16.640	16.909	40.597	106.32	180.74	418.67	0.75896	77.471	0.16662	0.0037754	1.8597	0.53771	33.289	35.698	79.831	126.68	273.77	269.52	13.920	15.403	0.054121
479.46	4.5266	16.602	0.060233	16.731	17.004	40.791	106.49	182.10	415.34	0.77693	76.956	0.16653	0.0037061	1.8852	0.53044	33.274	35.675	79.732	126.42	276.60	268.66	13.911	15.450	0.054563
480.02	4.5733	16.551	0.060419	16.824	17.100	40.985	106.66	183.51	411.98	0.79546	76.441	0.16643	0.0036369	1.9113	0.52320	33.258	35.650	79.630	126.17	279.74	267.79	13.904	15.498	0.055023
480.59	4.6204	16.499	0.060608	16.916	17.196	41.180	106.84	184.96	408.59	0.81458	75.926	0.16634	0.0035676	1.9380	0.51599	33.240	35.624	79.524	125.95	283.20	266.90	13.899	15.547	0.055500
481.15	4.6679	16.447	0.060801	17.010	17.293	41.376	107.01	186.47	405.16	0.83432	75.412	0.16625	0.0034985	1.9654	0.50880	33.221	35.596	79.415	125.75	287.01	266.01	13.895	15.598	0.055998
481.71	4.7158	16.394	0.060997	17.103	17.391	41.572	107.19	188.04	401.71	0.85472	74.899	0.16616	0.0034293	1.9935	0.50163	33.201	35.566	79.303	125.56	291.19	265.11	13.892	15.651	0.056517
482.27	4.7641	16.341	0.061196	17.198	17.489	41.770	107.37	189.66	398.23	0.87579	74.385	0.16606	0.0033603	2.0223	0.49448	33.178	35.534	79.186	125.41	295.75	264.22	13.888	15.705	0.057058
482.83	4.8128	16.287	0.061400	17.293	17.588	41.968	107.55	191.35	394.71	0.89759	73.872	0.16597	0.0032912	2.0519	0.48735	33.154	35.500	79.066	125.27	300.68	263.32	13.883	15.761	0.057622
483.39	4.8619	16.232	0.061607	17.388	17.687	42.168	107.74	193.11	391.16	0.92015	73.359	0.16588	0.0032223	2.0824	0.48022	33.129	35.463	78.941	125.16	306.01	262.43	13.875	15.818	0.058211
483.96	4.9114	16.176	0.061819	17.484	17.787	42.368	107.92	194.94	387.57	0.94351	72.845	0.16578	0.0031534	2.1136	0.47312	33.101	35.425	78.812	125.08	311.71	261.56	13.863	15.878	0.058825
484.52	4.9614	16.120	0.062035	17.580	17.888	42.570	108.12	196.84	383.95	0.96772	72.332	0.16569	0.0030846	2.1458	0.46602	33.071	35.383	78.679	125.02	317.77	260.70	13.845	15.940	0.059464
485.08	5.0119	16.063	0.062255	17.677	17.989	42.772	108.31	198.84	380.29	0.99281	71.818	0.16560	0.0030158	2.1789	0.45895	33.040	35.340	78.541	124.99	324.15	259.87	13.819	16.004	0.060128
485.64	5.0627	16.005	0.062481	17.775	18.091	42.976	108.51	200.92	376.59	1.0188	71.304	0.16551	0.0029472	2.2129	0.45189	33.006	35.294	78.398	124.98	330.79	259.06	13.785	16.070	0.060816
486.20	5.1140	15.946	0.062711	17.873	18.194	43.181	108.71	203.09	372.86	1.0459	70.789	0.16541	0.0028786	2.2479	0.44486	32.971	35.246	78.251	125.00	337.63	258.30	13.741	16.138	0.061525
486.76	5.1658	15.887	0.062946	17.973	18.298	43.387	108.91	205.37	369.08	1.0739	70.274	0.16532	0.0028101	2.2838	0.43786	32.933	35.195	78.100	125.04	344.56	257.57	13.686	16.210	0.062253
487.33	5.2180	15.826	0.063187	18.072	18.402	43.594	109.12	207.76	365.27	1.1031	69.758	0.16523	0.0027418	2.3207	0.43091	32.894	35.142	77.945	125.10	351.47	256.88	13.618	16.283	0.062995
487.89	5.2707	15.764	0.063434	18.173	18.507	43.803	109.33	210.27	361.41	1.1335	69.241	0.16514	0.0026735	2.3585	0.42400	32.853	35.088	77.787	125.17	358.24	256.23	13.537	16.360	0.063747
488.45	5.3239	15.702	0.063686	18.274	18.613	44.013	109.55	212.90	357.51	1.1650	68.722	0.16505	0.0026054	2.3972	0.41716	32.810	35.031	77.626	125.26	364.76	255.62	13.444	16.439	0.064504
489.01	5.3776	15.638	0.063945	18.376	18.720	44.224	109.77	215.68	353.57	1.1979	68.203	0.16496	0.0025374	2.4367	0.41039	32.767	34.974	77.463	125.36	370.91	255.04	13.339	16.521	0.065262
489.57	5.4317	15.574	0.064211	18.479	18.827	44.437	109.99	218.60	349.58	1.2322	67.682	0.16487	0.0024695	2.4771	0.40370	32.722	34.915	77.297	125.47	376.61	254.49	13.223	16.605	0.066017
490.13	5.4863	15.508	0.064483	18.582	18.936	44.652	110.22	221.67	345.56	1.2678	67.159	0.16478	0.0024017	2.5182	0.39711	32.677	34.855	77.131	125.57	381.82	253.95	13.099	16.693	0.066767
490.70	5.5414	15.441	0.064763	18.687	19.046	44.868	110.46	224.92	341.49	1.3051	66.634	0.16469	0.0023342	2.5600	0.39063	32.631	34.795	76.965	125.67	386.57	253.41	12.968	16.783	0.067512
491.26	5.5969	15.373	0.065051	18.792	19.156	45.086	110.70	228.36	337.37	1.3439	66.108	0.16460	0.0022667	2.6025	0.38425	32.584	34.735	76.798	125.77	390.93	252.86	12.835	16.876	0.068255
491.82	5.6530	15.303	0.065347	18.898	19.268	45.306	110.95	231.99	333.22	1.3845	65.578	0.16452	0.0021995	2.6457	0.37798	32.538	34.674	76.631	125.85	395.02	252.26	12.703	16.972	0.069001
492.38	5.7095	15.232	0.065651	19.006	19.381	45.527	111.20	235.84	329.02	1.4268	65.047	0.16443	0.0021324	2.6895	0.37182	32.491	34.614	76.465	125.92	399.04	251.61	12.573	17.070	0.069757
492.94	5.7665	15.160	0.065965	19.114	19.495	45.751	111.47	239.93	324.78	1.4710	64.512	0.16435	0.0020655	2.7341	0.36576	32.444	34.553	76.299	125.98	403.21	250.89	12.451	17.172	0.070535
493.50	5.8239	15.086	0.066289	19.224	19.610	45.977	111.74	244.26	320.51	1.5172	63.975	0.16427	0.0019988	2.7794	0.35979	32.397	34.492	76.133	126.03	407.81	250.09	12.338	17.277	0.071344
494.07	5.8819	15.010	0.066623	19.334	19.726	46.205	112.01	248.86	316.19	1.5655	63.434	0.16419	0.0019323	2.8257	0.35390	32.349	34.430	75.966	126.06	413.12	249.19	12.237	17.386	0.072201
494.63	5.9403	14.933	0.066968	19.446	19.844	46.435	112.30	253.75	311.85	1.6159	62.890	0.16411	0.0018661	2.8730	0.34807	32.300	34.368	75.798	126.08	419.49	248.19	12.149	17.498	0.073120
495.19	5.9992	14.853	0.067325	19.559	19.963	46.668	112.60	258.95	307.47	1.6686	62.342	0.16404	0.0018001	2.9215	0.34229	32.250	34.303	75.627	126.09	427.28	247.08	12.076	17.615	0.074119
495.75	6.0586	14.772	0.067694	19.674	20.084	46.903	112.90	264.48	303.06	1.7235	61.790	0.16397	0.0017343	2.9715	0.33653	32.198	34.237	75.452	126.10	436.89	245.88	12.017	17.737	0.075219
496.31	6.1185	14.689	0.068076	19.789	20.206	47.141	113.22	270.37	298.64	1.7809	61.234	0.16390	0.0016688	3.0232	0.33078	32.144	34.168	75.272	126.10	448.77	244.59	11.972	17.865	0.076441
496.87	6.1789	14.604	0.068472	19.906	20.330	47.382	113.55	276.63	294.20	1.8408	60.674	0.16383	0.0016036	3.0769	0.32500	32.086	34.095	75.085	126.12	463.40	243.24	11.939	17.999	0.077811
497.44	6.2398	14.517	0.068883	20.025	20.455	47.626	113.89	283.28	289.75	1.9032	60.110	0.16377	0.0015387	3.1330	0.31918	32.025	34.017	74.889	126.15	481.28	241.86	11.913	18.140	0.079354
498.00	6.3013	14.428	0.069309	20.145	20.582	47.872	114.24	290.36	285.31	1.9681	59.542	0.16371	0.0014741	3.1919	0.31329	31.959	33.933	74.683	126.20	502.86	240.50	11.888	18.291	0.081092
498.56	6.3633	14.337	0.069751	20.267	20.711	48.122	114.60	297.89	280.87	2.0356	58.970	0.16366	0.0014098	3.2540	0.30732	31.888	33.843	74.464	126.28	528.44	239.22	11.858	18.451	0.083040
499.12	6.4258	14.243	0.070209	20.390	20.841	48.375	114.98	305.88	276.45	2.1057	58.393	0.16361	0.0013459	3.3194	0.30126	31.810	33.746	74.231	126.40	557.95	238.08	11.814	18.622	0.085193
499.68	6.4890	14.147	0.070685	20.514	20.973	48.630	115.37	314.37	272.06	2.1785	57.813	0.16357	0.0012824	3.3886	0.29511	31.727	33.642	73.983	126.57	590.68	237.16	11.744	18.805	0.087516
500.24	6.5527	14.049	0.071179	20.641	21.107	48.889	115.77	323.38	267.71	2.2538	57.230	0.16354	0.0012192	3.4613	0.28891	31.637	33.530	73.722	126.79	625.05	236.50	11.641	19.000	0.089933
500.81	6.6171	13.948	0.071692	20.769	21.243	49.152	116.19	332.98	263.40	2.3319	56.644	0.16351	0.0011565	3.5373	0.28270	31.541	33.412	73.451	127.07	658.73	236.11	11.500	19.208	0.092334
501.37	6.6821	13.846	0.072225	20.898	21.381	49.417	116.62	343.20	259.13	2.4127	56.054	0.16349	0.0010942	3.6159	0.27656	31.443	33.291	73.172	127.40	689.24	235.96	11.326	19.426	0.094605
501.93	6.7477	13.740	0.072778	21.029	21.520	49.686	117.07	354.16	254.91	2.4966	55.463	0.16349	0.0010325	3.6963	0.27054	31.342	33.168	72.891	127.76	715.00	235.96	11.127	19.654	0.096675
502.49	6.8139	13.633	0.073353	21.162	21.662	49.959	117.53	365.97	250.74	2.5838	54.868	0.16350	0.00097118	3.7776	0.26472	31.242	33.046	72.613	128.16	735.96	235.97	10.918	19.888	0.098539
503.05	6.8807	13.523	0.073950	21.297	21.806	50.235	118.01	378.82	246.61	2.6747	54.271	0.16353	0.00091046	3.8594	0.25911	31.143	32.926	72.341	128.56	753.52	235.88	10.711	20.129	0.10026
503.61	6.9480	13.410	0.074573	21.434	21.952	50.515	118.51	392.97	242.50	2.7700	53.670	0.16359	0.00085032	3.9414	0.25371	31.047	32.810	72.075	128.96	769.84	235.59	10.518	20.375	0.10193
504.18	7.0159	13.294	0.075223	21.572	22.100	50.799	119.02	408.80	238.40	2.8705	53.066	0.16369	0.00079080	4.0239	0.24851	30.953	32.696	71.815	129.35	787.18	235.03	10.345	20.626	0.10366
504.74	7.0842	13.175	0.075902	21.714	22.251	51.088	119.55	426.79	234.30	2.9773	52.456	0.16384	0.00073196	4.1073	0.24347	30.859	32.584	71.560	129.73	807.65	234.16	10.195	20.884	0.10554
505.30	7.1531	13.052	0.076616	21.857	22.405	51.383	120.10	447.68	230.16	3.0917	51.839	0.16407	0.00067385	4.1922	0.23854	30.766	32.473	71.307	130.09	833.17	232.97	10.069	21.151	0.10765
505.86	7.2224	12.925	0.077370	22.004	22.563	51.684	120.68	472.44	225.97	3.2153	51.213	0.16440	0.00061652	4.2795	0.23367	30.672	32.360	71.051	130.43	865.70	231.47	9.9655	21.429	0.11007
506.42	7.2923	12.793	0.078171	22.155	22.725	51.993	121.29	502.51	221.71	3.3500	50.573	0.16487	0.00056005	4.3703	0.22882	30.575	32.244	70.790	130.76	907.54	229.67	9.8813	21.721	0.11289
506.98	7.3626	12.654	0.079028	22.310	22.892	52.312	121.94	539.96	217.34	3.4981	49.916	0.16555	0.00050450	4.4659	0.22392	30.473	32.122	70.517	131.07	961.70	227.59	9.8135	22.033	0.11622
507.55	7.4334	12.507	0.079957	22.471	23.065	52.643	122.62	587.90	212.86	3.6620	49.235	0.16652	0.00044997	4.5679	0.21892	30.364	31.991	70.229	131.36	1032.6	225.25	9.7582	22.368	0.12020
508.11	7.5048	12.349	0.080977	22.639	23.247	52.989	123.37	651.11	208.26	3.8443	48.522	0.16790	0.00039657	4.6786	0.21374	30.244	31.848	69.916	131.64	1127.5	222.69	9.7106	22.736	0.12504
508.67	7.5766	12.178	0.082114	22.817	23.439	53.356	124.19	737.05	203.58	4.0470	47.765	0.16989	0.00034441	4.8010	0.20829	30.109	31.687	69.571	131.92	1258.6	219.91	9.6652	23.145	0.13109
509.23	7.6491	11.989	0.083411	23.008	23.646	53.750	125.10	857.28	198.90	4.2709	46.949	0.17273	0.00029364	4.9395	0.20245	29.954	31.503	69.179	132.19	1449.8	216.96	9.6143	23.613	0.13893
509.79	7.7223	11.776	0.084920	23.215	23.871	54.180	126.12	1028.5	194.40	4.5132	46.055	0.17672	0.00024446	5.1019	0.19601	29.768	31.282	68.716	132.47	1750.7	213.84	9.5457	24.164	0.14967
510.35	7.7962	11.533	0.086710	23.444	24.120	54.657	127.27	1269.4	190.38	4.7647	45.067	0.18203	0.00019709	5.3019	0.18861	29.533	31.003	68.143	132.80	2276.3	210.59	9.4353	24.848	0.16543
510.92	7.8710	11.257	0.088836	23.699	24.398	55.188	128.52	1590.7	187.28	5.0100	43.985	0.18851	0.00015184	5.5669	0.17963	29.214	30.628	67.382	133.23	3282.8	207.31	9.2303	25.758	0.18958
511.48	7.9472	10.952	0.091306	23.978	24.704	55.772	129.78	2005.6	185.32	5.2391	42.839	0.19607	0.00010916	5.9334	0.16854	28.774	30.113	66.349	133.82	4811.7	204.25	8.8508	27.017	0.21855
512.04	8.0249	10.624	0.094125	24.281	25.037	56.408	130.96	2635.6	184.26	5.4650	41.660	0.20657	6.9694e-05	6.3649	0.15711	28.281	29.542	65.208	134.44	5721.5	201.30	8.3814	28.485	0.23383
512.60	8.1040	10.249	0.097569	24.628	25.419	57.139	132.06	4079.3	183.61	5.7292	40.377	0.22749	3.4595e-05	6.8097	0.14685	27.813	29.003	64.132	134.88	7311.3	197.54	8.0012	29.960	0.25524
