Temperature (K)	Pressure (MPa)	Density (l, mol/l)	Volume (l, l/mol)	Internal Energy (l, kJ/mol)	Enthalpy (l, kJ/mol)	Entropy (l, J/mol*K)	Cv (l, J/mol*K)	Cp (l, J/mol*K)	Sound Spd. (l, m/s)	Joule-Thomson (l, K/MPa)	Viscosity (l, uPa*s)	Therm. Cond. (l, W/m*K)	Surf. Tension (l, N/m)	Density (v, mol/l)	Volume (v, l/mol)	Internal Energy (v, kJ/mol)	Enthalpy (v, kJ/mol)	Entropy (v, J/mol*K)	Cv (v, J/mol*K)	Cp (v, J/mol*K)	Sound Spd. (v, m/s)	Joule-Thomson (v, K/MPa)	Viscosity (v, uPa*s)	Therm. Cond. (v, W/m*K)
68.160	0.015537	30.330	0.032971	-0.81158	-0.81106	-10.820	35.351	60.430	998.20	-0.36906	291.54	0.16526	0.012446	0.027707	36.091	5.1251	5.6859	84.499	21.089	29.785	167.25	40.804	4.5061	0.0057199
68.268	0.015824	30.314	0.032988	-0.80506	-0.80454	-10.724	35.318	60.417	997.16	-0.36888	290.01	0.16506	0.012422	0.028179	35.487	5.1272	5.6888	84.391	21.093	29.794	167.37	40.657	4.5137	0.0057300
68.376	0.016115	30.299	0.033005	-0.79855	-0.79802	-10.629	35.285	60.403	996.12	-0.36869	288.49	0.16485	0.012399	0.028657	34.895	5.1293	5.6916	84.282	21.096	29.803	167.49	40.511	4.5212	0.0057400
68.483	0.016411	30.283	0.033022	-0.79204	-0.79150	-10.534	35.253	60.390	995.09	-0.36850	286.98	0.16465	0.012375	0.029141	34.316	5.1313	5.6945	84.175	21.100	29.812	167.60	40.366	4.5287	0.0057500
68.591	0.016711	30.268	0.033039	-0.78554	-0.78498	-10.439	35.220	60.378	994.05	-0.36831	285.49	0.16445	0.012351	0.029632	33.747	5.1334	5.6973	84.067	21.104	29.821	167.72	40.222	4.5363	0.0057601
68.699	0.017016	30.252	0.033056	-0.77903	-0.77847	-10.344	35.188	60.365	993.01	-0.36811	284.00	0.16425	0.012327	0.030129	33.191	5.1354	5.7002	83.960	21.107	29.830	167.84	40.079	4.5438	0.0057701
68.807	0.017325	30.237	0.033073	-0.77252	-0.77195	-10.250	35.155	60.352	991.98	-0.36791	282.53	0.16404	0.012303	0.030633	32.645	5.1375	5.7030	83.854	21.111	29.839	167.95	39.937	4.5514	0.0057802
68.915	0.017638	30.221	0.033090	-0.76602	-0.76544	-10.155	35.123	60.340	990.94	-0.36771	281.07	0.16384	0.012280	0.031143	32.110	5.1395	5.7059	83.748	21.115	29.849	168.07	39.796	4.5590	0.0057902
69.023	0.017956	30.205	0.033107	-0.75952	-0.75892	-10.061	35.091	60.328	989.90	-0.36751	279.62	0.16364	0.012256	0.031660	31.586	5.1416	5.7087	83.642	21.119	29.858	168.18	39.655	4.5665	0.0058003
69.130	0.018279	30.190	0.033124	-0.75302	-0.75241	-9.9669	35.059	60.316	988.87	-0.36730	278.18	0.16343	0.012232	0.032183	31.072	5.1436	5.7116	83.537	21.123	29.867	168.30	39.516	4.5741	0.0058104
69.238	0.018606	30.174	0.033141	-0.74652	-0.74590	-9.8729	35.027	60.304	987.83	-0.36709	276.76	0.16323	0.012208	0.032713	30.569	5.1456	5.7144	83.432	21.127	29.877	168.42	39.378	4.5817	0.0058205
69.346	0.018938	30.159	0.033158	-0.74002	-0.73939	-9.7791	34.995	60.293	986.79	-0.36688	275.34	0.16303	0.012185	0.033250	30.075	5.1477	5.7172	83.328	21.131	29.887	168.53	39.240	4.5893	0.0058306
69.454	0.019274	30.143	0.033175	-0.73352	-0.73288	-9.6855	34.964	60.281	985.75	-0.36667	273.94	0.16283	0.012161	0.033794	29.591	5.1497	5.7201	83.224	21.135	29.896	168.65	39.104	4.5968	0.0058407
69.562	0.019616	30.127	0.033192	-0.72703	-0.72638	-9.5920	34.932	60.270	984.72	-0.36645	272.54	0.16262	0.012137	0.034345	29.116	5.1517	5.7229	83.121	21.139	29.906	168.76	38.968	4.6044	0.0058508
69.670	0.019962	30.112	0.033210	-0.72053	-0.71987	-9.4988	34.901	60.259	983.68	-0.36623	271.16	0.16242	0.012113	0.034903	28.651	5.1538	5.7257	83.017	21.143	29.916	168.87	38.833	4.6120	0.0058610
69.777	0.020313	30.096	0.033227	-0.71404	-0.71337	-9.4056	34.869	60.248	982.64	-0.36600	269.79	0.16222	0.012090	0.035468	28.195	5.1558	5.7285	82.915	21.147	29.926	168.99	38.699	4.6196	0.0058711
69.885	0.020669	30.081	0.033244	-0.70755	-0.70686	-9.3127	34.838	60.237	981.60	-0.36578	268.42	0.16202	0.012066	0.036040	27.747	5.1578	5.7313	82.813	21.151	29.936	169.10	38.566	4.6272	0.0058812
69.993	0.021030	30.065	0.033261	-0.70106	-0.70036	-9.2198	34.807	60.227	980.56	-0.36555	267.07	0.16181	0.012042	0.036619	27.309	5.1599	5.7342	82.711	21.155	29.946	169.21	38.434	4.6348	0.0058914
70.101	0.021396	30.049	0.033279	-0.69457	-0.69386	-9.1272	34.776	60.217	979.53	-0.36531	265.73	0.16161	0.012019	0.037205	26.878	5.1619	5.7370	82.609	21.159	29.957	169.33	38.303	4.6425	0.0059016
70.209	0.021767	30.034	0.033296	-0.68808	-0.68736	-9.0347	34.745	60.206	978.49	-0.36508	264.40	0.16141	0.011995	0.037799	26.456	5.1639	5.7398	82.508	21.163	29.967	169.44	38.173	4.6501	0.0059117
70.317	0.022143	30.018	0.033313	-0.68159	-0.68086	-8.9424	34.714	60.196	977.45	-0.36484	263.07	0.16121	0.011971	0.038399	26.042	5.1659	5.7426	82.408	21.168	29.978	169.55	38.043	4.6577	0.0059219
70.424	0.022524	30.002	0.033331	-0.67511	-0.67436	-8.8502	34.684	60.187	976.41	-0.36460	261.76	0.16101	0.011947	0.039008	25.636	5.1679	5.7454	82.307	21.172	29.988	169.67	37.914	4.6653	0.0059321
70.532	0.022911	29.987	0.033348	-0.66862	-0.66786	-8.7582	34.653	60.177	975.37	-0.36435	260.46	0.16080	0.011924	0.039624	25.237	5.1700	5.7482	82.207	21.176	29.999	169.78	37.787	4.6730	0.0059423
70.640	0.023303	29.971	0.033366	-0.66214	-0.66136	-8.6663	34.623	60.168	974.33	-0.36411	259.17	0.16060	0.011900	0.040247	24.847	5.1720	5.7510	82.108	21.181	30.009	169.89	37.660	4.6806	0.0059525
70.748	0.023700	29.955	0.033383	-0.65566	-0.65486	-8.5746	34.592	60.158	973.29	-0.36386	257.89	0.16040	0.011876	0.040878	24.463	5.1740	5.7537	82.009	21.185	30.020	170.00	37.533	4.6883	0.0059627
70.856	0.024102	29.940	0.033401	-0.64917	-0.64837	-8.4831	34.562	60.149	972.26	-0.36360	256.61	0.16020	0.011853	0.041517	24.087	5.1760	5.7565	81.910	21.189	30.031	170.11	37.408	4.6959	0.0059730
70.964	0.024510	29.924	0.033418	-0.64269	-0.64187	-8.3917	34.532	60.140	971.22	-0.36335	255.35	0.16000	0.011829	0.042163	23.718	5.1780	5.7593	81.812	21.194	30.042	170.22	37.283	4.7036	0.0059832
71.071	0.024924	29.908	0.033436	-0.63621	-0.63538	-8.3004	34.502	60.132	970.18	-0.36309	254.09	0.15979	0.011805	0.042817	23.355	5.1800	5.7621	81.714	21.198	30.053	170.33	37.160	4.7112	0.0059935
71.179	0.025343	29.892	0.033453	-0.62974	-0.62889	-8.2093	34.472	60.123	969.14	-0.36283	252.85	0.15959	0.011782	0.043479	23.000	5.1820	5.7649	81.617	21.203	30.065	170.44	37.037	4.7189	0.0060037
71.287	0.025767	29.877	0.033471	-0.62326	-0.62240	-8.1184	34.442	60.115	968.10	-0.36256	251.61	0.15939	0.011758	0.044149	22.651	5.1840	5.7676	81.519	21.207	30.076	170.55	36.914	4.7265	0.0060140
71.395	0.026197	29.861	0.033488	-0.61678	-0.61590	-8.0276	34.413	60.107	967.06	-0.36230	250.39	0.15919	0.011735	0.044827	22.308	5.1860	5.7704	81.423	21.212	30.087	170.66	36.793	4.7342	0.0060243
71.503	0.026633	29.845	0.033506	-0.61031	-0.60941	-7.9370	34.383	60.099	966.02	-0.36202	249.17	0.15899	0.011711	0.045512	21.972	5.1880	5.7732	81.326	21.217	30.099	170.77	36.672	4.7419	0.0060346
71.611	0.027075	29.830	0.033524	-0.60383	-0.60292	-7.8465	34.353	60.091	964.98	-0.36175	247.96	0.15879	0.011687	0.046206	21.642	5.1900	5.7759	81.230	21.221	30.110	170.88	36.553	4.7496	0.0060449
71.718	0.027522	29.814	0.033542	-0.59736	-0.59644	-7.7561	34.324	60.083	963.94	-0.36147	246.76	0.15858	0.011664	0.046908	21.318	5.1920	5.7787	81.135	21.226	30.122	170.99	36.433	4.7573	0.0060552
71.826	0.027976	29.798	0.033559	-0.59089	-0.58995	-7.6660	34.295	60.075	962.90	-0.36119	245.57	0.15838	0.011640	0.047619	21.000	5.1939	5.7814	81.039	21.231	30.134	171.10	36.315	4.7650	0.0060655
71.934	0.028435	29.782	0.033577	-0.58441	-0.58346	-7.5759	34.265	60.068	961.86	-0.36091	244.39	0.15818	0.011616	0.048337	20.688	5.1959	5.7842	80.944	21.235	30.146	171.21	36.197	4.7727	0.0060758
72.042	0.028900	29.766	0.033595	-0.57794	-0.57697	-7.4860	34.236	60.061	960.82	-0.36062	243.22	0.15798	0.011593	0.049064	20.381	5.1979	5.7869	80.850	21.240	30.158	171.31	36.081	4.7804	0.0060862
72.150	0.029371	29.751	0.033613	-0.57147	-0.57049	-7.3963	34.207	60.054	959.78	-0.36034	242.05	0.15778	0.011569	0.049800	20.080	5.1999	5.7897	80.756	21.245	30.170	171.42	35.964	4.7881	0.0060965
72.258	0.029848	29.735	0.033631	-0.56500	-0.56400	-7.3067	34.178	60.047	958.73	-0.36004	240.89	0.15758	0.011546	0.050544	19.785	5.2019	5.7924	80.662	21.250	30.182	171.53	35.849	4.7958	0.0061069
72.365	0.030332	29.719	0.033649	-0.55854	-0.55751	-7.2172	34.150	60.041	957.69	-0.35975	239.75	0.15738	0.011522	0.051296	19.495	5.2038	5.7951	80.568	21.255	30.194	171.64	35.734	4.8035	0.0061172
72.473	0.030821	29.703	0.033666	-0.55207	-0.55103	-7.1279	34.121	60.034	956.65	-0.35945	238.61	0.15718	0.011498	0.052057	19.210	5.2058	5.7979	80.475	21.260	30.207	171.74	35.620	4.8113	0.0061276
72.581	0.031317	29.687	0.033684	-0.54560	-0.54455	-7.0387	34.092	60.028	955.61	-0.35915	237.48	0.15697	0.011475	0.052827	18.930	5.2078	5.8006	80.383	21.265	30.219	171.85	35.507	4.8190	0.0061380
72.689	0.031819	29.671	0.033702	-0.53914	-0.53806	-6.9497	34.064	60.022	954.57	-0.35884	236.35	0.15677	0.011451	0.053606	18.655	5.2097	5.8033	80.290	21.270	30.232	171.96	35.394	4.8267	0.0061484
72.797	0.032327	29.656	0.033720	-0.53267	-0.53158	-6.8608	34.035	60.016	953.53	-0.35854	235.24	0.15657	0.011428	0.054393	18.385	5.2117	5.8060	80.198	21.275	30.245	172.06	35.283	4.8345	0.0061588
72.905	0.032842	29.640	0.033739	-0.52621	-0.52510	-6.7721	34.007	60.010	952.49	-0.35823	234.13	0.15637	0.011404	0.055189	18.119	5.2137	5.8087	80.106	21.280	30.257	172.17	35.171	4.8422	0.0061692
73.012	0.033363	29.624	0.033757	-0.51974	-0.51862	-6.6835	33.979	60.004	951.44	-0.35791	233.03	0.15617	0.011381	0.055994	17.859	5.2156	5.8114	80.015	21.285	30.270	172.27	35.061	4.8500	0.0061797
73.120	0.033891	29.608	0.033775	-0.51328	-0.51213	-6.5950	33.950	59.999	950.40	-0.35760	231.94	0.15597	0.011357	0.056809	17.603	5.2176	5.8142	79.924	21.290	30.283	172.38	34.951	4.8577	0.0061901
73.228	0.034425	29.592	0.033793	-0.50682	-0.50565	-6.5067	33.922	59.994	949.36	-0.35728	230.86	0.15577	0.011334	0.057632	17.352	5.2195	5.8169	79.833	21.295	30.296	172.48	34.842	4.8655	0.0062006
73.336	0.034966	29.576	0.033811	-0.50035	-0.49917	-6.4185	33.894	59.989	948.32	-0.35695	229.78	0.15557	0.011310	0.058464	17.104	5.2215	5.8196	79.743	21.300	30.310	172.59	34.733	4.8733	0.0062110
73.444	0.035514	29.560	0.033829	-0.49389	-0.49269	-6.3304	33.867	59.984	947.27	-0.35663	228.71	0.15537	0.011287	0.059306	16.862	5.2234	5.8222	79.653	21.306	30.323	172.69	34.626	4.8811	0.0062215
73.552	0.036068	29.544	0.033847	-0.48743	-0.48621	-6.2425	33.839	59.979	946.23	-0.35630	227.65	0.15517	0.011263	0.060157	16.623	5.2254	5.8249	79.563	21.311	30.337	172.79	34.519	4.8888	0.0062320
73.659	0.036629	29.528	0.033866	-0.48097	-0.47973	-6.1548	33.811	59.974	945.19	-0.35596	226.60	0.15496	0.011240	0.061017	16.389	5.2273	5.8276	79.474	21.316	30.350	172.90	34.412	4.8966	0.0062425
73.767	0.037198	29.512	0.033884	-0.47451	-0.47325	-6.0671	33.784	59.970	944.14	-0.35563	225.55	0.15476	0.011216	0.061887	16.159	5.2292	5.8303	79.385	21.322	30.364	173.00	34.306	4.9044	0.0062530
73.875	0.037772	29.497	0.033902	-0.46806	-0.46677	-5.9796	33.756	59.966	943.10	-0.35529	224.51	0.15456	0.011193	0.062766	15.932	5.2312	5.8330	79.296	21.327	30.378	173.10	34.201	4.9122	0.0062635
73.983	0.038354	29.481	0.033921	-0.46160	-0.46030	-5.8923	33.729	59.962	942.06	-0.35495	223.48	0.15436	0.011169	0.063655	15.710	5.2331	5.8357	79.208	21.332	30.391	173.21	34.096	4.9200	0.0062741
74.091	0.038943	29.465	0.033939	-0.45514	-0.45382	-5.8050	33.701	59.958	941.01	-0.35460	222.46	0.15416	0.011146	0.064553	15.491	5.2350	5.8383	79.120	21.338	30.405	173.31	33.992	4.9278	0.0062846
74.199	0.039539	29.449	0.033957	-0.44868	-0.44734	-5.7179	33.674	59.954	939.97	-0.35425	221.44	0.15396	0.011122	0.065461	15.276	5.2370	5.8410	79.032	21.343	30.420	173.41	33.889	4.9357	0.0062952
74.306	0.040142	29.433	0.033976	-0.44223	-0.44086	-5.6310	33.647	59.951	938.92	-0.35390	220.43	0.15376	0.011099	0.066379	15.065	5.2389	5.8436	78.945	21.349	30.434	173.51	33.786	4.9435	0.0063057
74.414	0.040753	29.417	0.033994	-0.43577	-0.43438	-5.5441	33.620	59.947	937.88	-0.35355	219.43	0.15356	0.011075	0.067307	14.857	5.2408	5.8463	78.857	21.355	30.448	173.61	33.684	4.9513	0.0063163
74.522	0.041370	29.401	0.034013	-0.42931	-0.42791	-5.4574	33.593	59.944	936.83	-0.35319	218.43	0.15336	0.011052	0.068245	14.653	5.2427	5.8490	78.771	21.360	30.463	173.71	33.583	4.9591	0.0063269
74.630	0.041995	29.385	0.034031	-0.42286	-0.42143	-5.3709	33.566	59.941	935.79	-0.35283	217.45	0.15316	0.011028	0.069192	14.452	5.2447	5.8516	78.684	21.366	30.477	173.81	33.482	4.9670	0.0063375
74.738	0.042628	29.369	0.034050	-0.41641	-0.41495	-5.2844	33.539	59.938	934.74	-0.35246	216.46	0.15296	0.011005	0.070150	14.255	5.2466	5.8542	78.598	21.372	30.492	173.91	33.381	4.9748	0.0063481
74.846	0.043267	29.352	0.034069	-0.40995	-0.40848	-5.1981	33.512	59.935	933.70	-0.35209	215.49	0.15276	0.010981	0.071118	14.061	5.2485	5.8569	78.512	21.377	30.507	174.01	33.282	4.9827	0.0063588
74.953	0.043915	29.336	0.034087	-0.40350	-0.40200	-5.1120	33.486	59.933	932.65	-0.35172	214.52	0.15256	0.010958	0.072096	13.870	5.2504	5.8595	78.427	21.383	30.522	174.11	33.183	4.9905	0.0063694
75.061	0.044570	29.320	0.034106	-0.39704	-0.39552	-5.0259	33.459	59.930	931.61	-0.35135	213.56	0.15236	0.010935	0.073084	13.683	5.2523	5.8621	78.341	21.389	30.537	174.21	33.084	4.9984	0.0063801
75.169	0.045232	29.304	0.034125	-0.39059	-0.38905	-4.9400	33.433	59.928	930.56	-0.35097	212.60	0.15216	0.010911	0.074082	13.498	5.2542	5.8648	78.257	21.395	30.552	174.31	32.986	5.0063	0.0063907
75.277	0.045902	29.288	0.034143	-0.38414	-0.38257	-4.8542	33.406	59.926	929.51	-0.35059	211.66	0.15196	0.010888	0.075091	13.317	5.2561	5.8674	78.172	21.401	30.567	174.41	32.889	5.0141	0.0064014
75.385	0.046580	29.272	0.034162	-0.37769	-0.37610	-4.7686	33.380	59.924	928.47	-0.35020	210.71	0.15176	0.010864	0.076111	13.139	5.2580	5.8700	78.088	21.407	30.582	174.51	32.792	5.0220	0.0064121
75.493	0.047266	29.256	0.034181	-0.37124	-0.36962	-4.6830	33.354	59.923	927.42	-0.34981	209.78	0.15156	0.010841	0.077141	12.963	5.2599	5.8726	78.004	21.413	30.598	174.61	32.695	5.0299	0.0064228
75.600	0.047959	29.240	0.034200	-0.36478	-0.36314	-4.5976	33.328	59.921	926.37	-0.34942	208.85	0.15136	0.010818	0.078181	12.791	5.2618	5.8752	77.920	21.419	30.613	174.71	32.600	5.0378	0.0064335
75.708	0.048661	29.224	0.034219	-0.35833	-0.35667	-4.5123	33.302	59.920	925.33	-0.34903	207.93	0.15116	0.010794	0.079233	12.621	5.2637	5.8778	77.837	21.425	30.629	174.80	32.505	5.0457	0.0064442
75.816	0.049370	29.208	0.034238	-0.35188	-0.35019	-4.4272	33.276	59.918	924.28	-0.34863	207.01	0.15096	0.010771	0.080295	12.454	5.2656	5.8804	77.753	21.431	30.645	174.90	32.410	5.0536	0.0064550
75.924	0.050088	29.191	0.034257	-0.34543	-0.34371	-4.3421	33.250	59.917	923.23	-0.34823	206.10	0.15076	0.010747	0.081368	12.290	5.2674	5.8830	77.671	21.437	30.661	175.00	32.316	5.0615	0.0064657
76.032	0.050814	29.175	0.034276	-0.33898	-0.33724	-4.2572	33.224	59.917	922.18	-0.34782	205.19	0.15056	0.010724	0.082451	12.128	5.2693	5.8856	77.588	21.443	30.677	175.09	32.222	5.0694	0.0064765
76.140	0.051548	29.159	0.034295	-0.33253	-0.33076	-4.1724	33.199	59.916	921.13	-0.34741	204.30	0.15036	0.010701	0.083546	11.969	5.2712	5.8882	77.506	21.449	30.693	175.19	32.129	5.0774	0.0064872
76.247	0.052290	29.143	0.034314	-0.32608	-0.32429	-4.0878	33.173	59.915	920.09	-0.34700	203.40	0.15016	0.010677	0.084652	11.813	5.2731	5.8908	77.424	21.456	30.710	175.29	32.037	5.0853	0.0064980
76.355	0.053040	29.127	0.034333	-0.31963	-0.31781	-4.0032	33.147	59.915	919.04	-0.34658	202.52	0.14996	0.010654	0.085769	11.659	5.2749	5.8933	77.342	21.462	30.726	175.38	31.945	5.0932	0.0065088
76.463	0.053799	29.111	0.034352	-0.31318	-0.31133	-3.9188	33.122	59.915	917.99	-0.34617	201.64	0.14976	0.010631	0.086897	11.508	5.2768	5.8959	77.261	21.468	30.743	175.48	31.853	5.1012	0.0065197
76.571	0.054566	29.094	0.034371	-0.30673	-0.30486	-3.8345	33.097	59.915	916.94	-0.34574	200.76	0.14956	0.010607	0.088037	11.359	5.2787	5.8985	77.180	21.475	30.759	175.57	31.762	5.1091	0.0065305
76.679	0.055342	29.078	0.034390	-0.30028	-0.29838	-3.7503	33.071	59.915	915.89	-0.34532	199.89	0.14936	0.010584	0.089187	11.212	5.2805	5.9010	77.099	21.481	30.776	175.67	31.672	5.1171	0.0065413
76.787	0.056126	29.062	0.034409	-0.29383	-0.29190	-3.6663	33.046	59.915	914.84	-0.34489	199.03	0.14917	0.010561	0.090350	11.068	5.2824	5.9036	77.018	21.488	30.793	175.76	31.582	5.1250	0.0065522
76.894	0.056919	29.046	0.034429	-0.28738	-0.28543	-3.5823	33.021	59.916	913.79	-0.34445	198.17	0.14897	0.010537	0.091523	10.926	5.2842	5.9062	76.938	21.494	30.810	175.85	31.493	5.1330	0.0065631
77.002	0.057720	29.029	0.034448	-0.28094	-0.27895	-3.4985	32.996	59.916	912.74	-0.34402	197.32	0.14877	0.010514	0.092709	10.786	5.2861	5.9087	76.858	21.501	30.828	175.95	31.404	5.1410	0.0065739
77.110	0.058531	29.013	0.034467	-0.27449	-0.27247	-3.4148	32.971	59.917	911.69	-0.34358	196.48	0.14857	0.010491	0.093906	10.649	5.2879	5.9112	76.778	21.507	30.845	176.04	31.315	5.1490	0.0065848
77.218	0.059350	28.997	0.034487	-0.26804	-0.26599	-3.3312	32.946	59.918	910.64	-0.34313	195.64	0.14838	0.010467	0.095114	10.514	5.2898	5.9138	76.699	21.514	30.862	176.13	31.227	5.1569	0.0065957
77.326	0.060178	28.981	0.034506	-0.26159	-0.25951	-3.2478	32.921	59.919	909.59	-0.34269	194.80	0.14818	0.010444	0.096335	10.380	5.2916	5.9163	76.620	21.520	30.880	176.23	31.140	5.1649	0.0066067
77.434	0.061015	28.964	0.034525	-0.25514	-0.25304	-3.1644	32.896	59.921	908.54	-0.34224	193.97	0.14798	0.010421	0.097567	10.249	5.2935	5.9188	76.541	21.527	30.898	176.32	31.053	5.1729	0.0066176
77.541	0.061860	28.948	0.034545	-0.24869	-0.24656	-3.0812	32.872	59.922	907.49	-0.34178	193.15	0.14778	0.010398	0.098811	10.120	5.2953	5.9214	76.462	21.534	30.916	176.41	30.967	5.1809	0.0066286
77.649	0.062715	28.932	0.034564	-0.24224	-0.24008	-2.9980	32.847	59.924	906.43	-0.34132	192.33	0.14758	0.010374	0.10007	9.9932	5.2971	5.9239	76.384	21.541	30.934	176.50	30.881	5.1890	0.0066395
77.757	0.063580	28.915	0.034584	-0.23580	-0.23360	-2.9150	32.823	59.926	905.38	-0.34086	191.52	0.14738	0.010351	0.10134	9.8682	5.2990	5.9264	76.306	21.547	30.952	176.59	30.795	5.1970	0.0066505
77.865	0.064453	28.899	0.034603	-0.22935	-0.22712	-2.8322	32.798	59.928	904.33	-0.34040	190.71	0.14719	0.010328	0.10262	9.7450	5.3008	5.9289	76.228	21.554	30.970	176.68	30.710	5.2050	0.0066615
77.973	0.065336	28.883	0.034623	-0.22290	-0.22064	-2.7494	32.774	59.930	903.28	-0.33993	189.91	0.14699	0.010305	0.10391	9.6238	5.3026	5.9314	76.150	21.561	30.988	176.78	30.625	5.2130	0.0066725
78.081	0.066227	28.866	0.034643	-0.21645	-0.21416	-2.6667	32.749	59.932	902.23	-0.33946	189.11	0.14679	0.010281	0.10521	9.5044	5.3044	5.9339	76.073	21.568	31.007	176.87	30.541	5.2211	0.0066835
78.188	0.067129	28.850	0.034662	-0.21000	-0.20768	-2.5842	32.725	59.935	901.17	-0.33898	188.32	0.14659	0.010258	0.10653	9.3868	5.3063	5.9364	75.996	21.575	31.026	176.96	30.458	5.2291	0.0066946
78.296	0.068040	28.833	0.034682	-0.20355	-0.20119	-2.5017	32.701	59.937	900.12	-0.33850	187.53	0.14639	0.010235	0.10786	9.2711	5.3081	5.9389	75.919	21.582	31.044	177.05	30.374	5.2372	0.0067056
78.404	0.068960	28.817	0.034702	-0.19711	-0.19471	-2.4194	32.677	59.940	899.07	-0.33802	186.75	0.14619	0.010212	0.10920	9.1571	5.3099	5.9414	75.843	21.589	31.063	177.13	30.291	5.2452	0.0067167
78.512	0.069890	28.801	0.034722	-0.19066	-0.18823	-2.3372	32.653	59.943	898.01	-0.33753	185.97	0.14600	0.010189	0.11056	9.0449	5.3117	5.9438	75.766	21.596	31.082	177.22	30.209	5.2533	0.0067278
78.620	0.070829	28.784	0.034741	-0.18421	-0.18175	-2.2551	32.629	59.946	896.96	-0.33704	185.20	0.14580	0.010165	0.11193	8.9343	5.3135	5.9463	75.690	21.604	31.102	177.31	30.127	5.2614	0.0067389
78.728	0.071779	28.768	0.034761	-0.17776	-0.17526	-2.1731	32.605	59.950	895.90	-0.33654	184.43	0.14560	0.010142	0.11331	8.8255	5.3153	5.9488	75.614	21.611	31.121	177.40	30.046	5.2695	0.0067500
78.835	0.072738	28.751	0.034781	-0.17131	-0.16878	-2.0912	32.581	59.953	894.85	-0.33604	183.67	0.14540	0.010119	0.11470	8.7182	5.3171	5.9512	75.539	21.618	31.140	177.49	29.965	5.2775	0.0067611
78.943	0.073707	28.735	0.034801	-0.16486	-0.16229	-2.0094	32.558	59.957	893.79	-0.33554	182.91	0.14520	0.010096	0.11611	8.6126	5.3189	5.9537	75.464	21.625	31.160	177.58	29.884	5.2856	0.0067723
79.051	0.074686	28.718	0.034821	-0.15841	-0.15581	-1.9278	32.534	59.961	892.74	-0.33504	182.16	0.14500	0.010073	0.11753	8.5086	5.3207	5.9561	75.389	21.633	31.180	177.66	29.804	5.2937	0.0067834
79.159	0.075675	28.702	0.034841	-0.15196	-0.14932	-1.8462	32.511	59.965	891.68	-0.33453	181.41	0.14481	0.010049	0.11896	8.4061	5.3225	5.9586	75.314	21.640	31.200	177.75	29.724	5.3018	0.0067946
79.267	0.076674	28.685	0.034861	-0.14551	-0.14284	-1.7648	32.487	59.969	890.63	-0.33401	180.67	0.14461	0.010026	0.12041	8.3052	5.3242	5.9610	75.239	21.648	31.220	177.84	29.645	5.3100	0.0068058
79.375	0.077683	28.669	0.034881	-0.13906	-0.13635	-1.6834	32.464	59.973	889.57	-0.33349	179.93	0.14441	0.010003	0.12187	8.2057	5.3260	5.9635	75.165	21.655	31.240	177.92	29.566	5.3181	0.0068170
79.482	0.078702	28.652	0.034901	-0.13261	-0.12986	-1.6022	32.440	59.978	888.51	-0.33297	179.19	0.14421	0.0099799	0.12334	8.1077	5.3278	5.9659	75.091	21.663	31.260	178.01	29.487	5.3262	0.0068282
79.590	0.079732	28.636	0.034922	-0.12616	-0.12337	-1.5211	32.417	59.983	887.46	-0.33245	178.46	0.14401	0.0099568	0.12482	8.0112	5.3296	5.9683	75.017	21.670	31.281	178.09	29.409	5.3343	0.0068395
79.698	0.080772	28.619	0.034942	-0.11971	-0.11688	-1.4401	32.394	59.987	886.40	-0.33192	177.74	0.14382	0.0099337	0.12632	7.9161	5.3313	5.9707	74.943	21.678	31.301	178.18	29.331	5.3425	0.0068507
79.806	0.081822	28.602	0.034962	-0.11326	-0.11039	-1.3592	32.371	59.992	885.34	-0.33138	177.02	0.14362	0.0099105	0.12784	7.8224	5.3331	5.9731	74.870	21.685	31.322	178.26	29.254	5.3506	0.0068620
79.914	0.082883	28.586	0.034982	-0.10680	-0.10390	-1.2783	32.348	59.998	884.28	-0.33085	176.30	0.14342	0.0098874	0.12936	7.7301	5.3349	5.9755	74.797	21.693	31.343	178.35	29.177	5.3588	0.0068733
80.022	0.083954	28.569	0.035003	-0.10035	-0.097413	-1.1976	32.325	60.003	883.23	-0.33031	175.59	0.14322	0.0098643	0.13090	7.6392	5.3366	5.9780	74.724	21.701	31.364	178.43	29.101	5.3670	0.0068846
80.129	0.085036	28.553	0.035023	-0.093899	-0.090921	-1.1170	32.302	60.009	882.17	-0.32976	174.89	0.14302	0.0098412	0.13246	7.5495	5.3384	5.9803	74.651	21.708	31.385	178.52	29.025	5.3751	0.0068959
80.237	0.086129	28.536	0.035043	-0.087446	-0.084428	-1.0365	32.279	60.014	881.11	-0.32921	174.18	0.14283	0.0098181	0.13403	7.4612	5.3401	5.9827	74.579	21.716	31.407	178.60	28.949	5.3833	0.0069072
80.345	0.087232	28.519	0.035064	-0.080993	-0.077934	-0.95614	32.256	60.020	880.05	-0.32866	173.48	0.14263	0.0097950	0.13561	7.3741	5.3419	5.9851	74.506	21.724	31.428	178.68	28.873	5.3915	0.0069186
80.453	0.088346	28.503	0.035084	-0.074539	-0.071440	-0.87585	32.233	60.026	878.99	-0.32810	172.79	0.14243	0.0097719	0.13721	7.2883	5.3436	5.9875	74.435	21.732	31.450	178.77	28.798	5.3997	0.0069300
80.561	0.089471	28.486	0.035105	-0.068085	-0.064944	-0.79566	32.211	60.033	877.93	-0.32754	172.10	0.14223	0.0097488	0.13882	7.2038	5.3453	5.9899	74.363	21.740	31.472	178.85	28.724	5.4079	0.0069413
80.669	0.090607	28.469	0.035125	-0.061631	-0.058448	-0.71557	32.188	60.039	876.87	-0.32698	171.42	0.14203	0.0097258	0.14044	7.1204	5.3471	5.9922	74.291	21.748	31.494	178.93	28.650	5.4161	0.0069527
80.776	0.091754	28.453	0.035146	-0.055176	-0.051951	-0.63559	32.166	60.046	875.81	-0.32641	170.73	0.14184	0.0097027	0.14208	7.0383	5.3488	5.9946	74.220	21.756	31.516	179.01	28.576	5.4243	0.0069642
80.884	0.092913	28.436	0.035167	-0.048721	-0.045453	-0.55570	32.143	60.052	874.75	-0.32583	170.06	0.14164	0.0096796	0.14373	6.9573	5.3505	5.9970	74.149	21.764	31.538	179.09	28.502	5.4325	0.0069756
80.992	0.094082	28.419	0.035187	-0.042265	-0.038954	-0.47592	32.121	60.059	873.69	-0.32526	169.38	0.14144	0.0096566	0.14540	6.8775	5.3523	5.9993	74.078	21.772	31.560	179.18	28.429	5.4408	0.0069871
81.100	0.095262	28.403	0.035208	-0.035808	-0.032454	-0.39623	32.098	60.066	872.63	-0.32467	168.72	0.14124	0.0096335	0.14708	6.7989	5.3540	6.0017	74.007	21.780	31.583	179.26	28.356	5.4490	0.0069985
81.208	0.096454	28.386	0.035229	-0.029352	-0.025954	-0.31664	32.076	60.074	871.56	-0.32409	168.05	0.14105	0.0096105	0.14878	6.7213	5.3557	6.0040	73.937	21.789	31.606	179.34	28.284	5.4573	0.0070100
81.316	0.097658	28.369	0.035250	-0.022894	-0.019452	-0.23715	32.054	60.081	870.50	-0.32350	167.39	0.14085	0.0095875	0.15049	6.6448	5.3574	6.0063	73.867	21.797	31.628	179.42	28.212	5.4655	0.0070215
81.423	0.098872	28.352	0.035271	-0.016436	-0.012949	-0.15776	32.032	60.089	869.44	-0.32290	166.73	0.14065	0.0095644	0.15222	6.5695	5.3591	6.0087	73.797	21.805	31.651	179.50	28.140	5.4738	0.0070331
81.531	0.10010	28.335	0.035291	-0.0099781	-0.0064454	-0.078472	32.010	60.096	868.38	-0.32231	166.08	0.14045	0.0095414	0.15396	6.4952	5.3608	6.0110	73.727	21.813	31.675	179.58	28.069	5.4820	0.0070446
81.639	0.10134	28.319	0.035312	-0.0035191	5.9347e-05	0.00072204	31.988	60.104	867.31	-0.32170	165.43	0.14025	0.0095184	0.15572	6.4219	5.3625	6.0133	73.657	21.822	31.698	179.65	27.998	5.4903	0.0070562
81.747	0.10259	28.302	0.035333	0.0029405	0.0065652	0.079819	31.966	60.113	866.25	-0.32110	164.79	0.14006	0.0094954	0.15749	6.3496	5.3642	6.0156	73.588	21.830	31.721	179.73	27.927	5.4986	0.0070678
81.855	0.10385	28.285	0.035354	0.0094006	0.013072	0.15882	31.944	60.121	865.19	-0.32049	164.14	0.13986	0.0094724	0.15928	6.2784	5.3659	6.0179	73.519	21.839	31.745	179.81	27.857	5.5069	0.0070794
81.963	0.10512	28.268	0.035376	0.015861	0.019580	0.23772	31.922	60.129	864.12	-0.31987	163.51	0.13966	0.0094494	0.16108	6.2082	5.3676	6.0202	73.450	21.847	31.769	179.89	27.787	5.5152	0.0070910
82.070	0.10640	28.251	0.035397	0.022323	0.026089	0.31653	31.901	60.138	863.06	-0.31925	162.87	0.13946	0.0094265	0.16290	6.1389	5.3693	6.0225	73.381	21.856	31.793	179.97	27.718	5.5235	0.0071026
82.178	0.10770	28.234	0.035418	0.028785	0.032599	0.39525	31.879	60.147	861.99	-0.31863	162.24	0.13927	0.0094035	0.16473	6.0706	5.3710	6.0248	73.312	21.864	31.817	180.04	27.648	5.5318	0.0071143
82.286	0.10901	28.218	0.035439	0.035248	0.039111	0.47387	31.857	60.156	860.93	-0.31800	161.62	0.13907	0.0093805	0.16658	6.0032	5.3727	6.0271	73.244	21.873	31.841	180.12	27.580	5.5401	0.0071259
82.394	0.11033	28.201	0.035460	0.041711	0.045623	0.55239	31.836	60.165	859.86	-0.31737	160.99	0.13887	0.0093576	0.16844	5.9368	5.3743	6.0294	73.176	21.882	31.866	180.20	27.511	5.5485	0.0071376
82.502	0.11166	28.184	0.035482	0.048175	0.052137	0.63082	31.814	60.175	858.80	-0.31673	160.38	0.13867	0.0093346	0.17032	5.8713	5.3760	6.0316	73.108	21.891	31.890	180.27	27.443	5.5568	0.0071494
82.610	0.11301	28.167	0.035503	0.054640	0.058652	0.70916	31.793	60.184	857.73	-0.31609	159.76	0.13848	0.0093117	0.17222	5.8067	5.3777	6.0339	73.040	21.899	31.915	180.35	27.375	5.5652	0.0071611
82.717	0.11437	28.150	0.035524	0.061105	0.065168	0.78740	31.771	60.194	856.66	-0.31544	159.15	0.13828	0.0092887	0.17413	5.7429	5.3794	6.0362	72.973	21.908	31.940	180.42	27.307	5.5735	0.0071728
82.825	0.11574	28.133	0.035546	0.067572	0.071686	0.86556	31.750	60.204	855.60	-0.31479	158.54	0.13808	0.0092658	0.17605	5.6801	5.3810	6.0384	72.905	21.917	31.965	180.50	27.240	5.5819	0.0071846
82.933	0.11712	28.116	0.035567	0.074039	0.078204	0.94362	31.729	60.214	854.53	-0.31414	157.94	0.13788	0.0092429	0.17800	5.6181	5.3827	6.0407	72.838	21.926	31.990	180.57	27.173	5.5903	0.0071964
83.041	0.11852	28.099	0.035589	0.080507	0.084724	1.0216	31.708	60.224	853.46	-0.31348	157.34	0.13769	0.0092200	0.17996	5.5569	5.3843	6.0429	72.771	21.935	32.016	180.65	27.106	5.5986	0.0072082
83.149	0.11992	28.082	0.035610	0.086975	0.091246	1.0995	31.687	60.235	852.39	-0.31282	156.74	0.13749	0.0091971	0.18193	5.4966	5.3860	6.0451	72.705	21.944	32.042	180.72	27.040	5.6070	0.0072201
83.257	0.12134	28.065	0.035632	0.093445	0.097768	1.1772	31.666	60.245	851.32	-0.31215	156.14	0.13729	0.0091742	0.18392	5.4370	5.3876	6.0474	72.638	21.953	32.067	180.80	26.974	5.6154	0.0072319
83.364	0.12278	28.048	0.035653	0.099915	0.10429	1.2549	31.645	60.256	850.25	-0.31148	155.55	0.13710	0.0091513	0.18593	5.3783	5.3892	6.0496	72.572	21.962	32.093	180.87	26.908	5.6238	0.0072438
83.472	0.12422	28.031	0.035675	0.10639	0.11082	1.3325	31.624	60.267	849.18	-0.31080	154.97	0.13690	0.0091284	0.18796	5.3204	5.3909	6.0518	72.506	21.971	32.119	180.94	26.843	5.6322	0.0072557
83.580	0.12568	28.014	0.035697	0.11286	0.11734	1.4101	31.603	60.278	848.12	-0.31012	154.38	0.13670	0.0091055	0.19000	5.2632	5.3925	6.0540	72.440	21.980	32.146	181.01	26.778	5.6407	0.0072676
83.688	0.12715	27.997	0.035719	0.11933	0.12387	1.4875	31.582	60.290	847.04	-0.30943	153.80	0.13650	0.0090826	0.19206	5.2068	5.3941	6.0562	72.374	21.990	32.172	181.09	26.713	5.6491	0.0072795
83.796	0.12864	27.979	0.035740	0.12580	0.13040	1.5648	31.561	60.301	845.97	-0.30874	153.22	0.13631	0.0090598	0.19413	5.1512	5.3958	6.0584	72.308	21.999	32.199	181.16	26.648	5.6575	0.0072915
83.904	0.13014	27.962	0.035762	0.13228	0.13693	1.6421	31.541	60.313	844.90	-0.30804	152.65	0.13611	0.0090369	0.19622	5.0963	5.3974	6.0606	72.243	22.008	32.226	181.23	26.584	5.6660	0.0073035
84.011	0.13165	27.945	0.035784	0.13875	0.14347	1.7192	31.520	60.325	843.83	-0.30734	152.08	0.13591	0.0090141	0.19833	5.0421	5.3990	6.0628	72.177	22.018	32.253	181.30	26.520	5.6744	0.0073155
84.119	0.13317	27.928	0.035806	0.14523	0.15000	1.7963	31.500	60.337	842.76	-0.30664	151.51	0.13572	0.0089912	0.20046	4.9886	5.4006	6.0649	72.112	22.027	32.280	181.37	26.457	5.6829	0.0073275
84.227	0.13471	27.911	0.035828	0.15171	0.15653	1.8733	31.479	60.349	841.69	-0.30593	150.95	0.13552	0.0089684	0.20260	4.9359	5.4022	6.0671	72.048	22.037	32.307	181.44	26.393	5.6914	0.0073395
84.335	0.13626	27.894	0.035850	0.15819	0.16307	1.9502	31.459	60.362	840.61	-0.30522	150.39	0.13532	0.0089456	0.20476	4.8838	5.4038	6.0693	71.983	22.046	32.335	181.51	26.330	5.6998	0.0073516
84.443	0.13782	27.877	0.035872	0.16467	0.16961	2.0270	31.438	60.374	839.54	-0.30450	149.83	0.13512	0.0089228	0.20694	4.8324	5.4054	6.0714	71.918	22.056	32.362	181.58	26.267	5.7083	0.0073637
84.551	0.13940	27.859	0.035895	0.17115	0.17615	2.1038	31.418	60.387	838.47	-0.30377	149.28	0.13493	0.0089000	0.20913	4.7817	5.4070	6.0736	71.854	22.065	32.390	181.65	26.205	5.7168	0.0073758
84.658	0.14099	27.842	0.035917	0.17763	0.18269	2.1804	31.398	60.400	837.39	-0.30304	148.72	0.13473	0.0088772	0.21134	4.7317	5.4086	6.0757	71.790	22.075	32.418	181.72	26.143	5.7253	0.0073879
84.766	0.14260	27.825	0.035939	0.18411	0.18923	2.2570	31.377	60.413	836.32	-0.30231	148.18	0.13453	0.0088544	0.21357	4.6823	5.4102	6.0779	71.726	22.085	32.447	181.79	26.081	5.7338	0.0074001
84.874	0.14422	27.808	0.035961	0.19059	0.19578	2.3334	31.357	60.427	835.24	-0.30157	147.63	0.13434	0.0088316	0.21582	4.6335	5.4118	6.0800	71.662	22.094	32.475	181.85	26.019	5.7424	0.0074122
84.982	0.14585	27.790	0.035984	0.19708	0.20233	2.4098	31.337	60.440	834.17	-0.30083	147.09	0.13414	0.0088088	0.21808	4.5854	5.4133	6.0821	71.599	22.104	32.504	181.92	25.958	5.7509	0.0074244
85.090	0.14750	27.773	0.036006	0.20356	0.20887	2.4861	31.317	60.454	833.09	-0.30008	146.55	0.13394	0.0087860	0.22037	4.5379	5.4149	6.0842	71.535	22.114	32.532	181.99	25.897	5.7594	0.0074366
85.198	0.14916	27.756	0.036029	0.21005	0.21542	2.5624	31.297	60.468	832.02	-0.29933	146.01	0.13375	0.0087633	0.22267	4.4910	5.4165	6.0864	71.472	22.124	32.561	182.06	25.836	5.7680	0.0074489
85.305	0.15083	27.738	0.036051	0.21654	0.22198	2.6385	31.277	60.482	830.94	-0.29857	145.48	0.13355	0.0087405	0.22498	4.4448	5.4180	6.0885	71.409	22.134	32.591	182.12	25.776	5.7765	0.0074612
85.413	0.15252	27.721	0.036074	0.22303	0.22853	2.7145	31.257	60.496	829.86	-0.29781	144.95	0.13335	0.0087178	0.22732	4.3991	5.4196	6.0906	71.346	22.144	32.620	182.19	25.715	5.7851	0.0074734
85.521	0.15423	27.704	0.036096	0.22952	0.23508	2.7905	31.238	60.511	828.79	-0.29704	144.42	0.13315	0.0086950	0.22968	4.3540	5.4212	6.0926	71.283	22.154	32.649	182.26	25.655	5.7937	0.0074858
85.629	0.15594	27.686	0.036119	0.23601	0.24164	2.8664	31.218	60.526	827.71	-0.29626	143.90	0.13296	0.0086723	0.23205	4.3094	5.4227	6.0947	71.221	22.164	32.679	182.32	25.596	5.8023	0.0074981
85.737	0.15768	27.669	0.036142	0.24250	0.24820	2.9422	31.198	60.540	826.63	-0.29549	143.37	0.13276	0.0086495	0.23444	4.2655	5.4243	6.0968	71.158	22.174	32.709	182.39	25.536	5.8109	0.0075105
85.845	0.15942	27.652	0.036164	0.24899	0.25476	3.0180	31.179	60.556	825.55	-0.29470	142.85	0.13256	0.0086268	0.23685	4.2221	5.4258	6.0989	71.096	22.184	32.739	182.45	25.477	5.8195	0.0075228
85.952	0.16118	27.634	0.036187	0.25549	0.26132	3.0936	31.159	60.571	824.47	-0.29391	142.34	0.13237	0.0086041	0.23928	4.1792	5.4273	6.1009	71.034	22.194	32.770	182.51	25.418	5.8281	0.0075352
86.060	0.16296	27.617	0.036210	0.26198	0.26789	3.1692	31.139	60.586	823.39	-0.29312	141.82	0.13217	0.0085814	0.24173	4.1369	5.4289	6.1030	70.972	22.205	32.800	182.58	25.359	5.8367	0.0075477
86.168	0.16475	27.599	0.036233	0.26848	0.27445	3.2447	31.120	60.602	822.31	-0.29232	141.31	0.13197	0.0085587	0.24419	4.0951	5.4304	6.1051	70.910	22.215	32.831	182.64	25.301	5.8453	0.0075601
86.276	0.16655	27.582	0.036256	0.27498	0.28102	3.3201	31.101	60.618	821.23	-0.29152	140.81	0.13178	0.0085360	0.24668	4.0538	5.4319	6.1071	70.848	22.225	32.862	182.71	25.243	5.8540	0.0075726
86.384	0.16837	27.564	0.036279	0.28148	0.28759	3.3954	31.081	60.634	820.15	-0.29071	140.30	0.13158	0.0085134	0.24918	4.0131	5.4334	6.1091	70.787	22.236	32.893	182.77	25.185	5.8626	0.0075851
86.492	0.17021	27.547	0.036302	0.28798	0.29416	3.4707	31.062	60.650	819.07	-0.28989	139.80	0.13138	0.0084907	0.25171	3.9729	5.4349	6.1112	70.726	22.246	32.924	182.83	25.127	5.8713	0.0075977
86.599	0.17206	27.529	0.036325	0.29448	0.30073	3.5459	31.043	60.667	817.99	-0.28907	139.30	0.13119	0.0084680	0.25425	3.9331	5.4365	6.1132	70.665	22.257	32.955	182.89	25.070	5.8799	0.0076102
86.707	0.17392	27.512	0.036348	0.30099	0.30731	3.6210	31.023	60.683	816.90	-0.28825	138.80	0.13099	0.0084454	0.25681	3.8939	5.4380	6.1152	70.604	22.267	32.987	182.95	25.012	5.8886	0.0076228
86.815	0.17580	27.494	0.036371	0.30749	0.31389	3.6960	31.004	60.700	815.82	-0.28742	138.31	0.13079	0.0084227	0.25939	3.8552	5.4395	6.1172	70.543	22.278	33.019	183.02	24.955	5.8973	0.0076354
86.923	0.17770	27.477	0.036395	0.31400	0.32047	3.7709	30.985	60.717	814.74	-0.28658	137.82	0.13060	0.0084001	0.26199	3.8169	5.4410	6.1192	70.482	22.288	33.051	183.08	24.899	5.9060	0.0076481
87.031	0.17961	27.459	0.036418	0.32051	0.32705	3.8458	30.966	60.734	813.65	-0.28574	137.33	0.13040	0.0083774	0.26461	3.7791	5.4424	6.1212	70.422	22.299	33.083	183.14	24.842	5.9147	0.0076607
87.139	0.18154	27.441	0.036441	0.32701	0.33363	3.9206	30.947	60.752	812.57	-0.28490	136.84	0.13020	0.0083548	0.26725	3.7418	5.4439	6.1232	70.361	22.310	33.116	183.20	24.786	5.9234	0.0076734
87.246	0.18348	27.424	0.036465	0.33353	0.34022	3.9953	30.928	60.769	811.48	-0.28404	136.36	0.13001	0.0083322	0.26991	3.7049	5.4454	6.1252	70.301	22.321	33.149	183.26	24.730	5.9321	0.0076861
87.354	0.18543	27.406	0.036488	0.34004	0.34680	4.0700	30.909	60.787	810.40	-0.28319	135.88	0.12981	0.0083096	0.27259	3.6685	5.4469	6.1271	70.241	22.331	33.181	183.32	24.674	5.9409	0.0076989
87.462	0.18741	27.388	0.036512	0.34655	0.35339	4.1445	30.891	60.805	809.31	-0.28232	135.40	0.12962	0.0082870	0.27529	3.6325	5.4484	6.1291	70.181	22.342	33.215	183.38	24.619	5.9496	0.0077116
87.570	0.18939	27.371	0.036535	0.35307	0.35999	4.2190	30.872	60.824	808.23	-0.28145	134.92	0.12942	0.0082644	0.27801	3.5970	5.4498	6.1311	70.122	22.353	33.248	183.43	24.564	5.9584	0.0077244
87.678	0.19140	27.353	0.036559	0.35958	0.36658	4.2934	30.853	60.842	807.14	-0.28058	134.45	0.12922	0.0082418	0.28075	3.5619	5.4513	6.1330	70.062	22.364	33.281	183.49	24.509	5.9671	0.0077372
87.786	0.19342	27.335	0.036583	0.36610	0.37318	4.3678	30.835	60.861	806.05	-0.27970	133.98	0.12903	0.0082192	0.28351	3.5272	5.4528	6.1350	70.003	22.375	33.315	183.55	24.454	5.9759	0.0077501
87.893	0.19545	27.318	0.036607	0.37262	0.37977	4.4420	30.816	60.880	804.96	-0.27882	133.51	0.12883	0.0081967	0.28629	3.4929	5.4542	6.1369	69.943	22.386	33.349	183.61	24.399	5.9847	0.0077630
88.001	0.19750	27.300	0.036630	0.37914	0.38637	4.5162	30.797	60.899	803.87	-0.27792	133.04	0.12863	0.0081741	0.28909	3.4591	5.4557	6.1388	69.884	22.397	33.383	183.67	24.345	5.9935	0.0077759
88.109	0.19957	27.282	0.036654	0.38566	0.39298	4.5904	30.779	60.918	802.78	-0.27703	132.58	0.12844	0.0081515	0.29192	3.4256	5.4571	6.1408	69.825	22.408	33.418	183.72	24.291	6.0023	0.0077888
88.217	0.20166	27.264	0.036678	0.39219	0.39958	4.6644	30.761	60.937	801.70	-0.27613	132.11	0.12824	0.0081290	0.29476	3.3926	5.4585	6.1427	69.766	22.420	33.452	183.78	24.237	6.0111	0.0078018
88.325	0.20376	27.246	0.036702	0.39871	0.40619	4.7384	30.742	60.957	800.61	-0.27522	131.65	0.12804	0.0081065	0.29762	3.3600	5.4600	6.1446	69.708	22.431	33.487	183.83	24.183	6.0199	0.0078148
88.433	0.20587	27.229	0.036726	0.40524	0.41280	4.8123	30.724	60.977	799.51	-0.27430	131.20	0.12785	0.0080839	0.30051	3.3277	5.4614	6.1465	69.649	22.442	33.522	183.89	24.130	6.0288	0.0078278
88.540	0.20801	27.211	0.036750	0.41177	0.41941	4.8862	30.706	60.997	798.42	-0.27338	130.74	0.12765	0.0080614	0.30341	3.2958	5.4628	6.1484	69.591	22.453	33.557	183.94	24.076	6.0376	0.0078408
88.648	0.21015	27.193	0.036774	0.41830	0.42603	4.9599	30.687	61.017	797.33	-0.27246	130.29	0.12745	0.0080389	0.30634	3.2644	5.4642	6.1503	69.532	22.465	33.593	184.00	24.023	6.0465	0.0078539
88.756	0.21232	27.175	0.036799	0.42483	0.43264	5.0336	30.669	61.038	796.24	-0.27153	129.84	0.12726	0.0080164	0.30929	3.2332	5.4657	6.1521	69.474	22.476	33.628	184.05	23.971	6.0553	0.0078670
88.864	0.21450	27.157	0.036823	0.43136	0.43926	5.1072	30.651	61.059	795.15	-0.27059	129.39	0.12706	0.0079939	0.31226	3.2025	5.4671	6.1540	69.416	22.488	33.664	184.11	23.918	6.0642	0.0078802
88.972	0.21670	27.139	0.036847	0.43790	0.44588	5.1808	30.633	61.080	794.05	-0.26964	128.95	0.12687	0.0079714	0.31525	3.1721	5.4685	6.1559	69.358	22.499	33.701	184.16	23.866	6.0731	0.0078933
89.080	0.21892	27.121	0.036872	0.44444	0.45251	5.2543	30.615	61.101	792.96	-0.26870	128.50	0.12667	0.0079489	0.31826	3.1421	5.4699	6.1577	69.301	22.511	33.737	184.22	23.813	6.0820	0.0079065
89.187	0.22115	27.103	0.036896	0.45097	0.45913	5.3277	30.597	61.122	791.87	-0.26774	128.06	0.12647	0.0079265	0.32129	3.1124	5.4713	6.1596	69.243	22.522	33.773	184.27	23.761	6.0909	0.0079198
89.295	0.22340	27.085	0.036921	0.45752	0.46576	5.4011	30.579	61.144	790.77	-0.26678	127.62	0.12628	0.0079040	0.32435	3.0831	5.4726	6.1614	69.185	22.534	33.810	184.32	23.710	6.0998	0.0079330
89.403	0.22567	27.067	0.036945	0.46406	0.47239	5.4743	30.561	61.166	789.67	-0.26581	127.19	0.12608	0.0078815	0.32743	3.0541	5.4740	6.1632	69.128	22.546	33.847	184.37	23.658	6.1087	0.0079463
89.511	0.22795	27.049	0.036970	0.47060	0.47903	5.5476	30.543	61.188	788.58	-0.26484	126.75	0.12588	0.0078591	0.33053	3.0255	5.4754	6.1651	69.071	22.557	33.885	184.42	23.607	6.1177	0.0079596
89.619	0.23025	27.031	0.036994	0.47715	0.48567	5.6207	30.526	61.210	787.48	-0.26386	126.32	0.12569	0.0078367	0.33365	2.9972	5.4768	6.1669	69.014	22.569	33.922	184.48	23.556	6.1266	0.0079730
89.727	0.23257	27.013	0.037019	0.48369	0.49230	5.6938	30.508	61.233	786.38	-0.26287	125.89	0.12549	0.0078142	0.33679	2.9692	5.4782	6.1687	68.957	22.581	33.960	184.53	23.505	6.1356	0.0079864
89.834	0.23490	26.995	0.037044	0.49024	0.49895	5.7668	30.490	61.255	785.29	-0.26188	125.46	0.12530	0.0077918	0.33996	2.9415	5.4795	6.1705	68.900	22.593	33.998	184.58	23.454	6.1446	0.0079998
89.942	0.23726	26.977	0.037069	0.49680	0.50559	5.8397	30.473	61.278	784.19	-0.26088	125.04	0.12510	0.0077694	0.34315	2.9142	5.4809	6.1723	68.843	22.605	34.036	184.63	23.404	6.1535	0.0080132
90.050	0.23963	26.959	0.037094	0.50335	0.51224	5.9126	30.455	61.301	783.09	-0.25987	124.61	0.12490	0.0077470	0.34636	2.8872	5.4822	6.1741	68.787	22.617	34.074	184.68	23.353	6.1625	0.0080267
90.158	0.24201	26.941	0.037119	0.50990	0.51889	5.9854	30.438	61.325	781.99	-0.25886	124.19	0.12471	0.0077246	0.34959	2.8605	5.4836	6.1758	68.730	22.629	34.113	184.73	23.303	6.1715	0.0080402
90.266	0.24442	26.922	0.037144	0.51646	0.52554	6.0582	30.420	61.348	780.89	-0.25784	123.77	0.12451	0.0077022	0.35285	2.8341	5.4849	6.1776	68.674	22.641	34.152	184.77	23.253	6.1806	0.0080538
90.374	0.24684	26.904	0.037169	0.52302	0.53219	6.1309	30.403	61.372	779.79	-0.25682	123.36	0.12432	0.0076798	0.35613	2.8080	5.4863	6.1794	68.618	22.653	34.191	184.82	23.204	6.1896	0.0080673
90.481	0.24928	26.886	0.037194	0.52958	0.53885	6.2035	30.385	61.396	778.69	-0.25579	122.94	0.12412	0.0076574	0.35943	2.7822	5.4876	6.1811	68.562	22.665	34.231	184.87	23.154	6.1986	0.0080809
90.589	0.25174	26.868	0.037219	0.53614	0.54551	6.2761	30.368	61.421	777.59	-0.25475	122.53	0.12392	0.0076351	0.36276	2.7567	5.4889	6.1829	68.506	22.677	34.270	184.92	23.105	6.2077	0.0080946
90.697	0.25422	26.849	0.037245	0.54271	0.55218	6.3485	30.351	61.445	776.48	-0.25371	122.12	0.12373	0.0076127	0.36610	2.7315	5.4902	6.1846	68.450	22.690	34.310	184.97	23.056	6.2167	0.0081083
90.805	0.25671	26.831	0.037270	0.54927	0.55884	6.4210	30.334	61.470	775.38	-0.25266	121.71	0.12353	0.0075904	0.36948	2.7065	5.4915	6.1863	68.394	22.702	34.350	185.01	23.007	6.2258	0.0081220
90.913	0.25922	26.813	0.037295	0.55584	0.56551	6.4933	30.316	61.495	774.28	-0.25160	121.30	0.12334	0.0075680	0.37287	2.6819	5.4929	6.1881	68.339	22.714	34.391	185.06	22.958	6.2349	0.0081357
91.021	0.26176	26.795	0.037321	0.56241	0.57218	6.5656	30.299	61.520	773.17	-0.25054	120.89	0.12314	0.0075457	0.37629	2.6575	5.4942	6.1898	68.283	22.727	34.432	185.11	22.909	6.2440	0.0081495
91.128	0.26430	26.776	0.037347	0.56899	0.57886	6.6379	30.282	61.545	772.07	-0.24947	120.49	0.12294	0.0075234	0.37974	2.6334	5.4955	6.1915	68.228	22.739	34.472	185.15	22.861	6.2531	0.0081633
91.236	0.26687	26.758	0.037372	0.57556	0.58553	6.7101	30.265	61.571	770.96	-0.24839	120.09	0.12275	0.0075011	0.38320	2.6096	5.4968	6.1932	68.173	22.752	34.514	185.20	22.813	6.2622	0.0081772
91.344	0.26946	26.740	0.037398	0.58214	0.59221	6.7822	30.248	61.597	769.86	-0.24730	119.69	0.12255	0.0074788	0.38669	2.5860	5.4980	6.1949	68.118	22.764	34.555	185.24	22.765	6.2713	0.0081911
91.452	0.27206	26.721	0.037424	0.58872	0.59890	6.8542	30.231	61.623	768.75	-0.24621	119.29	0.12236	0.0074565	0.39021	2.5627	5.4993	6.1966	68.063	22.777	34.597	185.29	22.717	6.2805	0.0082050
91.560	0.27468	26.703	0.037449	0.59530	0.60558	6.9262	30.214	61.650	767.64	-0.24512	118.89	0.12216	0.0074342	0.39375	2.5397	5.5006	6.1982	68.008	22.790	34.639	185.33	22.669	6.2896	0.0082190
91.668	0.27733	26.684	0.037475	0.60188	0.61227	6.9982	30.198	61.676	766.53	-0.24401	118.50	0.12196	0.0074119	0.39731	2.5169	5.5019	6.1999	67.953	22.802	34.681	185.38	22.622	6.2988	0.0082330
91.775	0.27999	26.666	0.037501	0.60846	0.61896	7.0700	30.181	61.703	765.43	-0.24290	118.11	0.12177	0.0073896	0.40090	2.4944	5.5031	6.2015	67.899	22.815	34.723	185.42	22.574	6.3080	0.0082470
91.883	0.28267	26.647	0.037527	0.61505	0.62566	7.1419	30.164	61.730	764.32	-0.24178	117.72	0.12157	0.0073674	0.40451	2.4721	5.5044	6.2032	67.844	22.828	34.766	185.46	22.527	6.3171	0.0082611
91.991	0.28536	26.629	0.037553	0.62164	0.63236	7.2136	30.148	61.758	763.21	-0.24066	117.33	0.12138	0.0073451	0.40815	2.4501	5.5057	6.2048	67.790	22.841	34.809	185.50	22.480	6.3263	0.0082752
92.099	0.28808	26.610	0.037580	0.62823	0.63906	7.2853	30.131	61.785	762.10	-0.23952	116.94	0.12118	0.0073229	0.41181	2.4283	5.5069	6.2065	67.736	22.854	34.852	185.55	22.434	6.3355	0.0082893
92.207	0.29082	26.592	0.037606	0.63483	0.64576	7.3569	30.114	61.813	760.98	-0.23838	116.56	0.12099	0.0073006	0.41550	2.4067	5.5082	6.2081	67.681	22.867	34.896	185.59	22.387	6.3448	0.0083035
92.315	0.29357	26.573	0.037632	0.64142	0.65247	7.4285	30.098	61.841	759.87	-0.23724	116.18	0.12079	0.0072784	0.41921	2.3854	5.5094	6.2097	67.627	22.879	34.940	185.63	22.341	6.3540	0.0083177
92.422	0.29635	26.555	0.037658	0.64802	0.65918	7.5000	30.081	61.870	758.76	-0.23608	115.79	0.12059	0.0072562	0.42295	2.3643	5.5106	6.2113	67.573	22.893	34.984	185.67	22.294	6.3633	0.0083320
92.530	0.29914	26.536	0.037685	0.65462	0.66590	7.5715	30.065	61.898	757.65	-0.23492	115.41	0.12040	0.0072340	0.42671	2.3435	5.5119	6.2129	67.519	22.906	35.028	185.71	22.248	6.3725	0.0083463
92.638	0.30195	26.517	0.037711	0.66123	0.67261	7.6429	30.049	61.927	756.53	-0.23375	115.04	0.12020	0.0072118	0.43050	2.3229	5.5131	6.2145	67.466	22.919	35.073	185.75	22.203	6.3818	0.0083606
92.746	0.30479	26.499	0.037738	0.66783	0.67933	7.7143	30.032	61.956	755.42	-0.23257	114.66	0.12001	0.0071896	0.43431	2.3025	5.5143	6.2161	67.412	22.932	35.118	185.79	22.157	6.3911	0.0083750
92.854	0.30764	26.480	0.037765	0.67444	0.68606	7.7856	30.016	61.986	754.30	-0.23139	114.29	0.11981	0.0071674	0.43815	2.2823	5.5155	6.2176	67.359	22.945	35.163	185.83	22.111	6.4004	0.0083894
92.962	0.31051	26.461	0.037791	0.68105	0.69278	7.8568	30.000	62.015	753.19	-0.23020	113.91	0.11961	0.0071452	0.44202	2.2624	5.5167	6.2192	67.305	22.958	35.208	185.87	22.066	6.4097	0.0084038
93.069	0.31340	26.442	0.037818	0.68766	0.69951	7.9280	29.984	62.045	752.07	-0.22900	113.54	0.11942	0.0071231	0.44591	2.2426	5.5179	6.2208	67.252	22.972	35.254	185.91	22.021	6.4190	0.0084183
93.177	0.31631	26.424	0.037845	0.69428	0.70625	7.9991	29.967	62.075	750.95	-0.22779	113.17	0.11922	0.0071009	0.44983	2.2231	5.5191	6.2223	67.199	22.985	35.300	185.95	21.976	6.4283	0.0084329
93.285	0.31925	26.405	0.037872	0.70089	0.71298	8.0702	29.951	62.106	749.84	-0.22658	112.81	0.11903	0.0070788	0.45377	2.2038	5.5203	6.2238	67.145	22.998	35.347	185.98	21.931	6.4377	0.0084474
93.393	0.32220	26.386	0.037899	0.70751	0.71972	8.1412	29.935	62.136	748.72	-0.22536	112.44	0.11883	0.0070566	0.45774	2.1846	5.5215	6.2254	67.092	23.012	35.393	186.02	21.886	6.4470	0.0084621
93.501	0.32517	26.367	0.037926	0.71413	0.72647	8.2121	29.919	62.167	747.60	-0.22413	112.08	0.11864	0.0070345	0.46174	2.1657	5.5227	6.2269	67.040	23.025	35.440	186.06	21.842	6.4564	0.0084767
93.609	0.32816	26.348	0.037953	0.72076	0.73321	8.2830	29.903	62.198	746.48	-0.22289	111.71	0.11844	0.0070124	0.46576	2.1470	5.5238	6.2284	66.987	23.039	35.487	186.09	21.797	6.4658	0.0084914
93.716	0.33117	26.330	0.037980	0.72739	0.73996	8.3539	29.887	62.230	745.36	-0.22165	111.35	0.11825	0.0069903	0.46981	2.1285	5.5250	6.2299	66.934	23.053	35.535	186.13	21.753	6.4752	0.0085062
93.824	0.33420	26.311	0.038007	0.73402	0.74672	8.4247	29.872	62.262	744.24	-0.22039	110.99	0.11805	0.0069682	0.47388	2.1102	5.5261	6.2314	66.881	23.066	35.583	186.17	21.709	6.4846	0.0085210
93.932	0.33725	26.292	0.038035	0.74065	0.75348	8.4954	29.856	62.294	743.11	-0.21913	110.64	0.11785	0.0069461	0.47799	2.0921	5.5273	6.2329	66.829	23.080	35.631	186.20	21.665	6.4940	0.0085358
94.040	0.34033	26.273	0.038062	0.74728	0.76024	8.5661	29.840	62.326	741.99	-0.21786	110.28	0.11766	0.0069240	0.48212	2.0742	5.5284	6.2343	66.776	23.094	35.679	186.24	21.621	6.5035	0.0085507
94.148	0.34342	26.254	0.038090	0.75392	0.76700	8.6368	29.824	62.358	740.87	-0.21659	109.93	0.11746	0.0069019	0.48628	2.0564	5.5296	6.2358	66.724	23.108	35.728	186.27	21.578	6.5129	0.0085656
94.256	0.34653	26.235	0.038117	0.76056	0.77377	8.7073	29.809	62.391	739.74	-0.21530	109.57	0.11727	0.0068798	0.49046	2.0389	5.5307	6.2373	66.672	23.121	35.777	186.31	21.534	6.5224	0.0085805
94.363	0.34967	26.216	0.038145	0.76720	0.78054	8.7779	29.793	62.424	738.62	-0.21401	109.22	0.11707	0.0068578	0.49467	2.0215	5.5318	6.2387	66.620	23.135	35.826	186.34	21.491	6.5319	0.0085955
94.471	0.35282	26.197	0.038173	0.77385	0.78732	8.8484	29.778	62.458	737.49	-0.21271	108.87	0.11688	0.0068357	0.49891	2.0044	5.5330	6.2401	66.568	23.149	35.876	186.37	21.448	6.5414	0.0086106
94.579	0.35600	26.178	0.038201	0.78050	0.79409	8.9188	29.762	62.491	736.37	-0.21140	108.52	0.11668	0.0068137	0.50318	1.9873	5.5341	6.2416	66.516	23.163	35.926	186.41	21.405	6.5509	0.0086257
94.687	0.35920	26.159	0.038228	0.78715	0.80088	8.9892	29.747	62.525	735.24	-0.21008	108.18	0.11648	0.0067917	0.50748	1.9705	5.5352	6.2430	66.464	23.177	35.976	186.44	21.362	6.5604	0.0086408
94.795	0.36241	26.139	0.038256	0.79380	0.80766	9.0595	29.731	62.560	734.11	-0.20876	107.83	0.11629	0.0067696	0.51180	1.9539	5.5363	6.2444	66.412	23.191	36.027	186.47	21.320	6.5699	0.0086560
94.903	0.36565	26.120	0.038284	0.80045	0.81445	9.1298	29.716	62.594	732.98	-0.20742	107.49	0.11609	0.0067476	0.51616	1.9374	5.5374	6.2458	66.360	23.205	36.078	186.50	21.277	6.5795	0.0086712
95.010	0.36891	26.101	0.038313	0.80711	0.82125	9.2000	29.700	62.629	731.85	-0.20608	107.15	0.11590	0.0067256	0.52054	1.9211	5.5385	6.2472	66.309	23.220	36.129	186.53	21.235	6.5890	0.0086865
95.118	0.37220	26.082	0.038341	0.81377	0.82805	9.2702	29.685	62.664	730.72	-0.20473	106.80	0.11570	0.0067036	0.52495	1.9050	5.5396	6.2486	66.257	23.234	36.181	186.56	21.193	6.5986	0.0087018
95.226	0.37550	26.063	0.038369	0.82044	0.83485	9.3403	29.670	62.699	729.59	-0.20337	106.47	0.11551	0.0066817	0.52938	1.8890	5.5406	6.2499	66.206	23.248	36.233	186.59	21.151	6.6082	0.0087172
95.334	0.37882	26.043	0.038397	0.82711	0.84165	9.4104	29.655	62.735	728.46	-0.20200	106.13	0.11531	0.0066597	0.53385	1.8732	5.5417	6.2513	66.155	23.263	36.285	186.62	21.109	6.6178	0.0087326
95.442	0.38217	26.024	0.038426	0.83378	0.84846	9.4805	29.640	62.771	727.33	-0.20062	105.79	0.11512	0.0066377	0.53835	1.8575	5.5428	6.2527	66.103	23.277	36.337	186.65	21.067	6.6274	0.0087481
95.550	0.38554	26.005	0.038454	0.84045	0.85527	9.5504	29.625	62.807	726.19	-0.19924	105.46	0.11492	0.0066158	0.54287	1.8421	5.5438	6.2540	66.052	23.291	36.390	186.68	21.025	6.6370	0.0087636
95.657	0.38892	25.986	0.038483	0.84712	0.86209	9.6204	29.609	62.844	725.06	-0.19784	105.12	0.11473	0.0065938	0.54743	1.8267	5.5449	6.2553	66.001	23.306	36.444	186.71	20.984	6.6467	0.0087792
95.765	0.39233	25.966	0.038512	0.85380	0.86891	9.6903	29.594	62.881	723.92	-0.19644	104.79	0.11453	0.0065719	0.55201	1.8116	5.5459	6.2567	65.950	23.320	36.497	186.74	20.943	6.6564	0.0087948
95.873	0.39577	25.947	0.038540	0.86048	0.87574	9.7601	29.580	62.918	722.79	-0.19502	104.46	0.11433	0.0065500	0.55662	1.7965	5.5470	6.2580	65.899	23.335	36.551	186.77	20.901	6.6660	0.0088104
95.981	0.39922	25.927	0.038569	0.86717	0.88257	9.8299	29.565	62.955	721.65	-0.19360	104.13	0.11414	0.0065280	0.56127	1.7817	5.5480	6.2593	65.849	23.350	36.605	186.80	20.860	6.6757	0.0088262
96.089	0.40270	25.908	0.038598	0.87386	0.88940	9.8997	29.550	62.993	720.52	-0.19217	103.80	0.11394	0.0065061	0.56594	1.7670	5.5490	6.2606	65.798	23.364	36.660	186.82	20.819	6.6854	0.0088419
96.197	0.40620	25.889	0.038627	0.88055	0.89624	9.9694	29.535	63.031	719.38	-0.19073	103.48	0.11375	0.0064842	0.57064	1.7524	5.5500	6.2619	65.747	23.379	36.715	186.85	20.779	6.6951	0.0088577
96.304	0.40972	25.869	0.038656	0.88724	0.90308	10.039	29.520	63.070	718.24	-0.18928	103.15	0.11355	0.0064623	0.57538	1.7380	5.5511	6.2631	65.697	23.394	36.770	186.88	20.738	6.7049	0.0088736
96.412	0.41326	25.850	0.038685	0.89393	0.90992	10.109	29.505	63.108	717.10	-0.18782	102.83	0.11336	0.0064405	0.58014	1.7237	5.5521	6.2644	65.646	23.409	36.826	186.90	20.698	6.7146	0.0088895
96.520	0.41683	25.830	0.038715	0.90063	0.91677	10.178	29.491	63.147	715.96	-0.18636	102.51	0.11316	0.0064186	0.58493	1.7096	5.5531	6.2657	65.596	23.423	36.882	186.93	20.657	6.7244	0.0089055
96.628	0.42041	25.810	0.038744	0.90734	0.92362	10.248	29.476	63.187	714.82	-0.18488	102.18	0.11297	0.0063967	0.58976	1.6956	5.5541	6.2669	65.545	23.438	36.939	186.95	20.617	6.7342	0.0089215
96.736	0.42402	25.791	0.038773	0.91404	0.93048	10.317	29.462	63.226	713.67	-0.18339	101.86	0.11277	0.0063749	0.59461	1.6818	5.5550	6.2682	65.495	23.453	36.995	186.98	20.577	6.7440	0.0089376
96.844	0.42766	25.771	0.038803	0.92075	0.93734	10.387	29.447	63.266	712.53	-0.18190	101.55	0.11258	0.0063530	0.59950	1.6681	5.5560	6.2694	65.445	23.468	37.053	187.00	20.537	6.7538	0.0089537
96.951	0.43131	25.752	0.038833	0.92746	0.94421	10.456	29.433	63.307	711.39	-0.18039	101.23	0.11238	0.0063312	0.60442	1.6545	5.5570	6.2706	65.395	23.483	37.110	187.02	20.497	6.7636	0.0089699
97.059	0.43499	25.732	0.038862	0.93418	0.95108	10.525	29.418	63.347	710.24	-0.17887	100.91	0.11219	0.0063094	0.60937	1.6411	5.5580	6.2718	65.345	23.499	37.168	187.05	20.458	6.7734	0.0089861
97.167	0.43869	25.712	0.038892	0.94089	0.95796	10.595	29.404	63.388	709.10	-0.17735	100.60	0.11199	0.0062876	0.61435	1.6277	5.5589	6.2730	65.295	23.514	37.226	187.07	20.418	6.7833	0.0090024
97.275	0.44241	25.692	0.038922	0.94762	0.96484	10.664	29.390	63.429	707.95	-0.17581	100.29	0.11180	0.0062658	0.61936	1.6146	5.5599	6.2742	65.245	23.529	37.285	187.09	20.379	6.7932	0.0090188
97.383	0.44616	25.673	0.038952	0.95434	0.97172	10.733	29.375	63.471	706.80	-0.17427	99.973	0.11160	0.0062440	0.62440	1.6015	5.5608	6.2754	65.195	23.544	37.344	187.12	20.340	6.8031	0.0090352
97.491	0.44993	25.653	0.038982	0.96107	0.97861	10.802	29.361	63.513	705.65	-0.17271	99.662	0.11140	0.0062222	0.62948	1.5886	5.5618	6.2765	65.145	23.560	37.404	187.14	20.301	6.8130	0.0090516
97.598	0.45372	25.633	0.039012	0.96780	0.98550	10.872	29.347	63.555	704.51	-0.17115	99.353	0.11121	0.0062004	0.63458	1.5758	5.5627	6.2777	65.096	23.575	37.463	187.16	20.262	6.8229	0.0090682
97.706	0.45754	25.613	0.039042	0.97453	0.99240	10.941	29.333	63.598	703.36	-0.16957	99.045	0.11101	0.0061787	0.63972	1.5632	5.5636	6.2788	65.046	23.590	37.524	187.18	20.223	6.8328	0.0090847
97.814	0.46138	25.593	0.039073	0.98127	0.99930	11.010	29.319	63.641	702.20	-0.16799	98.737	0.11082	0.0061569	0.64489	1.5506	5.5645	6.2800	64.997	23.606	37.584	187.20	20.184	6.8428	0.0091014
97.922	0.46524	25.573	0.039103	0.98801	1.0062	11.079	29.304	63.684	701.05	-0.16639	98.432	0.11062	0.0061352	0.65010	1.5382	5.5655	6.2811	64.947	23.622	37.645	187.22	20.145	6.8528	0.0091181
98.030	0.46913	25.554	0.039134	0.99476	1.0131	11.148	29.290	63.728	699.90	-0.16479	98.127	0.11043	0.0061134	0.65534	1.5259	5.5664	6.2822	64.898	23.637	37.707	187.24	20.107	6.8627	0.0091348
98.138	0.47304	25.534	0.039164	1.0015	1.0200	11.217	29.277	63.772	698.75	-0.16317	97.824	0.11023	0.0060917	0.66061	1.5138	5.5673	6.2833	64.848	23.653	37.769	187.26	20.069	6.8727	0.0091516
98.245	0.47697	25.514	0.039195	1.0083	1.0270	11.286	29.263	63.816	697.59	-0.16154	97.522	0.11004	0.0060700	0.66591	1.5017	5.5681	6.2844	64.799	23.668	37.831	187.28	20.030	6.8828	0.0091685
98.353	0.48093	25.494	0.039226	1.0150	1.0339	11.354	29.249	63.861	696.44	-0.15991	97.221	0.10984	0.0060483	0.67125	1.4898	5.5690	6.2855	64.750	23.684	37.894	187.30	19.992	6.8928	0.0091854
98.461	0.48491	25.473	0.039257	1.0218	1.0408	11.423	29.235	63.906	695.28	-0.15826	96.921	0.10965	0.0060266	0.67662	1.4779	5.5699	6.2866	64.701	23.700	37.957	187.31	19.954	6.9029	0.0092024
98.569	0.48892	25.453	0.039287	1.0285	1.0477	11.492	29.221	63.952	694.12	-0.15660	96.622	0.10945	0.0060049	0.68202	1.4662	5.5708	6.2876	64.652	23.716	38.020	187.33	19.916	6.9129	0.0092194
98.677	0.49295	25.433	0.039319	1.0353	1.0547	11.561	29.207	63.997	692.96	-0.15493	96.325	0.10926	0.0059832	0.68746	1.4546	5.5716	6.2887	64.603	23.732	38.084	187.35	19.879	6.9230	0.0092366
98.785	0.49700	25.413	0.039350	1.0421	1.0616	11.630	29.194	64.044	691.81	-0.15325	96.029	0.10906	0.0059616	0.69293	1.4432	5.5725	6.2897	64.554	23.748	38.149	187.37	19.841	6.9331	0.0092537
98.892	0.50108	25.393	0.039381	1.0488	1.0686	11.698	29.180	64.090	690.65	-0.15156	95.733	0.10887	0.0059399	0.69843	1.4318	5.5733	6.2908	64.505	23.764	38.214	187.38	19.804	6.9432	0.0092710
99.000	0.50518	25.373	0.039412	1.0556	1.0755	11.767	29.167	64.137	689.48	-0.14986	95.439	0.10867	0.0059183	0.70397	1.4205	5.5742	6.2918	64.456	23.780	38.279	187.40	19.766	6.9534	0.0092883
99.108	0.50931	25.353	0.039444	1.0624	1.0825	11.835	29.153	64.184	688.32	-0.14814	95.147	0.10848	0.0058967	0.70955	1.4093	5.5750	6.2928	64.407	23.796	38.345	187.41	19.729	6.9635	0.0093056
99.216	0.51346	25.332	0.039475	1.0692	1.0894	11.904	29.140	64.232	687.16	-0.14642	94.855	0.10828	0.0058750	0.71516	1.3983	5.5758	6.2938	64.359	23.812	38.411	187.43	19.692	6.9737	0.0093231
99.324	0.51763	25.312	0.039507	1.0760	1.0964	11.973	29.126	64.280	686.00	-0.14468	94.564	0.10809	0.0058534	0.72080	1.3873	5.5766	6.2948	64.310	23.828	38.477	187.44	19.655	6.9839	0.0093406
99.432	0.52183	25.292	0.039539	1.0828	1.1034	12.041	29.113	64.329	684.83	-0.14293	94.275	0.10789	0.0058318	0.72648	1.3765	5.5775	6.2958	64.262	23.845	38.544	187.46	19.618	6.9941	0.0093581
99.539	0.52606	25.271	0.039571	1.0895	1.1104	12.110	29.099	64.377	683.66	-0.14118	93.986	0.10770	0.0058102	0.73219	1.3658	5.5783	6.2967	64.213	23.861	38.612	187.47	19.581	7.0043	0.0093757
99.647	0.53030	25.251	0.039603	1.0963	1.1173	12.178	29.086	64.427	682.50	-0.13940	93.699	0.10750	0.0057886	0.73794	1.3551	5.5791	6.2977	64.165	23.877	38.680	187.48	19.545	7.0146	0.0093934
99.755	0.53458	25.230	0.039635	1.1031	1.1243	12.246	29.073	64.476	681.33	-0.13762	93.413	0.10731	0.0057671	0.74373	1.3446	5.5798	6.2986	64.116	23.894	38.748	187.50	19.508	7.0249	0.0094112
99.863	0.53888	25.210	0.039667	1.1100	1.1313	12.315	29.060	64.526	680.16	-0.13583	93.128	0.10711	0.0057455	0.74955	1.3341	5.5806	6.2996	64.068	23.910	38.817	187.51	19.472	7.0351	0.0094290
99.971	0.54320	25.190	0.039699	1.1168	1.1383	12.383	29.047	64.577	678.99	-0.13402	92.843	0.10692	0.0057240	0.75541	1.3238	5.5814	6.3005	64.020	23.927	38.887	187.52	19.435	7.0454	0.0094469
100.08	0.54755	25.169	0.039731	1.1236	1.1453	12.451	29.034	64.627	677.82	-0.13220	92.560	0.10672	0.0057024	0.76130	1.3135	5.5822	6.3014	63.971	23.943	38.957	187.53	19.399	7.0558	0.0094649
100.19	0.55192	25.148	0.039764	1.1304	1.1523	12.520	29.021	64.679	676.65	-0.13037	92.278	0.10653	0.0056809	0.76723	1.3034	5.5829	6.3023	63.923	23.960	39.027	187.54	19.363	7.0661	0.0094829
100.29	0.55632	25.128	0.039796	1.1372	1.1594	12.588	29.008	64.730	675.48	-0.12853	91.997	0.10633	0.0056594	0.77320	1.2933	5.5837	6.3032	63.875	23.977	39.098	187.55	19.327	7.0765	0.0095010
100.40	0.56075	25.107	0.039829	1.1440	1.1664	12.656	28.995	64.782	674.30	-0.12668	91.718	0.10614	0.0056379	0.77920	1.2834	5.5844	6.3041	63.827	23.993	39.169	187.56	19.291	7.0868	0.0095192
100.51	0.56520	25.087	0.039862	1.1509	1.1734	12.724	28.982	64.835	673.13	-0.12481	91.439	0.10594	0.0056164	0.78524	1.2735	5.5851	6.3049	63.779	24.010	39.241	187.57	19.256	7.0972	0.0095374
100.62	0.56967	25.066	0.039895	1.1577	1.1804	12.792	28.969	64.888	671.95	-0.12293	91.161	0.10575	0.0055949	0.79132	1.2637	5.5859	6.3058	63.731	24.027	39.313	187.58	19.220	7.1077	0.0095558
100.73	0.57417	25.045	0.039928	1.1645	1.1875	12.860	28.956	64.941	670.77	-0.12104	90.884	0.10555	0.0055734	0.79743	1.2540	5.5866	6.3066	63.683	24.044	39.386	187.59	19.184	7.1181	0.0095741
100.83	0.57870	25.024	0.039961	1.1714	1.1945	12.928	28.943	64.995	669.60	-0.11914	90.608	0.10536	0.0055519	0.80358	1.2444	5.5873	6.3074	63.635	24.061	39.460	187.60	19.149	7.1285	0.0095926
100.94	0.58325	25.004	0.039994	1.1782	1.2015	12.997	28.931	65.049	668.42	-0.11722	90.333	0.10516	0.0055305	0.80977	1.2349	5.5880	6.3083	63.587	24.078	39.534	187.61	19.114	7.1390	0.0096112
101.05	0.58783	24.983	0.040027	1.1851	1.2086	13.065	28.918	65.103	667.24	-0.11529	90.060	0.10497	0.0055090	0.81600	1.2255	5.5887	6.3091	63.540	24.095	39.608	187.62	19.078	7.1495	0.0096298
101.16	0.59244	24.962	0.040061	1.1919	1.2157	13.132	28.905	65.158	666.06	-0.11335	89.787	0.10477	0.0054876	0.82227	1.2161	5.5894	6.3099	63.492	24.112	39.683	187.62	19.043	7.1600	0.0096485
101.26	0.59707	24.941	0.040094	1.1988	1.2227	13.200	28.893	65.214	664.87	-0.11139	89.515	0.10458	0.0054662	0.82857	1.2069	5.5901	6.3107	63.444	24.129	39.758	187.63	19.008	7.1706	0.0096672
101.37	0.60172	24.920	0.040128	1.2056	1.2298	13.268	28.880	65.270	663.69	-0.10942	89.244	0.10438	0.0054448	0.83492	1.1977	5.5907	6.3114	63.397	24.147	39.834	187.64	18.974	7.1811	0.0096861
101.48	0.60641	24.899	0.040162	1.2125	1.2369	13.336	28.868	65.326	662.51	-0.10744	88.974	0.10419	0.0054234	0.84130	1.1886	5.5914	6.3122	63.349	24.164	39.911	187.64	18.939	7.1917	0.0097050
101.59	0.61111	24.878	0.040196	1.2194	1.2439	13.404	28.856	65.383	661.32	-0.10545	88.705	0.10399	0.0054020	0.84772	1.1796	5.5920	6.3129	63.301	24.181	39.988	187.65	18.904	7.2023	0.0097240
101.70	0.61585	24.857	0.040230	1.2263	1.2510	13.472	28.843	65.440	660.13	-0.10344	88.437	0.10380	0.0053806	0.85418	1.1707	5.5927	6.3137	63.254	24.199	40.066	187.66	18.869	7.2129	0.0097431
101.80	0.62061	24.836	0.040264	1.2331	1.2581	13.540	28.831	65.498	658.94	-0.10142	88.170	0.10360	0.0053592	0.86068	1.1619	5.5933	6.3144	63.207	24.216	40.144	187.66	18.835	7.2236	0.0097622
101.91	0.62540	24.815	0.040298	1.2400	1.2652	13.608	28.819	65.556	657.76	-0.099379	87.904	0.10341	0.0053379	0.86722	1.1531	5.5939	6.3151	63.159	24.234	40.223	187.66	18.801	7.2342	0.0097815
102.02	0.63022	24.794	0.040332	1.2469	1.2723	13.675	28.807	65.615	656.57	-0.097329	87.639	0.10321	0.0053165	0.87380	1.1444	5.5946	6.3158	63.112	24.251	40.302	187.67	18.766	7.2449	0.0098008
102.13	0.63506	24.773	0.040367	1.2538	1.2794	13.743	28.794	65.674	655.37	-0.095265	87.375	0.10302	0.0052952	0.88042	1.1358	5.5952	6.3165	63.064	24.269	40.382	187.67	18.732	7.2556	0.0098202
102.24	0.63993	24.752	0.040401	1.2607	1.2865	13.811	28.782	65.734	654.18	-0.093187	87.111	0.10282	0.0052739	0.88708	1.1273	5.5958	6.3172	63.017	24.287	40.463	187.67	18.698	7.2663	0.0098397
102.34	0.64482	24.730	0.040436	1.2676	1.2937	13.878	28.770	65.794	652.99	-0.091095	86.849	0.10263	0.0052526	0.89378	1.1188	5.5964	6.3178	62.970	24.305	40.544	187.68	18.664	7.2771	0.0098592
102.45	0.64974	24.709	0.040471	1.2745	1.3008	13.946	28.758	65.854	651.79	-0.088989	86.587	0.10243	0.0052313	0.90052	1.1105	5.5970	6.3185	62.923	24.323	40.626	187.68	18.630	7.2878	0.0098789
102.56	0.65469	24.688	0.040506	1.2814	1.3079	14.014	28.746	65.916	650.60	-0.086868	86.327	0.10224	0.0052100	0.90730	1.1022	5.5975	6.3191	62.875	24.340	40.708	187.68	18.596	7.2986	0.0098986
102.67	0.65967	24.666	0.040541	1.2883	1.3151	14.081	28.734	65.977	649.40	-0.084732	86.067	0.10204	0.0051887	0.91413	1.0939	5.5981	6.3197	62.828	24.358	40.791	187.68	18.563	7.3094	0.0099184
102.77	0.66467	24.645	0.040576	1.2952	1.3222	14.149	28.723	66.039	648.20	-0.082582	85.808	0.10185	0.0051674	0.92099	1.0858	5.5987	6.3204	62.781	24.376	40.874	187.68	18.529	7.3203	0.0099383
102.88	0.66970	24.624	0.040611	1.3022	1.3294	14.217	28.711	66.102	647.00	-0.080418	85.550	0.10165	0.0051462	0.92790	1.0777	5.5992	6.3210	62.734	24.394	40.959	187.68	18.496	7.3311	0.0099583
102.99	0.67476	24.602	0.040647	1.3091	1.3365	14.284	28.699	66.165	645.80	-0.078238	85.293	0.10146	0.0051249	0.93485	1.0697	5.5998	6.3216	62.687	24.413	41.043	187.68	18.462	7.3420	0.0099784
103.10	0.67985	24.581	0.040682	1.3160	1.3437	14.352	28.688	66.228	644.60	-0.076043	85.037	0.10126	0.0051037	0.94184	1.0617	5.6003	6.3221	62.640	24.431	41.129	187.68	18.429	7.3529	0.0099986
103.21	0.68496	24.559	0.040718	1.3230	1.3509	14.419	28.676	66.293	643.40	-0.073833	84.782	0.10107	0.0050825	0.94888	1.0539	5.6008	6.3227	62.593	24.449	41.215	187.68	18.396	7.3638	0.010019
103.31	0.69010	24.538	0.040754	1.3299	1.3580	14.487	28.664	66.357	642.19	-0.071608	84.527	0.10087	0.0050613	0.95595	1.0461	5.6013	6.3232	62.546	24.467	41.302	187.68	18.363	7.3748	0.010039
103.42	0.69527	24.516	0.040790	1.3369	1.3652	14.554	28.653	66.422	640.99	-0.069368	84.274	0.10068	0.0050401	0.96307	1.0383	5.6019	6.3238	62.499	24.486	41.389	187.68	18.330	7.3857	0.010060
103.53	0.70047	24.494	0.040826	1.3438	1.3724	14.621	28.641	66.488	639.78	-0.067111	84.021	0.10048	0.0050189	0.97024	1.0307	5.6024	6.3243	62.452	24.504	41.477	187.68	18.297	7.3967	0.010080
103.64	0.70569	24.473	0.040862	1.3508	1.3796	14.689	28.630	66.554	638.57	-0.064840	83.769	0.10029	0.0049977	0.97745	1.0231	5.6028	6.3248	62.405	24.523	41.566	187.67	18.264	7.4078	0.010101
103.74	0.71095	24.451	0.040898	1.3577	1.3868	14.756	28.619	66.621	637.36	-0.062552	83.518	0.10009	0.0049765	0.98470	1.0155	5.6033	6.3253	62.359	24.541	41.655	187.67	18.231	7.4188	0.010122
103.85	0.71623	24.429	0.040935	1.3647	1.3940	14.824	28.607	66.689	636.15	-0.060248	83.267	0.099898	0.0049554	0.99199	1.0081	5.6038	6.3258	62.312	24.560	41.745	187.67	18.198	7.4299	0.010142
103.96	0.72154	24.407	0.040971	1.3717	1.4012	14.891	28.596	66.756	634.94	-0.057929	83.018	0.099703	0.0049342	0.99933	1.0007	5.6043	6.3263	62.265	24.579	41.836	187.66	18.166	7.4409	0.010163
104.07	0.72687	24.386	0.041008	1.3786	1.4085	14.958	28.585	66.825	633.73	-0.055592	82.769	0.099509	0.0049131	1.0067	0.99333	5.6047	6.3267	62.218	24.597	41.928	187.66	18.133	7.4521	0.010184
104.18	0.73224	24.364	0.041045	1.3856	1.4157	15.026	28.574	66.894	632.51	-0.053240	82.521	0.099314	0.0048920	1.0141	0.98606	5.6052	6.3272	62.172	24.616	42.020	187.65	18.101	7.4632	0.010205
104.28	0.73763	24.342	0.041082	1.3926	1.4229	15.093	28.563	66.964	631.30	-0.050871	82.274	0.099119	0.0048709	1.0216	0.97884	5.6056	6.3276	62.125	24.635	42.113	187.65	18.068	7.4744	0.010227
104.39	0.74305	24.320	0.041119	1.3996	1.4302	15.160	28.552	67.034	630.08	-0.048485	82.028	0.098924	0.0048498	1.0291	0.97169	5.6060	6.3280	62.078	24.654	42.206	187.64	18.036	7.4856	0.010248
104.50	0.74851	24.298	0.041156	1.4066	1.4374	15.227	28.541	67.105	628.86	-0.046083	81.782	0.098730	0.0048287	1.0367	0.96460	5.6064	6.3284	62.032	24.673	42.301	187.64	18.004	7.4968	0.010269
104.61	0.75399	24.276	0.041194	1.4136	1.4447	15.295	28.530	67.176	627.64	-0.043663	81.538	0.098535	0.0048076	1.0443	0.95757	5.6068	6.3288	61.985	24.692	42.396	187.63	17.972	7.5080	0.010291
104.72	0.75949	24.254	0.041231	1.4206	1.4519	15.362	28.519	67.248	626.42	-0.041227	81.294	0.098340	0.0047866	1.0520	0.95060	5.6072	6.3292	61.938	24.711	42.492	187.62	17.940	7.5193	0.010312
104.82	0.76503	24.231	0.041269	1.4276	1.4592	15.429	28.508	67.320	625.20	-0.038773	81.050	0.098145	0.0047655	1.0597	0.94369	5.6076	6.3296	61.892	24.731	42.588	187.62	17.908	7.5306	0.010334
104.93	0.77060	24.209	0.041306	1.4346	1.4665	15.496	28.498	67.394	623.97	-0.036301	80.808	0.097951	0.0047445	1.0674	0.93684	5.6080	6.3299	61.845	24.750	42.686	187.61	17.876	7.5419	0.010356
105.04	0.77619	24.187	0.041344	1.4417	1.4738	15.564	28.487	67.467	622.75	-0.033812	80.566	0.097756	0.0047235	1.0752	0.93005	5.6084	6.3303	61.799	24.769	42.784	187.60	17.844	7.5532	0.010378
105.15	0.78182	24.165	0.041383	1.4487	1.4811	15.631	28.476	67.542	621.52	-0.031305	80.325	0.097561	0.0047024	1.0831	0.92331	5.6087	6.3306	61.752	24.789	42.883	187.59	17.813	7.5646	0.010400
105.25	0.78747	24.143	0.041421	1.4557	1.4884	15.698	28.466	67.617	620.30	-0.028780	80.085	0.097366	0.0046814	1.0909	0.91663	5.6091	6.3309	61.706	24.808	42.982	187.58	17.781	7.5760	0.010422
105.36	0.79316	24.120	0.041459	1.4628	1.4957	15.765	28.455	67.692	619.07	-0.026237	79.846	0.097172	0.0046605	1.0989	0.91001	5.6094	6.3312	61.659	24.828	43.083	187.57	17.750	7.5874	0.010444
105.47	0.79887	24.098	0.041498	1.4698	1.5030	15.832	28.445	67.769	617.84	-0.023676	79.607	0.096977	0.0046395	1.1069	0.90344	5.6097	6.3315	61.613	24.847	43.184	187.56	17.718	7.5989	0.010467
105.58	0.80461	24.075	0.041536	1.4769	1.5103	15.899	28.435	67.846	616.60	-0.021096	79.369	0.096782	0.0046185	1.1149	0.89693	5.6101	6.3317	61.566	24.867	43.286	187.55	17.687	7.6104	0.010489
105.69	0.81038	24.053	0.041575	1.4839	1.5176	15.966	28.424	67.923	615.37	-0.018498	79.132	0.096588	0.0045976	1.1230	0.89047	5.6104	6.3320	61.520	24.887	43.389	187.54	17.656	7.6219	0.010512
105.79	0.81618	24.030	0.041614	1.4910	1.5250	16.033	28.414	68.001	614.13	-0.015881	78.895	0.096393	0.0045766	1.1311	0.88407	5.6107	6.3322	61.473	24.907	43.493	187.53	17.624	7.6334	0.010534
105.90	0.82201	24.008	0.041653	1.4981	1.5323	16.101	28.404	68.080	612.90	-0.013244	78.659	0.096198	0.0045557	1.1393	0.87772	5.6110	6.3325	61.427	24.927	43.598	187.52	17.593	7.6450	0.010557
106.01	0.82788	23.985	0.041692	1.5051	1.5397	16.168	28.394	68.160	611.66	-0.010589	78.424	0.096004	0.0045348	1.1475	0.87142	5.6112	6.3327	61.381	24.947	43.703	187.50	17.562	7.6565	0.010580
106.12	0.83377	23.963	0.041732	1.5122	1.5470	16.235	28.384	68.240	610.42	-0.0079144	78.190	0.095809	0.0045139	1.1558	0.86518	5.6115	6.3329	61.334	24.967	43.810	187.49	17.531	7.6682	0.010603
106.23	0.83969	23.940	0.041771	1.5193	1.5544	16.302	28.374	68.321	609.18	-0.0052202	77.956	0.095614	0.0044930	1.1642	0.85899	5.6118	6.3330	61.288	24.987	43.917	187.48	17.500	7.6798	0.010626
106.33	0.84564	23.917	0.041811	1.5264	1.5617	16.369	28.364	68.403	607.94	-0.0025063	77.723	0.095420	0.0044721	1.1725	0.85285	5.6120	6.3332	61.242	25.007	44.025	187.46	17.469	7.6915	0.010649
106.44	0.85162	23.894	0.041851	1.5335	1.5691	16.436	28.354	68.485	606.69	0.00022754	77.491	0.095225	0.0044513	1.1810	0.84675	5.6122	6.3334	61.195	25.027	44.134	187.45	17.439	7.7032	0.010673
106.55	0.85763	23.871	0.041891	1.5406	1.5765	16.503	28.344	68.568	605.45	0.0029815	77.259	0.095030	0.0044304	1.1895	0.84071	5.6125	6.3335	61.149	25.048	44.244	187.44	17.408	7.7149	0.010696
106.66	0.86367	23.849	0.041931	1.5477	1.5839	16.570	28.334	68.652	604.20	0.0057557	77.028	0.094836	0.0044096	1.1980	0.83472	5.6127	6.3336	61.102	25.068	44.355	187.42	17.377	7.7267	0.010720
106.76	0.86975	23.826	0.041972	1.5548	1.5913	16.637	28.324	68.736	602.95	0.0085504	76.798	0.094641	0.0043887	1.2066	0.82878	5.6129	6.3337	61.056	25.088	44.467	187.41	17.347	7.7385	0.010744
106.87	0.87585	23.803	0.042012	1.5619	1.5987	16.704	28.315	68.822	601.70	0.011366	76.568	0.094446	0.0043679	1.2152	0.82289	5.6131	6.3338	61.010	25.109	44.580	187.39	17.316	7.7503	0.010768
106.98	0.88198	23.780	0.042053	1.5691	1.6062	16.771	28.305	68.908	600.45	0.014202	76.339	0.094252	0.0043471	1.2239	0.81704	5.6133	6.3339	60.964	25.130	44.694	187.37	17.286	7.7622	0.010792
107.09	0.88815	23.757	0.042094	1.5762	1.6136	16.838	28.296	68.994	599.20	0.017059	76.111	0.094057	0.0043263	1.2327	0.81124	5.6135	6.3340	60.917	25.150	44.808	187.36	17.255	7.7741	0.010816
107.20	0.89434	23.733	0.042135	1.5833	1.6210	16.905	28.286	69.082	597.95	0.019938	75.883	0.093863	0.0043056	1.2415	0.80549	5.6136	6.3340	60.871	25.171	44.924	187.34	17.225	7.7860	0.010840
107.30	0.90057	23.710	0.042176	1.5905	1.6285	16.972	28.277	69.170	596.69	0.022838	75.656	0.093668	0.0042848	1.2503	0.79979	5.6138	6.3340	60.825	25.192	45.041	187.32	17.195	7.7979	0.010864
107.41	0.90683	23.687	0.042217	1.5976	1.6359	17.039	28.268	69.259	595.43	0.025760	75.430	0.093474	0.0042641	1.2592	0.79413	5.6139	6.3340	60.778	25.213	45.159	187.30	17.165	7.8099	0.010889
107.52	0.91311	23.664	0.042259	1.6048	1.6434	17.106	28.258	69.349	594.17	0.028704	75.204	0.093279	0.0042433	1.2682	0.78852	5.6140	6.3340	60.732	25.234	45.277	187.28	17.135	7.8219	0.010914
107.63	0.91943	23.641	0.042300	1.6120	1.6508	17.173	28.249	69.440	592.91	0.031670	74.979	0.093084	0.0042226	1.2772	0.78295	5.6142	6.3340	60.686	25.255	45.397	187.27	17.105	7.8340	0.010938
107.73	0.92578	23.617	0.042342	1.6191	1.6583	17.239	28.240	69.531	591.65	0.034659	74.754	0.092890	0.0042019	1.2863	0.77743	5.6143	6.3340	60.639	25.276	45.518	187.25	17.075	7.8461	0.010963
107.84	0.93217	23.594	0.042384	1.6263	1.6658	17.306	28.231	69.623	590.38	0.037670	74.531	0.092695	0.0041812	1.2954	0.77195	5.6144	6.3340	60.593	25.298	45.640	187.23	17.045	7.8582	0.010988
107.95	0.93858	23.570	0.042426	1.6335	1.6733	17.373	28.222	69.716	589.12	0.040704	74.307	0.092501	0.0041605	1.3046	0.76652	5.6144	6.3339	60.547	25.319	45.763	187.21	17.015	7.8703	0.011014
108.06	0.94503	23.547	0.042469	1.6407	1.6808	17.440	28.213	69.810	587.85	0.043761	74.085	0.092306	0.0041398	1.3138	0.76113	5.6145	6.3338	60.500	25.340	45.887	187.18	16.985	7.8825	0.011039
108.17	0.95150	23.523	0.042511	1.6479	1.6883	17.507	28.204	69.905	586.58	0.046841	73.863	0.092112	0.0041192	1.3231	0.75578	5.6146	6.3337	60.454	25.362	46.012	187.16	16.955	7.8947	0.011064
108.27	0.95801	23.500	0.042554	1.6551	1.6958	17.574	28.196	70.001	585.31	0.049945	73.641	0.091917	0.0040985	1.3325	0.75047	5.6146	6.3336	60.408	25.383	46.138	187.14	16.926	7.9070	0.011090
108.38	0.96455	23.476	0.042597	1.6623	1.7034	17.641	28.187	70.097	584.04	0.053072	73.420	0.091723	0.0040779	1.3419	0.74521	5.6147	6.3335	60.361	25.405	46.266	187.12	16.896	7.9192	0.011116
108.49	0.97112	23.452	0.042640	1.6695	1.7109	17.708	28.178	70.194	582.76	0.056224	73.200	0.091528	0.0040573	1.3514	0.73999	5.6147	6.3333	60.315	25.427	46.395	187.10	16.866	7.9316	0.011142
108.60	0.97773	23.428	0.042683	1.6767	1.7185	17.775	28.170	70.293	581.49	0.059400	72.980	0.091334	0.0040367	1.3609	0.73481	5.6147	6.3332	60.269	25.449	46.524	187.07	16.837	7.9439	0.011168
108.71	0.98436	23.405	0.042727	1.6840	1.7260	17.842	28.161	70.392	580.21	0.062600	72.761	0.091139	0.0040161	1.3705	0.72967	5.6147	6.3330	60.222	25.471	46.655	187.05	16.807	7.9563	0.011194
108.81	0.99103	23.381	0.042770	1.6912	1.7336	17.909	28.153	70.492	578.93	0.065825	72.542	0.090945	0.0039955	1.3801	0.72457	5.6147	6.3328	60.176	25.493	46.787	187.03	16.778	7.9687	0.011220
108.92	0.99773	23.357	0.042814	1.6984	1.7412	17.976	28.145	70.593	577.65	0.069076	72.324	0.090750	0.0039750	1.3898	0.71952	5.6147	6.3326	60.130	25.515	46.921	187.00	16.749	7.9812	0.011247
109.03	1.0045	23.333	0.042858	1.7057	1.7487	18.043	28.136	70.694	576.37	0.072351	72.107	0.090556	0.0039544	1.3996	0.71450	5.6147	6.3324	60.083	25.537	47.055	186.98	16.719	7.9937	0.011273
109.14	1.0112	23.309	0.042902	1.7130	1.7563	18.110	28.128	70.797	575.08	0.075652	71.890	0.090361	0.0039339	1.4094	0.70952	5.6146	6.3321	60.037	25.559	47.191	186.95	16.690	8.0062	0.011300
109.24	1.0180	23.285	0.042947	1.7202	1.7639	18.177	28.120	70.901	573.79	0.078979	71.674	0.090167	0.0039134	1.4193	0.70458	5.6146	6.3319	59.990	25.582	47.328	186.93	16.661	8.0188	0.011327
109.35	1.0249	23.261	0.042991	1.7275	1.7716	18.244	28.112	71.006	572.51	0.082333	71.458	0.089972	0.0038929	1.4292	0.69967	5.6145	6.3316	59.944	25.604	47.467	186.90	16.632	8.0314	0.011354
109.46	1.0317	23.236	0.043036	1.7348	1.7792	18.311	28.104	71.111	571.22	0.085712	71.243	0.089778	0.0038724	1.4392	0.69481	5.6144	6.3313	59.898	25.627	47.606	186.87	16.603	8.0440	0.011382
109.57	1.0386	23.212	0.043081	1.7421	1.7868	18.378	28.096	71.218	569.92	0.089118	71.028	0.089583	0.0038519	1.4493	0.68998	5.6143	6.3310	59.851	25.649	47.747	186.85	16.574	8.0567	0.011409
109.68	1.0456	23.188	0.043126	1.7494	1.7944	18.445	28.089	71.326	568.63	0.092552	70.814	0.089389	0.0038314	1.4594	0.68519	5.6142	6.3306	59.805	25.672	47.890	186.82	16.545	8.0694	0.011437
109.78	1.0525	23.163	0.043171	1.7567	1.8021	18.512	28.081	71.434	567.33	0.096012	70.600	0.089195	0.0038110	1.4696	0.68044	5.6141	6.3303	59.758	25.695	48.033	186.79	16.516	8.0822	0.011465
109.89	1.0595	23.139	0.043217	1.7640	1.8098	18.579	28.073	71.544	566.03	0.099500	70.387	0.089000	0.0037905	1.4799	0.67573	5.6140	6.3299	59.712	25.718	48.178	186.76	16.487	8.0950	0.011493
110.00	1.0665	23.115	0.043263	1.7713	1.8174	18.646	28.066	71.655	564.73	0.10302	70.175	0.088806	0.0037701	1.4902	0.67105	5.6138	6.3295	59.665	25.741	48.325	186.73	16.458	8.1078	0.011521
110.11	1.0736	23.090	0.043309	1.7786	1.8251	18.713	28.058	71.767	563.43	0.10656	69.963	0.088611	0.0037497	1.5006	0.66640	5.6137	6.3291	59.618	25.764	48.473	186.70	16.429	8.1207	0.011549
110.21	1.0807	23.065	0.043355	1.7859	1.8328	18.780	28.051	71.879	562.13	0.11013	69.751	0.088417	0.0037293	1.5110	0.66180	5.6135	6.3287	59.572	25.787	48.622	186.67	16.400	8.1336	0.011577
110.32	1.0878	23.041	0.043401	1.7933	1.8405	18.847	28.043	71.993	560.82	0.11373	69.540	0.088223	0.0037089	1.5215	0.65722	5.6133	6.3283	59.525	25.810	48.773	186.64	16.372	8.1466	0.011606
110.43	1.0950	23.016	0.043448	1.8006	1.8482	18.914	28.036	72.108	559.52	0.11736	69.329	0.088028	0.0036886	1.5321	0.65269	5.6131	6.3278	59.479	25.834	48.925	186.61	16.343	8.1596	0.011635
110.54	1.1022	22.991	0.043495	1.8080	1.8559	18.981	28.029	72.225	558.21	0.12102	69.119	0.087834	0.0036682	1.5428	0.64818	5.6129	6.3273	59.432	25.857	49.079	186.58	16.314	8.1726	0.011664
110.65	1.1094	22.966	0.043542	1.8153	1.8637	19.048	28.022	72.342	556.90	0.12471	68.910	0.087640	0.0036479	1.5535	0.64371	5.6127	6.3269	59.385	25.881	49.234	186.55	16.286	8.1857	0.011693
110.75	1.1167	22.942	0.043589	1.8227	1.8714	19.115	28.015	72.460	555.58	0.12843	68.701	0.087445	0.0036276	1.5643	0.63928	5.6125	6.3263	59.339	25.905	49.391	186.52	16.257	8.1988	0.011722
110.86	1.1240	22.917	0.043637	1.8301	1.8791	19.182	28.008	72.580	554.27	0.13218	68.492	0.087251	0.0036072	1.5751	0.63488	5.6122	6.3258	59.292	25.928	49.549	186.48	16.229	8.2120	0.011752
110.97	1.1313	22.892	0.043684	1.8375	1.8869	19.249	28.001	72.700	552.95	0.13597	68.284	0.087057	0.0035870	1.5860	0.63051	5.6120	6.3253	59.245	25.952	49.709	186.45	16.200	8.2252	0.011782
111.08	1.1387	22.866	0.043732	1.8449	1.8947	19.316	27.995	72.822	551.63	0.13978	68.076	0.086862	0.0035667	1.5970	0.62617	5.6117	6.3247	59.198	25.976	49.870	186.42	16.172	8.2385	0.011812
111.19	1.1461	22.841	0.043780	1.8523	1.9025	19.383	27.988	72.946	550.31	0.14362	67.869	0.086668	0.0035464	1.6081	0.62187	5.6114	6.3241	59.151	26.000	50.034	186.38	16.143	8.2518	0.011842
111.29	1.1535	22.816	0.043829	1.8597	1.9103	19.450	27.982	73.070	548.98	0.14750	67.663	0.086474	0.0035262	1.6192	0.61760	5.6111	6.3235	59.104	26.025	50.199	186.35	16.115	8.2651	0.011872
111.40	1.1610	22.791	0.043877	1.8671	1.9181	19.517	27.975	73.195	547.66	0.15140	67.456	0.086279	0.0035059	1.6304	0.61336	5.6108	6.3229	59.058	26.049	50.365	186.31	16.087	8.2785	0.011903
111.51	1.1685	22.766	0.043926	1.8745	1.9259	19.585	27.969	73.322	546.33	0.15534	67.251	0.086085	0.0034857	1.6416	0.60915	5.6104	6.3222	59.011	26.073	50.533	186.28	16.058	8.2920	0.011933
111.62	1.1760	22.740	0.043975	1.8820	1.9337	19.652	27.963	73.450	545.00	0.15932	67.045	0.085891	0.0034655	1.6530	0.60498	5.6101	6.3216	58.964	26.098	50.703	186.24	16.030	8.3055	0.011964
111.72	1.1836	22.715	0.044024	1.8894	1.9415	19.719	27.956	73.580	543.67	0.16332	66.840	0.085696	0.0034453	1.6644	0.60083	5.6097	6.3209	58.917	26.123	50.875	186.21	16.002	8.3190	0.011996
111.83	1.1912	22.689	0.044074	1.8969	1.9494	19.786	27.950	73.711	542.33	0.16736	66.636	0.085502	0.0034252	1.6758	0.59672	5.6094	6.3202	58.870	26.147	51.049	186.17	15.973	8.3326	0.012027
111.94	1.1989	22.664	0.044124	1.9043	1.9572	19.853	27.944	73.843	540.99	0.17144	66.432	0.085308	0.0034050	1.6874	0.59263	5.6090	6.3195	58.823	26.172	51.224	186.13	15.945	8.3462	0.012058
112.05	1.2065	22.638	0.044174	1.9118	1.9651	19.921	27.938	73.976	539.65	0.17555	66.228	0.085114	0.0033849	1.6990	0.58858	5.6086	6.3187	58.775	26.197	51.401	186.09	15.917	8.3599	0.012090
112.16	1.2143	22.612	0.044224	1.9193	1.9730	19.988	27.933	74.111	538.31	0.17969	66.025	0.084919	0.0033647	1.7107	0.58455	5.6082	6.3179	58.728	26.222	51.580	186.06	15.889	8.3736	0.012122
112.26	1.2220	22.586	0.044275	1.9268	1.9809	20.055	27.927	74.247	536.97	0.18387	65.822	0.084725	0.0033446	1.7225	0.58056	5.6077	6.3172	58.681	26.248	51.761	186.02	15.861	8.3874	0.012154
112.37	1.2298	22.560	0.044325	1.9343	1.9888	20.123	27.921	74.384	535.62	0.18809	65.620	0.084531	0.0033245	1.7343	0.57659	5.6073	6.3164	58.634	26.273	51.944	185.98	15.833	8.4012	0.012187
112.48	1.2376	22.535	0.044376	1.9418	1.9967	20.190	27.916	74.523	534.28	0.19234	65.418	0.084337	0.0033044	1.7462	0.57266	5.6068	6.3155	58.586	26.298	52.129	185.94	15.805	8.4151	0.012219
112.59	1.2455	22.509	0.044428	1.9493	2.0046	20.257	27.911	74.664	532.92	0.19663	65.217	0.084143	0.0032844	1.7582	0.56875	5.6063	6.3147	58.539	26.324	52.316	185.90	15.777	8.4290	0.012252
112.70	1.2533	22.482	0.044479	1.9568	2.0126	20.325	27.905	74.806	531.57	0.20095	65.016	0.083948	0.0032643	1.7703	0.56487	5.6058	6.3138	58.492	26.350	52.505	185.86	15.749	8.4430	0.012285
112.80	1.2613	22.456	0.044531	1.9644	2.0205	20.392	27.900	74.949	530.22	0.20532	64.815	0.083754	0.0032443	1.7825	0.56102	5.6053	6.3129	58.444	26.375	52.696	185.82	15.721	8.4570	0.012319
112.91	1.2692	22.430	0.044583	1.9719	2.0285	20.460	27.895	75.094	528.86	0.20972	64.615	0.083560	0.0032243	1.7947	0.55720	5.6048	6.3120	58.397	26.401	52.889	185.77	15.693	8.4711	0.012352
113.02	1.2772	22.404	0.044635	1.9795	2.0365	20.527	27.890	75.240	527.50	0.21416	64.415	0.083366	0.0032043	1.8070	0.55340	5.6043	6.3111	58.349	26.427	53.085	185.73	15.665	8.4853	0.012386
113.13	1.2853	22.377	0.044688	1.9870	2.0445	20.595	27.885	75.388	526.14	0.21863	64.215	0.083172	0.0031843	1.8194	0.54963	5.6037	6.3101	58.302	26.454	53.282	185.69	15.637	8.4994	0.012420
113.23	1.2933	22.351	0.044741	1.9946	2.0525	20.662	27.880	75.538	524.77	0.22315	64.016	0.082978	0.0031643	1.8319	0.54589	5.6031	6.3092	58.254	26.480	53.482	185.65	15.609	8.5137	0.012455
113.34	1.3014	22.325	0.044794	2.0022	2.0605	20.730	27.876	75.689	523.40	0.22771	63.817	0.082783	0.0031444	1.8444	0.54217	5.6026	6.3082	58.206	26.506	53.684	185.60	15.581	8.5280	0.012489
113.45	1.3096	22.298	0.044847	2.0098	2.0685	20.797	27.871	75.842	522.03	0.23231	63.619	0.082589	0.0031244	1.8571	0.53849	5.6020	6.3071	58.158	26.533	53.888	185.56	15.553	8.5424	0.012524
113.56	1.3178	22.271	0.044901	2.0174	2.0766	20.865	27.867	75.996	520.66	0.23695	63.421	0.082395	0.0031045	1.8698	0.53482	5.6013	6.3061	58.110	26.560	54.094	185.52	15.525	8.5568	0.012559
113.67	1.3260	22.245	0.044955	2.0250	2.0846	20.932	27.863	76.152	519.29	0.24163	63.223	0.082201	0.0030846	1.8826	0.53119	5.6007	6.3050	58.063	26.586	54.303	185.47	15.497	8.5712	0.012594
113.77	1.3342	22.218	0.045009	2.0326	2.0927	21.000	27.858	76.310	517.91	0.24635	63.026	0.082007	0.0030647	1.8955	0.52758	5.6000	6.3040	58.015	26.613	54.515	185.43	15.469	8.5858	0.012630
113.88	1.3425	22.191	0.045063	2.0403	2.1008	21.068	27.854	76.470	516.53	0.25112	62.829	0.081813	0.0030449	1.9084	0.52399	5.5994	6.3029	57.967	26.641	54.728	185.38	15.441	8.6004	0.012666
113.99	1.3509	22.164	0.045118	2.0479	2.1089	21.136	27.850	76.631	515.15	0.25593	62.632	0.081619	0.0030250	1.9215	0.52043	5.5987	6.3017	57.919	26.668	54.945	185.33	15.413	8.6150	0.012702
114.10	1.3592	22.137	0.045173	2.0556	2.1170	21.203	27.847	76.794	513.76	0.26078	62.436	0.081425	0.0030052	1.9346	0.51690	5.5980	6.3006	57.870	26.695	55.163	185.29	15.386	8.6297	0.012738
114.20	1.3676	22.110	0.045229	2.0632	2.1251	21.271	27.843	76.959	512.37	0.26568	62.240	0.081231	0.0029854	1.9478	0.51339	5.5973	6.2994	57.822	26.723	55.385	185.24	15.358	8.6445	0.012775
114.31	1.3761	22.083	0.045284	2.0709	2.1332	21.339	27.839	77.126	510.98	0.27062	62.045	0.081037	0.0029656	1.9611	0.50991	5.5965	6.2982	57.774	26.750	55.609	185.19	15.330	8.6593	0.012812
114.42	1.3845	22.055	0.045340	2.0786	2.1414	21.407	27.836	77.295	509.59	0.27561	61.849	0.080843	0.0029458	1.9745	0.50645	5.5958	6.2970	57.726	26.778	55.835	185.14	15.302	8.6742	0.012849
114.53	1.3930	22.028	0.045397	2.0863	2.1495	21.475	27.832	77.466	508.19	0.28064	61.654	0.080649	0.0029260	1.9880	0.50301	5.5950	6.2957	57.677	26.806	56.065	185.10	15.274	8.6892	0.012886
114.64	1.4016	22.001	0.045453	2.0940	2.1577	21.543	27.829	77.638	506.80	0.28572	61.460	0.080455	0.0029063	2.0016	0.49960	5.5942	6.2944	57.629	26.834	56.297	185.05	15.246	8.7042	0.012924
114.74	1.4102	21.973	0.045510	2.1017	2.1659	21.611	27.826	77.813	505.39	0.29085	61.265	0.080261	0.0028865	2.0153	0.49621	5.5934	6.2932	57.580	26.862	56.532	185.00	15.219	8.7193	0.012962
114.85	1.4188	21.946	0.045567	2.1094	2.1741	21.679	27.823	77.990	503.99	0.29602	61.071	0.080067	0.0028668	2.0290	0.49284	5.5926	6.2918	57.531	26.891	56.769	184.95	15.191	8.7344	0.013001
114.96	1.4275	21.918	0.045625	2.1172	2.1823	21.747	27.820	78.168	502.58	0.30124	60.878	0.079873	0.0028471	2.0429	0.48950	5.5917	6.2905	57.483	26.919	57.010	184.90	15.163	8.7496	0.013040
115.07	1.4362	21.890	0.045683	2.1249	2.1905	21.815	27.818	78.349	501.17	0.30652	60.684	0.079679	0.0028274	2.0568	0.48618	5.5909	6.2891	57.434	26.948	57.254	184.85	15.135	8.7649	0.013079
115.18	1.4449	21.862	0.045741	2.1327	2.1988	21.883	27.815	78.532	499.76	0.31184	60.491	0.079485	0.0028078	2.0709	0.48288	5.5900	6.2877	57.385	26.977	57.500	184.79	15.107	8.7803	0.013118
115.28	1.4537	21.834	0.045800	2.1405	2.2071	21.951	27.813	78.717	498.34	0.31721	60.299	0.079291	0.0027881	2.0850	0.47961	5.5891	6.2863	57.336	27.006	57.750	184.74	15.079	8.7957	0.013158
115.39	1.4625	21.806	0.045858	2.1483	2.2153	22.020	27.810	78.904	496.93	0.32264	60.106	0.079097	0.0027685	2.0993	0.47636	5.5882	6.2849	57.287	27.035	58.003	184.69	15.052	8.8112	0.013197
115.50	1.4714	21.778	0.045918	2.1561	2.2236	22.088	27.808	79.094	495.50	0.32812	59.914	0.078903	0.0027489	2.1136	0.47313	5.5872	6.2834	57.238	27.064	58.259	184.64	15.024	8.8267	0.013238
115.61	1.4802	21.750	0.045977	2.1639	2.2319	22.156	27.806	79.285	494.08	0.33365	59.722	0.078709	0.0027293	2.1280	0.46992	5.5863	6.2819	57.188	27.094	58.518	184.58	14.996	8.8423	0.013278
115.71	1.4892	21.722	0.046037	2.1717	2.2402	22.225	27.804	79.480	492.65	0.33923	59.530	0.078515	0.0027097	2.1425	0.46674	5.5853	6.2804	57.139	27.123	58.781	184.53	14.968	8.8580	0.013319
115.82	1.4981	21.693	0.046097	2.1795	2.2486	22.293	27.803	79.676	491.22	0.34487	59.339	0.078321	0.0026902	2.1572	0.46357	5.5843	6.2788	57.090	27.153	59.047	184.48	14.940	8.8738	0.013361
115.93	1.5071	21.665	0.046158	2.1874	2.2569	22.362	27.801	79.875	489.79	0.35056	59.148	0.078127	0.0026706	2.1719	0.46043	5.5833	6.2772	57.040	27.183	59.317	184.42	14.912	8.8897	0.013402
116.04	1.5162	21.636	0.046219	2.1952	2.2653	22.430	27.800	80.076	488.35	0.35631	58.957	0.077933	0.0026511	2.1867	0.45731	5.5823	6.2756	56.991	27.213	59.590	184.36	14.884	8.9056	0.013444
116.15	1.5253	21.608	0.046280	2.2031	2.2737	22.499	27.798	80.280	486.91	0.36211	58.766	0.077740	0.0026316	2.2016	0.45421	5.5812	6.2740	56.941	27.244	59.866	184.31	14.856	8.9216	0.013487
116.25	1.5344	21.579	0.046342	2.2110	2.2821	22.567	27.797	80.486	485.47	0.36797	58.576	0.077546	0.0026121	2.2167	0.45113	5.5801	6.2724	56.891	27.274	60.147	184.25	14.828	8.9377	0.013530
116.36	1.5436	21.550	0.046404	2.2189	2.2905	22.636	27.796	80.695	484.02	0.37389	58.386	0.077352	0.0025927	2.2318	0.44807	5.5791	6.2707	56.841	27.305	60.431	184.20	14.800	8.9538	0.013573
116.47	1.5528	21.521	0.046466	2.2268	2.2989	22.705	27.796	80.907	482.57	0.37987	58.196	0.077158	0.0025732	2.2470	0.44503	5.5779	6.2690	56.791	27.336	60.718	184.14	14.772	8.9701	0.013616
116.58	1.5620	21.492	0.046529	2.2347	2.3074	22.774	27.795	81.121	481.12	0.38591	58.006	0.076964	0.0025538	2.2624	0.44201	5.5768	6.2672	56.741	27.367	61.010	184.08	14.744	8.9864	0.013660
116.68	1.5713	21.463	0.046592	2.2426	2.3159	22.843	27.795	81.338	479.66	0.39201	57.817	0.076771	0.0025344	2.2779	0.43901	5.5756	6.2655	56.691	27.398	61.306	184.02	14.716	9.0028	0.013704
116.79	1.5806	21.434	0.046656	2.2506	2.3243	22.911	27.794	81.558	478.20	0.39817	57.628	0.076577	0.0025150	2.2934	0.43603	5.5745	6.2637	56.641	27.429	61.606	183.96	14.688	9.0192	0.013749
116.90	1.5900	21.404	0.046720	2.2586	2.3328	22.980	27.794	81.780	476.74	0.40440	57.439	0.076383	0.0024956	2.3091	0.43307	5.5733	6.2618	56.590	27.461	61.909	183.90	14.660	9.0358	0.013794
117.01	1.5994	21.375	0.046784	2.2665	2.3414	23.050	27.794	82.006	475.28	0.41069	57.250	0.076189	0.0024763	2.3249	0.43013	5.5720	6.2600	56.540	27.493	62.217	183.84	14.632	9.0525	0.013839
117.12	1.6088	21.345	0.046849	2.2745	2.3499	23.119	27.794	82.234	473.81	0.41704	57.061	0.075996	0.0024570	2.3408	0.42721	5.5708	6.2581	56.489	27.525	62.530	183.78	14.604	9.0692	0.013885
117.22	1.6183	21.316	0.046914	2.2825	2.3584	23.188	27.795	82.466	472.33	0.42346	56.873	0.075802	0.0024376	2.3568	0.42431	5.5695	6.2562	56.438	27.557	62.846	183.72	14.576	9.0860	0.013932
117.33	1.6278	21.286	0.046979	2.2905	2.3670	23.257	27.795	82.700	470.86	0.42994	56.685	0.075608	0.0024184	2.3729	0.42142	5.5683	6.2543	56.387	27.589	63.168	183.66	14.547	9.1029	0.013978
117.44	1.6374	21.256	0.047045	2.2986	2.3756	23.326	27.796	82.938	469.38	0.43650	56.497	0.075415	0.0023991	2.3892	0.41856	5.5669	6.2523	56.336	27.622	63.493	183.60	14.519	9.1199	0.014026
117.55	1.6470	21.226	0.047112	2.3066	2.3842	23.396	27.797	83.179	467.89	0.44312	56.309	0.075221	0.0023798	2.4055	0.41571	5.5656	6.2503	56.285	27.655	63.824	183.54	14.491	9.1370	0.014073
117.66	1.6566	21.196	0.047179	2.3147	2.3928	23.465	27.798	83.423	466.41	0.44981	56.121	0.075027	0.0023606	2.4220	0.41288	5.5643	6.2483	56.234	27.688	64.159	183.48	14.463	9.1542	0.014121
117.76	1.6663	21.166	0.047246	2.3227	2.4015	23.535	27.799	83.670	464.92	0.45657	55.934	0.074834	0.0023414	2.4386	0.41007	5.5629	6.2462	56.183	27.721	64.499	183.41	14.434	9.1714	0.014170
117.87	1.6760	21.136	0.047314	2.3308	2.4101	23.604	27.801	83.921	463.42	0.46341	55.747	0.074640	0.0023222	2.4553	0.40728	5.5615	6.2441	56.131	27.754	64.844	183.35	14.406	9.1888	0.014219
117.98	1.6858	21.105	0.047382	2.3389	2.4188	23.674	27.802	84.175	461.92	0.47031	55.560	0.074447	0.0023030	2.4722	0.40451	5.5601	6.2420	56.080	27.788	65.194	183.28	14.377	9.2063	0.014268
118.09	1.6956	21.075	0.047450	2.3471	2.4275	23.744	27.804	84.433	460.42	0.47729	55.373	0.074253	0.0022839	2.4891	0.40175	5.5586	6.2398	56.028	27.822	65.550	183.22	14.349	9.2238	0.014318
118.19	1.7054	21.044	0.047519	2.3552	2.4362	23.814	27.806	84.695	458.92	0.48435	55.186	0.074059	0.0022648	2.5062	0.39901	5.5571	6.2376	55.976	27.856	65.910	183.16	14.320	9.2415	0.014369
118.30	1.7153	21.013	0.047589	2.3633	2.4450	23.884	27.809	84.960	457.41	0.49148	54.999	0.073866	0.0022457	2.5234	0.39629	5.5556	6.2354	55.924	27.890	66.276	183.09	14.292	9.2593	0.014419
118.41	1.7253	20.983	0.047659	2.3715	2.4537	23.954	27.811	85.229	455.89	0.49870	54.813	0.073672	0.0022266	2.5408	0.39358	5.5541	6.2331	55.872	27.924	66.648	183.02	14.263	9.2771	0.014471
118.52	1.7352	20.952	0.047729	2.3797	2.4625	24.024	27.814	85.502	454.38	0.50599	54.627	0.073479	0.0022075	2.5582	0.39089	5.5526	6.2309	55.819	27.959	67.025	182.96	14.234	9.2951	0.014523
118.63	1.7452	20.920	0.047800	2.3879	2.4713	24.094	27.817	85.779	452.86	0.51336	54.440	0.073285	0.0021885	2.5758	0.38822	5.5510	6.2285	55.767	27.994	67.409	182.89	14.205	9.3131	0.014575
118.73	1.7553	20.889	0.047872	2.3961	2.4801	24.164	27.820	86.059	451.33	0.52081	54.254	0.073092	0.0021694	2.5936	0.38557	5.5494	6.2262	55.714	28.029	67.798	182.82	14.177	9.3313	0.014628
118.84	1.7654	20.858	0.047943	2.4043	2.4890	24.235	27.823	86.344	449.80	0.52835	54.068	0.072899	0.0021504	2.6114	0.38293	5.5478	6.2238	55.662	28.065	68.193	182.75	14.148	9.3496	0.014682
118.95	1.7755	20.826	0.048016	2.4126	2.4978	24.305	27.827	86.634	448.27	0.53597	53.882	0.072705	0.0021315	2.6294	0.38031	5.5461	6.2214	55.609	28.101	68.594	182.68	14.119	9.3680	0.014736
119.06	1.7857	20.795	0.048089	2.4208	2.5067	24.375	27.831	86.927	446.73	0.54368	53.697	0.072512	0.0021125	2.6476	0.37770	5.5444	6.2189	55.555	28.137	69.002	182.61	14.090	9.3865	0.014791
119.17	1.7959	20.763	0.048162	2.4291	2.5156	24.446	27.835	87.225	445.19	0.55147	53.511	0.072318	0.0020936	2.6659	0.37511	5.5427	6.2164	55.502	28.173	69.417	182.54	14.061	9.4051	0.014846
119.27	1.8062	20.731	0.048236	2.4374	2.5245	24.517	27.839	87.527	443.64	0.55936	53.325	0.072125	0.0020747	2.6843	0.37254	5.5410	6.2139	55.449	28.209	69.838	182.47	14.032	9.4239	0.014902
119.38	1.8165	20.699	0.048311	2.4457	2.5335	24.588	27.843	87.834	442.09	0.56733	53.140	0.071932	0.0020558	2.7029	0.36998	5.5392	6.2113	55.395	28.246	70.266	182.40	14.002	9.4427	0.014958
119.49	1.8269	20.667	0.048386	2.4540	2.5424	24.658	27.848	88.146	440.54	0.57540	52.955	0.071738	0.0020369	2.7216	0.36744	5.5375	6.2087	55.342	28.283	70.701	182.33	13.973	9.4617	0.015015
119.60	1.8372	20.635	0.048461	2.4624	2.5514	24.729	27.853	88.463	438.98	0.58356	52.769	0.071545	0.0020180	2.7404	0.36491	5.5357	6.2061	55.288	28.320	71.143	182.26	13.944	9.4808	0.015073
119.70	1.8477	20.603	0.048537	2.4708	2.5604	24.801	27.858	88.784	437.42	0.59181	52.584	0.071352	0.0019992	2.7594	0.36240	5.5338	6.2034	55.234	28.358	71.592	182.19	13.914	9.5000	0.015131
119.81	1.8582	20.570	0.048614	2.4791	2.5695	24.872	27.864	89.111	435.85	0.60017	52.399	0.071159	0.0019804	2.7786	0.35990	5.5319	6.2007	55.179	28.395	72.049	182.11	13.885	9.5193	0.015190
119.92	1.8687	20.538	0.048691	2.4875	2.5785	24.943	27.869	89.443	434.28	0.60862	52.214	0.070966	0.0019616	2.7979	0.35742	5.5300	6.1979	55.125	28.434	72.514	182.04	13.855	9.5388	0.015250
120.03	1.8792	20.505	0.048769	2.4960	2.5876	25.014	27.875	89.780	432.70	0.61717	52.029	0.070772	0.0019429	2.8173	0.35495	5.5281	6.1951	55.070	28.472	72.987	181.97	13.825	9.5584	0.015310
120.14	1.8898	20.472	0.048848	2.5044	2.5967	25.086	27.882	90.122	431.12	0.62583	51.844	0.070579	0.0019242	2.8369	0.35249	5.5261	6.1923	55.015	28.511	73.468	181.89	13.796	9.5781	0.015371
120.24	1.9005	20.439	0.048927	2.5129	2.6059	25.158	27.888	90.471	429.54	0.63459	51.659	0.070386	0.0019055	2.8567	0.35006	5.5242	6.1894	54.960	28.549	73.957	181.82	13.766	9.5980	0.015433
120.35	1.9112	20.406	0.049006	2.5214	2.6150	25.229	27.895	90.825	427.95	0.64345	51.474	0.070193	0.0018868	2.8766	0.34763	5.5221	6.1865	54.905	28.589	74.455	181.74	13.736	9.6180	0.015495
120.46	1.9219	20.372	0.049087	2.5299	2.6242	25.301	27.902	91.184	426.35	0.65243	51.289	0.070000	0.0018681	2.8967	0.34522	5.5201	6.1836	54.850	28.628	74.962	181.67	13.706	9.6381	0.015558
120.57	1.9327	20.339	0.049167	2.5384	2.6334	25.373	27.910	91.550	424.75	0.66151	51.104	0.069807	0.0018495	2.9169	0.34282	5.5180	6.1806	54.794	28.668	75.477	181.59	13.676	9.6584	0.015622
120.67	1.9435	20.305	0.049249	2.5469	2.6426	25.445	27.917	91.922	423.15	0.67071	50.919	0.069614	0.0018309	2.9374	0.34044	5.5159	6.1776	54.738	28.708	76.002	181.51	13.646	9.6788	0.015687
120.78	1.9544	20.271	0.049331	2.5555	2.6519	25.518	27.925	92.301	421.54	0.68002	50.734	0.069421	0.0018123	2.9579	0.33807	5.5137	6.1745	54.682	28.749	76.537	181.43	13.615	9.6993	0.015752
120.89	1.9653	20.237	0.049414	2.5641	2.6612	25.590	27.933	92.685	419.92	0.68945	50.549	0.069228	0.0017937	2.9787	0.33572	5.5116	6.1714	54.626	28.790	77.081	181.36	13.585	9.7200	0.015818
121.00	1.9763	20.203	0.049497	2.5727	2.6705	25.662	27.942	93.077	418.30	0.69900	50.364	0.069035	0.0017752	2.9996	0.33338	5.5094	6.1682	54.570	28.831	77.635	181.28	13.554	9.7409	0.015885
121.11	1.9873	20.169	0.049582	2.5813	2.6798	25.735	27.951	93.476	416.67	0.70867	50.180	0.068842	0.0017567	3.0207	0.33105	5.5071	6.1650	54.513	28.872	78.200	181.20	13.524	9.7619	0.015953
121.21	1.9983	20.134	0.049666	2.5899	2.6892	25.808	27.960	93.881	415.04	0.71846	49.995	0.068649	0.0017382	3.0420	0.32873	5.5048	6.1617	54.456	28.914	78.775	181.12	13.493	9.7831	0.016022
121.32	2.0094	20.100	0.049752	2.5986	2.6986	25.881	27.970	94.294	413.41	0.72838	49.810	0.068457	0.0017197	3.0635	0.32643	5.5025	6.1585	54.399	28.956	79.362	181.04	13.462	9.8044	0.016091
121.43	2.0206	20.065	0.049838	2.6073	2.7080	25.954	27.980	94.714	411.77	0.73843	49.625	0.068264	0.0017013	3.0851	0.32414	5.5002	6.1551	54.342	28.999	79.959	180.96	13.431	9.8259	0.016162
121.54	2.0317	20.030	0.049925	2.6160	2.7174	26.027	27.990	95.142	410.12	0.74861	49.439	0.068071	0.0016829	3.1069	0.32186	5.4978	6.1517	54.284	29.041	80.568	180.87	13.400	9.8475	0.016233
121.65	2.0430	19.995	0.050013	2.6247	2.7269	26.100	28.000	95.578	408.47	0.75892	49.254	0.067878	0.0016645	3.1289	0.31960	5.4954	6.1483	54.226	29.085	81.189	180.79	13.369	9.8693	0.016305
121.75	2.0542	19.960	0.050101	2.6335	2.7364	26.174	28.011	96.022	406.81	0.76937	49.069	0.067686	0.0016461	3.1511	0.31734	5.4929	6.1448	54.168	29.128	81.822	180.71	13.337	9.8913	0.016378
121.86	2.0656	19.924	0.050190	2.6423	2.7459	26.247	28.023	96.474	405.15	0.77996	48.884	0.067493	0.0016278	3.1735	0.31510	5.4904	6.1413	54.110	29.172	82.468	180.62	13.306	9.9135	0.016453
121.97	2.0769	19.888	0.050280	2.6511	2.7555	26.321	28.034	96.935	403.48	0.79069	48.698	0.067301	0.0016095	3.1961	0.31288	5.4879	6.1377	54.051	29.216	83.127	180.54	13.274	9.9358	0.016528
122.08	2.0883	19.853	0.050371	2.6599	2.7651	26.395	28.046	97.405	401.81	0.80157	48.513	0.067108	0.0015912	3.2189	0.31066	5.4853	6.1341	53.992	29.261	83.799	180.46	13.242	9.9583	0.016604
122.18	2.0998	19.817	0.050463	2.6688	2.7747	26.469	28.059	97.883	400.13	0.81260	48.327	0.066916	0.0015729	3.2419	0.30846	5.4827	6.1304	53.933	29.306	84.485	180.37	13.210	9.9810	0.016681
122.29	2.1113	19.780	0.050555	2.6777	2.7844	26.543	28.071	98.372	398.44	0.82377	48.141	0.066723	0.0015547	3.2651	0.30627	5.4801	6.1267	53.874	29.352	85.185	180.29	13.178	10.004	0.016759
122.40	2.1228	19.744	0.050649	2.6866	2.7941	26.618	28.085	98.869	396.75	0.83510	47.956	0.066531	0.0015365	3.2886	0.30408	5.4774	6.1229	53.814	29.398	85.900	180.20	13.146	10.027	0.016839
122.51	2.1344	19.707	0.050743	2.6955	2.8038	26.692	28.098	99.377	395.05	0.84660	47.770	0.066339	0.0015183	3.3122	0.30192	5.4746	6.1191	53.754	29.444	86.630	180.11	13.114	10.050	0.016919
122.62	2.1461	19.671	0.050838	2.7045	2.8136	26.767	28.112	99.895	393.34	0.85825	47.583	0.066147	0.0015002	3.3360	0.29976	5.4719	6.1152	53.694	29.491	87.376	180.02	13.081	10.074	0.017001
122.72	2.1578	19.633	0.050933	2.7134	2.8233	26.842	28.127	100.42	391.63	0.87006	47.397	0.065954	0.0014821	3.3601	0.29761	5.4691	6.1112	53.633	29.538	88.138	179.94	13.049	10.097	0.017083
122.83	2.1695	19.596	0.051030	2.7225	2.8332	26.917	28.142	100.96	389.92	0.88205	47.211	0.065762	0.0014640	3.3844	0.29548	5.4662	6.1073	53.572	29.586	88.916	179.85	13.016	10.121	0.017167
122.94	2.1813	19.559	0.051128	2.7315	2.8430	26.993	28.157	101.51	388.19	0.89421	47.024	0.065570	0.0014459	3.4089	0.29335	5.4633	6.1032	53.511	29.634	89.711	179.76	12.983	10.145	0.017252
123.05	2.1931	19.521	0.051226	2.7406	2.8529	27.068	28.173	102.08	386.46	0.90655	46.837	0.065378	0.0014279	3.4336	0.29124	5.4604	6.0991	53.450	29.683	90.525	179.67	12.950	10.170	0.017339
123.15	2.2050	19.483	0.051326	2.7497	2.8628	27.144	28.189	102.65	384.73	0.91906	46.650	0.065186	0.0014099	3.4586	0.28913	5.4574	6.0949	53.388	29.732	91.356	179.58	12.916	10.194	0.017426
123.26	2.2169	19.445	0.051426	2.7588	2.8728	27.220	28.206	103.24	382.98	0.93176	46.463	0.064995	0.0013919	3.4838	0.28704	5.4544	6.0907	53.326	29.781	92.207	179.49	12.883	10.219	0.017515
123.37	2.2289	19.407	0.051528	2.7680	2.8828	27.296	28.223	103.84	381.23	0.94465	46.275	0.064803	0.0013740	3.5093	0.28496	5.4513	6.0864	53.263	29.831	93.077	179.39	12.849	10.244	0.017606
123.48	2.2409	19.368	0.051630	2.7772	2.8929	27.372	28.240	104.45	379.48	0.95774	46.088	0.064611	0.0013561	3.5350	0.28289	5.4482	6.0821	53.200	29.882	93.967	179.30	12.815	10.269	0.017698
123.59	2.2530	19.330	0.051734	2.7864	2.9029	27.449	28.259	105.08	377.71	0.97102	45.900	0.064420	0.0013382	3.5609	0.28083	5.4450	6.0777	53.137	29.933	94.879	179.21	12.781	10.295	0.017791
123.69	2.2651	19.291	0.051838	2.7956	2.9131	27.525	28.277	105.72	375.94	0.98450	45.711	0.064228	0.0013204	3.5871	0.27877	5.4418	6.0732	53.074	29.984	95.812	179.11	12.747	10.320	0.017885
123.80	2.2773	19.251	0.051944	2.8049	2.9232	27.602	28.296	106.38	374.16	0.99820	45.523	0.064037	0.0013025	3.6136	0.27673	5.4385	6.0687	53.010	30.036	96.768	179.02	12.712	10.346	0.017982
123.91	2.2895	19.212	0.052051	2.8142	2.9334	27.680	28.316	107.05	372.38	1.0121	45.334	0.063846	0.0012848	3.6404	0.27470	5.4352	6.0641	52.946	30.089	97.747	178.92	12.678	10.372	0.018079
124.02	2.3017	19.172	0.052159	2.8236	2.9436	27.757	28.336	107.74	370.58	1.0262	45.145	0.063655	0.0012670	3.6674	0.27268	5.4318	6.0595	52.881	30.142	98.750	178.83	12.643	10.399	0.018179
124.13	2.3140	19.132	0.052268	2.8330	2.9539	27.835	28.357	108.44	368.78	1.0406	44.956	0.063464	0.0012493	3.6947	0.27066	5.4284	6.0547	52.816	30.196	99.779	178.73	12.608	10.426	0.018280
124.23	2.3264	19.092	0.052378	2.8424	2.9642	27.913	28.379	109.16	366.98	1.0551	44.766	0.063273	0.0012316	3.7222	0.26866	5.4249	6.0499	52.751	30.250	100.83	178.63	12.572	10.453	0.018382
124.34	2.3388	19.051	0.052489	2.8519	2.9746	27.991	28.401	109.90	365.16	1.0700	44.576	0.063082	0.0012139	3.7501	0.26666	5.4214	6.0451	52.685	30.305	101.92	178.53	12.537	10.480	0.018487
124.45	2.3513	19.011	0.052602	2.8613	2.9850	28.069	28.423	110.66	363.34	1.0850	44.385	0.062891	0.0011963	3.7782	0.26468	5.4178	6.0402	52.619	30.360	103.02	178.44	12.501	10.507	0.018593
124.56	2.3638	18.970	0.052716	2.8709	2.9955	28.148	28.447	111.43	361.51	1.1003	44.195	0.062701	0.0011787	3.8067	0.26270	5.4142	6.0352	52.552	30.416	104.16	178.34	12.465	10.535	0.018701
124.66	2.3763	18.928	0.052831	2.8804	3.0060	28.227	28.471	112.23	359.67	1.1159	44.003	0.062510	0.0011612	3.8354	0.26073	5.4105	6.0301	52.485	30.473	105.33	178.24	12.428	10.563	0.018811
124.77	2.3889	18.887	0.052948	2.8900	3.0165	28.306	28.495	113.05	357.82	1.1317	43.812	0.062320	0.0011436	3.8645	0.25877	5.4067	6.0249	52.417	30.530	106.53	178.13	12.392	10.592	0.018923
124.88	2.4016	18.845	0.053065	2.8997	3.0271	28.386	28.520	113.88	355.96	1.1478	43.620	0.062130	0.0011262	3.8938	0.25682	5.4029	6.0197	52.349	30.588	107.77	178.03	12.355	10.621	0.019037
124.99	2.4143	18.802	0.053185	2.9094	3.0378	28.465	28.546	114.74	354.10	1.1641	43.427	0.061941	0.0011087	3.9235	0.25487	5.3991	6.0144	52.281	30.647	109.04	177.93	12.318	10.650	0.019153
125.10	2.4271	18.760	0.053305	2.9191	3.0485	28.546	28.573	115.63	352.22	1.1807	43.234	0.061751	0.0010913	3.9536	0.25294	5.3951	6.0090	52.212	30.706	110.34	177.83	12.281	10.679	0.019271
125.20	2.4399	18.717	0.053427	2.9289	3.0592	28.626	28.600	116.54	350.34	1.1977	43.041	0.061562	0.0010739	3.9839	0.25101	5.3911	6.0035	52.142	30.766	111.68	177.72	12.243	10.709	0.019391
125.31	2.4527	18.674	0.053551	2.9387	3.0700	28.707	28.628	117.47	348.45	1.2149	42.847	0.061372	0.0010566	4.0146	0.24909	5.3871	5.9980	52.072	30.827	113.06	177.62	12.205	10.739	0.019514
125.42	2.4656	18.630	0.053676	2.9485	3.0809	28.788	28.657	118.43	346.55	1.2324	42.653	0.061183	0.0010392	4.0457	0.24718	5.3829	5.9924	52.002	30.888	114.48	177.51	12.167	10.770	0.019639
125.53	2.4786	18.586	0.053803	2.9584	3.0918	28.869	28.687	119.42	344.64	1.2503	42.458	0.060995	0.0010220	4.0771	0.24527	5.3787	5.9867	51.931	30.951	115.94	177.41	12.128	10.801	0.019766
125.64	2.4916	18.542	0.053931	2.9684	3.1028	28.951	28.717	120.43	342.72	1.2684	42.262	0.060806	0.0010047	4.1089	0.24337	5.3745	5.9808	51.859	31.014	117.45	177.30	12.090	10.832	0.019896
125.74	2.5047	18.498	0.054061	2.9784	3.1138	29.033	28.748	121.48	340.79	1.2870	42.066	0.060618	0.00098755	4.1411	0.24148	5.3701	5.9750	51.787	31.077	119.00	177.19	12.050	10.864	0.020029
125.85	2.5178	18.453	0.054192	2.9884	3.1249	29.116	28.780	122.56	338.85	1.3058	41.869	0.060431	0.00097039	4.1737	0.23960	5.3657	5.9690	51.714	31.142	120.61	177.08	12.011	10.896	0.020164
125.96	2.5310	18.408	0.054326	2.9985	3.1360	29.198	28.813	123.67	336.90	1.3250	41.672	0.060243	0.00095327	4.2066	0.23772	5.3612	5.9629	51.641	31.207	122.26	176.97	11.971	10.928	0.020302
126.07	2.5442	18.362	0.054461	3.0087	3.1472	29.282	28.847	124.82	334.94	1.3446	41.474	0.060056	0.00093619	4.2400	0.23585	5.3567	5.9567	51.567	31.274	123.96	176.86	11.931	10.961	0.020443
126.17	2.5575	18.316	0.054598	3.0189	3.1585	29.365	28.882	126.00	332.97	1.3645	41.275	0.059869	0.00091915	4.2738	0.23399	5.3520	5.9504	51.493	31.341	125.73	176.75	11.890	10.994	0.020587
126.28	2.5708	18.269	0.054736	3.0291	3.1698	29.449	28.918	127.22	330.99	1.3848	41.076	0.059683	0.00090215	4.3080	0.23213	5.3473	5.9440	51.418	31.409	127.54	176.63	11.850	11.028	0.020734
126.39	2.5842	18.222	0.054877	3.0394	3.1812	29.534	28.955	128.48	329.00	1.4056	40.876	0.059497	0.00088519	4.3426	0.23028	5.3425	5.9376	51.342	31.478	129.43	176.52	11.808	11.062	0.020884
126.50	2.5976	18.175	0.055020	3.0498	3.1927	29.618	28.992	129.79	327.00	1.4267	40.675	0.059312	0.00086828	4.3777	0.22843	5.3376	5.9310	51.265	31.548	131.37	176.40	11.767	11.097	0.021038
126.61	2.6111	18.127	0.055165	3.0602	3.2042	29.704	29.031	131.13	324.98	1.4483	40.473	0.059127	0.00085140	4.4133	0.22659	5.3326	5.9243	51.188	31.618	133.39	176.29	11.725	11.132	0.021195
126.71	2.6246	18.079	0.055312	3.0707	3.2158	29.790	29.071	132.53	322.96	1.4703	40.270	0.058943	0.00083457	4.4493	0.22475	5.3276	5.9175	51.110	31.690	135.47	176.17	11.682	11.168	0.021355
126.82	2.6382	18.031	0.055461	3.0812	3.2275	29.876	29.112	133.97	320.92	1.4928	40.067	0.058759	0.00081779	4.4858	0.22292	5.3224	5.9105	51.032	31.763	137.63	176.05	11.639	11.204	0.021520
126.93	2.6519	17.981	0.055613	3.0918	3.2393	29.963	29.154	135.47	318.87	1.5157	39.863	0.058576	0.00080105	4.5228	0.22110	5.3172	5.9035	50.952	31.837	139.87	175.93	11.596	11.241	0.021688
127.04	2.6656	17.932	0.055767	3.1025	3.2511	30.050	29.198	137.02	316.81	1.5391	39.658	0.058393	0.00078435	4.5604	0.21928	5.3118	5.8963	50.872	31.912	142.20	175.81	11.552	11.278	0.021861
127.14	2.6793	17.882	0.055923	3.1132	3.2630	30.137	29.242	138.63	314.74	1.5630	39.451	0.058212	0.00076770	4.5985	0.21746	5.3064	5.8891	50.791	31.988	144.61	175.69	11.508	11.316	0.022038
127.25	2.6932	17.831	0.056082	3.1240	3.2750	30.226	29.288	140.30	312.65	1.5875	39.244	0.058031	0.00075109	4.6371	0.21565	5.3009	5.8816	50.709	32.066	147.11	175.57	11.463	11.355	0.022219
127.36	2.7070	17.780	0.056243	3.1349	3.2871	30.315	29.336	142.04	310.55	1.6125	39.036	0.057851	0.00073453	4.6763	0.21385	5.2952	5.8741	50.627	32.144	149.72	175.45	11.418	11.394	0.022405
127.47	2.7210	17.728	0.056407	3.1458	3.2993	30.404	29.384	143.84	308.44	1.6380	38.827	0.057672	0.00071802	4.7160	0.21204	5.2895	5.8664	50.543	32.224	152.43	175.32	11.373	11.433	0.022595
127.58	2.7349	17.676	0.056574	3.1569	3.3116	30.494	29.434	145.72	306.32	1.6641	38.616	0.057494	0.00070156	4.7564	0.21024	5.2836	5.8586	50.459	32.305	155.26	175.19	11.326	11.474	0.022791
127.68	2.7490	17.623	0.056744	3.1680	3.3239	30.585	29.486	147.68	304.18	1.6908	38.404	0.057317	0.00068515	4.7974	0.20845	5.2776	5.8506	50.373	32.387	158.20	175.07	11.280	11.515	0.022992
127.79	2.7631	17.570	0.056917	3.1791	3.3364	30.676	29.539	149.72	302.02	1.7182	38.191	0.057142	0.00066879	4.8390	0.20665	5.2715	5.8425	50.287	32.471	161.27	174.94	11.233	11.557	0.023199
127.90	2.7772	17.515	0.057093	3.1904	3.3490	30.768	29.593	151.85	299.85	1.7462	37.977	0.056967	0.00065248	4.8813	0.20486	5.2653	5.8342	50.199	32.556	164.48	174.81	11.185	11.599	0.023411
128.01	2.7914	17.461	0.057272	3.2018	3.3616	30.861	29.649	154.07	297.67	1.7749	37.762	0.056794	0.00063622	4.9242	0.20308	5.2589	5.8258	50.111	32.642	167.82	174.67	11.136	11.643	0.023629
128.12	2.8057	17.405	0.057454	3.2132	3.3744	30.954	29.707	156.40	295.47	1.8042	37.545	0.056623	0.00062002	4.9679	0.20129	5.2525	5.8172	50.021	32.730	171.33	174.54	11.087	11.687	0.023854
128.22	2.8200	17.349	0.057640	3.2248	3.3873	31.048	29.767	158.84	293.26	1.8343	37.326	0.056454	0.00060387	5.0124	0.19951	5.2458	5.8084	49.930	32.819	175.00	174.40	11.038	11.732	0.024086
128.33	2.8344	17.292	0.057830	3.2364	3.4003	31.143	29.829	161.39	291.03	1.8652	37.106	0.056286	0.00058777	5.0575	0.19772	5.2391	5.7995	49.838	32.911	178.84	174.27	10.987	11.778	0.024324
128.44	2.8488	17.234	0.058024	3.2481	3.4134	31.239	29.892	164.07	288.78	1.8968	36.885	0.056120	0.00057174	5.1035	0.19594	5.2322	5.7904	49.745	33.003	182.88	174.13	10.936	11.825	0.024571
128.55	2.8633	17.176	0.058221	3.2600	3.4267	31.335	29.958	166.88	286.51	1.9293	36.662	0.055957	0.00055576	5.1503	0.19416	5.2251	5.7811	49.651	33.098	187.12	173.99	10.884	11.872	0.024825
128.65	2.8779	17.117	0.058423	3.2719	3.4401	31.433	30.026	169.84	284.23	1.9626	36.437	0.055796	0.00053984	5.1980	0.19238	5.2179	5.7716	49.555	33.194	191.58	173.84	10.832	11.921	0.025087
128.76	2.8925	17.056	0.058629	3.2840	3.4536	31.531	30.095	172.96	281.93	1.9969	36.210	0.055638	0.00052398	5.2466	0.19060	5.2105	5.7618	49.458	33.292	196.27	173.70	10.779	11.971	0.025358
128.87	2.9072	16.995	0.058840	3.2962	3.4673	31.631	30.168	176.25	279.61	2.0320	35.981	0.055482	0.00050818	5.2960	0.18882	5.2030	5.7519	49.359	33.392	201.23	173.55	10.725	12.022	0.025639
128.98	2.9219	16.933	0.059055	3.3085	3.4811	31.731	30.242	179.72	277.27	2.0682	35.750	0.055330	0.00049244	5.3465	0.18704	5.1952	5.7418	49.259	33.494	206.46	173.40	10.670	12.074	0.025930
129.09	2.9367	16.870	0.059276	3.3210	3.4950	31.832	30.320	183.40	274.92	2.1054	35.517	0.055182	0.00047677	5.3980	0.18525	5.1873	5.7314	49.157	33.598	212.00	173.25	10.614	12.127	0.026231
129.19	2.9516	16.806	0.059502	3.3335	3.5092	31.935	30.399	187.29	272.54	2.1437	35.282	0.055038	0.00046117	5.4505	0.18347	5.1792	5.7207	49.053	33.704	217.87	173.10	10.557	12.181	0.026543
129.30	2.9665	16.741	0.059733	3.3463	3.5235	32.039	30.482	191.43	270.14	2.1831	35.044	0.054898	0.00044563	5.5042	0.18168	5.1709	5.7098	48.948	33.813	224.09	172.94	10.500	12.237	0.026867
129.41	2.9815	16.675	0.059971	3.3592	3.5380	32.144	30.568	195.84	267.72	2.2237	34.804	0.054763	0.00043016	5.5591	0.17989	5.1624	5.6987	48.841	33.924	230.71	172.79	10.441	12.294	0.027205
129.52	2.9965	16.607	0.060214	3.3722	3.5526	32.250	30.656	200.53	265.27	2.2655	34.561	0.054633	0.00041477	5.6151	0.17809	5.1536	5.6873	48.732	34.037	237.77	172.62	10.382	12.353	0.027556
129.62	3.0116	16.539	0.060465	3.3854	3.5675	32.358	30.749	205.55	262.81	2.3087	34.316	0.054509	0.00039944	5.6725	0.17629	5.1446	5.6755	48.621	34.153	245.30	172.46	10.321	12.413	0.027922
129.73	3.0268	16.468	0.060722	3.3988	3.5826	32.467	30.844	210.92	260.32	2.3533	34.067	0.054392	0.00038420	5.7312	0.17448	5.1354	5.6635	48.507	34.272	253.36	172.29	10.259	12.475	0.028303
129.84	3.0421	16.397	0.060987	3.4124	3.5979	32.578	30.943	216.69	257.80	2.3993	33.816	0.054283	0.00036903	5.7914	0.17267	5.1259	5.6511	48.392	34.394	262.00	172.12	10.196	12.539	0.028702
129.95	3.0574	16.324	0.061260	3.4262	3.6135	32.691	31.047	222.90	255.26	2.4469	33.560	0.054182	0.00035394	5.8532	0.17085	5.1161	5.6384	48.273	34.518	271.30	171.95	10.132	12.605	0.029120
130.06	3.0727	16.249	0.061541	3.4402	3.6293	32.805	31.154	229.60	252.68	2.4962	33.302	0.054090	0.00033893	5.9165	0.16902	5.1060	5.6253	48.153	34.646	281.31	171.77	10.066	12.672	0.029558
130.16	3.0882	16.173	0.061832	3.4544	3.6453	32.921	31.266	236.86	250.09	2.5472	33.039	0.054009	0.00032401	5.9816	0.16718	5.0956	5.6119	48.029	34.777	292.15	171.59	9.9988	12.742	0.030017
130.27	3.1037	16.095	0.062132	3.4689	3.6617	33.039	31.382	244.75	247.46	2.6001	32.773	0.053939	0.00030917	6.0485	0.16533	5.0849	5.5980	47.903	34.912	303.90	171.40	9.9301	12.814	0.030501
130.38	3.1192	16.014	0.062443	3.4836	3.6784	33.160	31.504	253.35	244.80	2.6550	32.502	0.053883	0.00029443	6.1174	0.16347	5.0738	5.5837	47.773	35.051	316.69	171.21	9.8598	12.889	0.031011
130.49	3.1348	15.932	0.062766	3.4986	3.6954	33.283	31.631	262.77	242.10	2.7119	32.226	0.053842	0.00027978	6.1885	0.16159	5.0623	5.5689	47.640	35.193	330.66	171.01	9.7878	12.966	0.031551
130.60	3.1505	15.848	0.063101	3.5139	3.7127	33.408	31.765	273.13	239.38	2.7712	31.945	0.053817	0.00026523	6.2618	0.15970	5.0504	5.5536	47.504	35.340	345.98	170.81	9.7140	13.046	0.032122
130.70	3.1663	15.761	0.063449	3.5296	3.7305	33.536	31.904	284.57	236.61	2.8329	31.659	0.053812	0.00025079	6.3376	0.15779	5.0381	5.5377	47.363	35.491	362.87	170.61	9.6381	13.129	0.032729
130.81	3.1822	15.671	0.063812	3.5456	3.7486	33.667	32.051	297.28	233.81	2.8972	31.367	0.053828	0.00023644	6.4160	0.15586	5.0253	5.5213	47.219	35.647	381.56	170.39	9.5601	13.216	0.033376
130.92	3.1981	15.578	0.064192	3.5619	3.7672	33.802	32.205	311.48	230.97	2.9643	31.068	0.053870	0.00022222	6.4974	0.15391	5.0119	5.5042	47.069	35.809	402.37	170.17	9.4798	13.307	0.034068
131.03	3.2141	15.483	0.064589	3.5788	3.7864	33.940	32.367	327.44	228.08	3.0345	30.762	0.053940	0.00020810	6.5819	0.15193	4.9980	5.4864	46.914	35.976	425.68	169.95	9.3970	13.401	0.034812
131.13	3.2301	15.383	0.065006	3.5961	3.8060	34.082	32.539	345.51	225.14	3.1081	30.448	0.054044	0.00019411	6.6700	0.14992	4.9835	5.4678	46.754	36.149	451.97	169.71	9.3114	13.501	0.035613
131.24	3.2462	15.280	0.065446	3.6139	3.8263	34.229	32.721	366.14	222.16	3.1852	30.125	0.054186	0.00018025	6.7620	0.14789	4.9683	5.4484	46.588	36.329	481.83	169.46	9.2228	13.605	0.036481
131.35	3.2624	15.172	0.065910	3.6323	3.8473	34.381	32.914	389.92	219.12	3.2664	29.792	0.054374	0.00016652	6.8583	0.14581	4.9523	5.4280	46.415	36.516	516.05	169.21	9.1309	13.715	0.037427
131.46	3.2787	15.059	0.066403	3.6514	3.8691	34.538	33.119	417.60	216.03	3.3520	29.448	0.054615	0.00015294	6.9594	0.14369	4.9354	5.4066	46.234	36.711	555.66	168.94	9.0352	13.832	0.038464
131.57	3.2951	14.941	0.066929	3.6712	3.8917	34.702	33.339	450.24	212.87	3.4425	29.091	0.054921	0.00013951	7.0661	0.14152	4.9176	5.3839	46.044	36.915	602.04	168.66	8.9353	13.956	0.039609
131.67	3.3115	14.816	0.067493	3.6919	3.9154	34.874	33.575	489.25	209.64	3.5385	28.720	0.055307	0.00012625	7.1791	0.13929	4.8987	5.3599	45.844	37.128	657.06	168.36	8.8307	14.089	0.040886
131.78	3.3280	14.684	0.068101	3.7136	3.9403	35.054	33.830	536.70	206.34	3.6407	28.332	0.055790	0.00011317	7.2994	0.13700	4.8784	5.3344	45.633	37.352	723.39	168.05	8.7206	14.233	0.042323
131.89	3.3446	14.543	0.068762	3.7366	3.9665	35.244	34.106	595.60	202.94	3.7500	27.925	0.056398	0.00010027	7.4283	0.13462	4.8567	5.3069	45.407	37.588	804.88	167.72	8.6042	14.388	0.043962
132.00	3.3613	14.391	0.069488	3.7609	3.9945	35.448	34.409	670.53	199.45	3.8676	27.493	0.057171	8.7593e-05	7.5675	0.13214	4.8332	5.2773	45.166	37.839	907.36	167.36	8.4803	14.557	0.045860
132.11	3.3781	14.226	0.070294	3.7871	4.0246	35.666	34.743	768.93	195.85	3.9949	27.033	0.058166	7.5144e-05	7.7193	0.12954	4.8074	5.2450	44.905	38.105	1040.1	166.97	8.3474	14.745	0.047456
132.21	3.3949	14.044	0.071204	3.8155	4.0573	35.905	35.116	903.47	192.11	4.1341	26.536	0.059480	6.2956e-05	7.8870	0.12679	4.7790	5.2094	44.619	38.391	1218.6	166.55	8.2033	14.956	0.048226
132.32	3.4119	13.841	0.072251	3.8470	4.0935	36.169	35.538	1097.7	188.21	4.2880	25.991	0.061276	5.1067e-05	8.0754	0.12383	4.7470	5.1695	44.301	38.699	1471.3	166.08	8.0449	15.197	0.049104
132.43	3.4289	13.607	0.073492	3.8825	4.1345	36.470	36.026	1400.5	184.10	4.4614	25.380	0.063867	3.9526e-05	8.2922	0.12060	4.7101	5.1236	43.939	39.034	1855.7	165.55	7.8673	15.480	0.050130
132.54	3.4461	13.328	0.075029	3.9244	4.1829	36.826	36.609	1931.5	179.73	4.6620	24.674	0.067931	2.8409e-05	8.5508	0.11695	4.6662	5.0692	43.513	39.404	2508.5	164.94	7.6620	15.828	0.051378
132.64	3.4633	12.974	0.077078	3.9768	4.2438	37.275	37.339	3070.7	174.97	4.9056	23.808	0.075316	1.7836e-05	8.8791	0.11262	4.6107	5.0008	42.982	39.819	3849.9	164.20	7.4119	16.284	0.052999
132.75	3.4807	12.458	0.080269	4.0523	4.3317	37.927	38.346	6880.7	169.59	5.2358	22.612	0.072660	8.0486e-06	9.3537	0.10691	4.5312	4.9034	42.233	40.288	8055.9	163.25	7.0717	16.976	0.055413
132.86	3.4982	10.850	0.092166	4.2912	4.6136	40.039	undefined	undefined	undefined	6.1475	19.359	undefined	1.5109e-18	10.850	0.092166	4.2912	4.6136	40.039	undefined	undefined	undefined	6.1475	19.359	undefined
